solid rotatingSphere
  facet normal 8.71532091e-02 7.62491779e-03 9.96165739e-01
    outer loop
      vertex 0.00000000e+00 0.00000000e+00 3.00000000e-02
      vertex 5.20944533e-03 0.00000000e+00 2.95442326e-02
      vertex 5.13030215e-03 9.04610688e-04 2.95442326e-02
    endloop
  endfacet
  facet normal 8.45051030e-02 2.26430741e-02 9.96165739e-01
    outer loop
      vertex 0.00000000e+00 0.00000000e+00 3.00000000e-02
      vertex 5.13030215e-03 9.04610688e-04 2.95442326e-02
      vertex 4.89527733e-03 1.78173524e-03 2.95442326e-02
    endloop
  endfacet
  facet normal 7.92893520e-02 3.69732321e-02 9.96165739e-01
    outer loop
      vertex 0.00000000e+00 0.00000000e+00 3.00000000e-02
      vertex 4.89527733e-03 1.78173524e-03 2.95442326e-02
      vertex 4.51151200e-03 2.60472267e-03 2.95442326e-02
    endloop
  endfacet
  facet normal 7.16644342e-02 5.01799771e-02 9.96165739e-01
    outer loop
      vertex 0.00000000e+00 0.00000000e+00 3.00000000e-02
      vertex 4.51151200e-03 2.60472267e-03 2.95442326e-02
      vertex 3.99066665e-03 3.34856691e-03 2.95442326e-02
    endloop
  endfacet
  facet normal 6.18620289e-02 6.18620289e-02 9.96165739e-01
    outer loop
      vertex 0.00000000e+00 0.00000000e+00 3.00000000e-02
      vertex 3.99066665e-03 3.34856691e-03 2.95442326e-02
      vertex 3.34856691e-03 3.99066665e-03 2.95442326e-02
    endloop
  endfacet
  facet normal 5.01799771e-02 7.16644342e-02 9.96165739e-01
    outer loop
      vertex 0.00000000e+00 0.00000000e+00 3.00000000e-02
      vertex 3.34856691e-03 3.99066665e-03 2.95442326e-02
      vertex 2.60472267e-03 4.51151200e-03 2.95442326e-02
    endloop
  endfacet
  facet normal 3.69732321e-02 7.92893520e-02 9.96165739e-01
    outer loop
      vertex 0.00000000e+00 0.00000000e+00 3.00000000e-02
      vertex 2.60472267e-03 4.51151200e-03 2.95442326e-02
      vertex 1.78173524e-03 4.89527733e-03 2.95442326e-02
    endloop
  endfacet
  facet normal 2.26430741e-02 8.45051030e-02 9.96165739e-01
    outer loop
      vertex 0.00000000e+00 0.00000000e+00 3.00000000e-02
      vertex 1.78173524e-03 4.89527733e-03 2.95442326e-02
      vertex 9.04610688e-04 5.13030215e-03 2.95442326e-02
    endloop
  endfacet
  facet normal 7.62491779e-03 8.71532091e-02 9.96165739e-01
    outer loop
      vertex 0.00000000e+00 0.00000000e+00 3.00000000e-02
      vertex 9.04610688e-04 5.13030215e-03 2.95442326e-02
      vertex 3.18986527e-19 5.20944533e-03 2.95442326e-02
    endloop
  endfacet
  facet normal -7.62491779e-03 8.71532091e-02 9.96165739e-01
    outer loop
      vertex 0.00000000e+00 0.00000000e+00 3.00000000e-02
      vertex 3.18986527e-19 5.20944533e-03 2.95442326e-02
      vertex -9.04610688e-04 5.13030215e-03 2.95442326e-02
    endloop
  endfacet
  facet normal -2.26430741e-02 8.45051030e-02 9.96165739e-01
    outer loop
      vertex -0.00000000e+00 0.00000000e+00 3.00000000e-02
      vertex -9.04610688e-04 5.13030215e-03 2.95442326e-02
      vertex -1.78173524e-03 4.89527733e-03 2.95442326e-02
    endloop
  endfacet
  facet normal -3.69732321e-02 7.92893520e-02 9.96165739e-01
    outer loop
      vertex -0.00000000e+00 0.00000000e+00 3.00000000e-02
      vertex -1.78173524e-03 4.89527733e-03 2.95442326e-02
      vertex -2.60472267e-03 4.51151200e-03 2.95442326e-02
    endloop
  endfacet
  facet normal -5.01799771e-02 7.16644342e-02 9.96165739e-01
    outer loop
      vertex -0.00000000e+00 0.00000000e+00 3.00000000e-02
      vertex -2.60472267e-03 4.51151200e-03 2.95442326e-02
      vertex -3.34856691e-03 3.99066665e-03 2.95442326e-02
    endloop
  endfacet
  facet normal -6.18620289e-02 6.18620289e-02 9.96165739e-01
    outer loop
      vertex -0.00000000e+00 0.00000000e+00 3.00000000e-02
      vertex -3.34856691e-03 3.99066665e-03 2.95442326e-02
      vertex -3.99066665e-03 3.34856691e-03 2.95442326e-02
    endloop
  endfacet
  facet normal -7.16644342e-02 5.01799771e-02 9.96165739e-01
    outer loop
      vertex -0.00000000e+00 0.00000000e+00 3.00000000e-02
      vertex -3.99066665e-03 3.34856691e-03 2.95442326e-02
      vertex -4.51151200e-03 2.60472267e-03 2.95442326e-02
    endloop
  endfacet
  facet normal -7.92893520e-02 3.69732321e-02 9.96165739e-01
    outer loop
      vertex -0.00000000e+00 0.00000000e+00 3.00000000e-02
      vertex -4.51151200e-03 2.60472267e-03 2.95442326e-02
      vertex -4.89527733e-03 1.78173524e-03 2.95442326e-02
    endloop
  endfacet
  facet normal -8.45051030e-02 2.26430741e-02 9.96165739e-01
    outer loop
      vertex -0.00000000e+00 0.00000000e+00 3.00000000e-02
      vertex -4.89527733e-03 1.78173524e-03 2.95442326e-02
      vertex -5.13030215e-03 9.04610688e-04 2.95442326e-02
    endloop
  endfacet
  facet normal -8.71532091e-02 7.62491779e-03 9.96165739e-01
    outer loop
      vertex -0.00000000e+00 0.00000000e+00 3.00000000e-02
      vertex -5.13030215e-03 9.04610688e-04 2.95442326e-02
      vertex -5.20944533e-03 6.37973055e-19 2.95442326e-02
    endloop
  endfacet
  facet normal -8.71532091e-02 -7.62491779e-03 9.96165739e-01
    outer loop
      vertex -0.00000000e+00 0.00000000e+00 3.00000000e-02
      vertex -5.20944533e-03 6.37973055e-19 2.95442326e-02
      vertex -5.13030215e-03 -9.04610688e-04 2.95442326e-02
    endloop
  endfacet
  facet normal -8.45051030e-02 -2.26430741e-02 9.96165739e-01
    outer loop
      vertex -0.00000000e+00 -0.00000000e+00 3.00000000e-02
      vertex -5.13030215e-03 -9.04610688e-04 2.95442326e-02
      vertex -4.89527733e-03 -1.78173524e-03 2.95442326e-02
    endloop
  endfacet
  facet normal -7.92893520e-02 -3.69732321e-02 9.96165739e-01
    outer loop
      vertex -0.00000000e+00 -0.00000000e+00 3.00000000e-02
      vertex -4.89527733e-03 -1.78173524e-03 2.95442326e-02
      vertex -4.51151200e-03 -2.60472267e-03 2.95442326e-02
    endloop
  endfacet
  facet normal -7.16644342e-02 -5.01799771e-02 9.96165739e-01
    outer loop
      vertex -0.00000000e+00 -0.00000000e+00 3.00000000e-02
      vertex -4.51151200e-03 -2.60472267e-03 2.95442326e-02
      vertex -3.99066665e-03 -3.34856691e-03 2.95442326e-02
    endloop
  endfacet
  facet normal -6.18620289e-02 -6.18620289e-02 9.96165739e-01
    outer loop
      vertex -0.00000000e+00 -0.00000000e+00 3.00000000e-02
      vertex -3.99066665e-03 -3.34856691e-03 2.95442326e-02
      vertex -3.34856691e-03 -3.99066665e-03 2.95442326e-02
    endloop
  endfacet
  facet normal -5.01799771e-02 -7.16644342e-02 9.96165739e-01
    outer loop
      vertex -0.00000000e+00 -0.00000000e+00 3.00000000e-02
      vertex -3.34856691e-03 -3.99066665e-03 2.95442326e-02
      vertex -2.60472267e-03 -4.51151200e-03 2.95442326e-02
    endloop
  endfacet
  facet normal -3.69732321e-02 -7.92893520e-02 9.96165739e-01
    outer loop
      vertex -0.00000000e+00 -0.00000000e+00 3.00000000e-02
      vertex -2.60472267e-03 -4.51151200e-03 2.95442326e-02
      vertex -1.78173524e-03 -4.89527733e-03 2.95442326e-02
    endloop
  endfacet
  facet normal -2.26430741e-02 -8.45051030e-02 9.96165739e-01
    outer loop
      vertex -0.00000000e+00 -0.00000000e+00 3.00000000e-02
      vertex -1.78173524e-03 -4.89527733e-03 2.95442326e-02
      vertex -9.04610688e-04 -5.13030215e-03 2.95442326e-02
    endloop
  endfacet
  facet normal -7.62491779e-03 -8.71532091e-02 9.96165739e-01
    outer loop
      vertex -0.00000000e+00 -0.00000000e+00 3.00000000e-02
      vertex -9.04610688e-04 -5.13030215e-03 2.95442326e-02
      vertex -9.56959582e-19 -5.20944533e-03 2.95442326e-02
    endloop
  endfacet
  facet normal 7.62491779e-03 -8.71532091e-02 9.96165739e-01
    outer loop
      vertex -0.00000000e+00 -0.00000000e+00 3.00000000e-02
      vertex -9.56959582e-19 -5.20944533e-03 2.95442326e-02
      vertex 9.04610688e-04 -5.13030215e-03 2.95442326e-02
    endloop
  endfacet
  facet normal 2.26430741e-02 -8.45051030e-02 9.96165739e-01
    outer loop
      vertex 0.00000000e+00 -0.00000000e+00 3.00000000e-02
      vertex 9.04610688e-04 -5.13030215e-03 2.95442326e-02
      vertex 1.78173524e-03 -4.89527733e-03 2.95442326e-02
    endloop
  endfacet
  facet normal 3.69732321e-02 -7.92893520e-02 9.96165739e-01
    outer loop
      vertex 0.00000000e+00 -0.00000000e+00 3.00000000e-02
      vertex 1.78173524e-03 -4.89527733e-03 2.95442326e-02
      vertex 2.60472267e-03 -4.51151200e-03 2.95442326e-02
    endloop
  endfacet
  facet normal 5.01799771e-02 -7.16644342e-02 9.96165739e-01
    outer loop
      vertex 0.00000000e+00 -0.00000000e+00 3.00000000e-02
      vertex 2.60472267e-03 -4.51151200e-03 2.95442326e-02
      vertex 3.34856691e-03 -3.99066665e-03 2.95442326e-02
    endloop
  endfacet
  facet normal 6.18620289e-02 -6.18620289e-02 9.96165739e-01
    outer loop
      vertex 0.00000000e+00 -0.00000000e+00 3.00000000e-02
      vertex 3.34856691e-03 -3.99066665e-03 2.95442326e-02
      vertex 3.99066665e-03 -3.34856691e-03 2.95442326e-02
    endloop
  endfacet
  facet normal 7.16644342e-02 -5.01799771e-02 9.96165739e-01
    outer loop
      vertex 0.00000000e+00 -0.00000000e+00 3.00000000e-02
      vertex 3.99066665e-03 -3.34856691e-03 2.95442326e-02
      vertex 4.51151200e-03 -2.60472267e-03 2.95442326e-02
    endloop
  endfacet
  facet normal 7.92893520e-02 -3.69732321e-02 9.96165739e-01
    outer loop
      vertex 0.00000000e+00 -0.00000000e+00 3.00000000e-02
      vertex 4.51151200e-03 -2.60472267e-03 2.95442326e-02
      vertex 4.89527733e-03 -1.78173524e-03 2.95442326e-02
    endloop
  endfacet
  facet normal 8.45051030e-02 -2.26430741e-02 9.96165739e-01
    outer loop
      vertex 0.00000000e+00 -0.00000000e+00 3.00000000e-02
      vertex 4.89527733e-03 -1.78173524e-03 2.95442326e-02
      vertex 5.13030215e-03 -9.04610688e-04 2.95442326e-02
    endloop
  endfacet
  facet normal 8.71532091e-02 -7.62491779e-03 9.96165739e-01
    outer loop
      vertex 0.00000000e+00 -0.00000000e+00 3.00000000e-02
      vertex 5.13030215e-03 -9.04610688e-04 2.95442326e-02
      vertex 5.20944533e-03 0.00000000e+00 2.95442326e-02
    endloop
  endfacet
  facet normal 2.58752717e-01 2.26379294e-02 9.65678288e-01
    outer loop
      vertex 5.20944533e-03 0.00000000e+00 2.95442326e-02
      vertex 1.02606043e-02 0.00000000e+00 2.81907786e-02
      vertex 1.01047227e-02 1.78173524e-03 2.81907786e-02
    endloop
  endfacet
  facet normal 2.58752717e-01 2.26379294e-02 9.65678288e-01
    outer loop
      vertex 5.20944533e-03 0.00000000e+00 2.95442326e-02
      vertex 1.01047227e-02 1.78173524e-03 2.81907786e-02
      vertex 5.13030215e-03 9.04610688e-04 2.95442326e-02
    endloop
  endfacet
  facet normal 2.50890647e-01 6.72259462e-02 9.65678288e-01
    outer loop
      vertex 5.13030215e-03 9.04610688e-04 2.95442326e-02
      vertex 1.01047227e-02 1.78173524e-03 2.81907786e-02
      vertex 9.64181415e-03 3.50933335e-03 2.81907786e-02
    endloop
  endfacet
  facet normal 2.50890647e-01 6.72259462e-02 9.65678288e-01
    outer loop
      vertex 5.13030215e-03 9.04610688e-04 2.95442326e-02
      vertex 9.64181415e-03 3.50933335e-03 2.81907786e-02
      vertex 4.89527733e-03 1.78173524e-03 2.95442326e-02
    endloop
  endfacet
  facet normal 2.35405391e-01 1.09771337e-01 9.65678288e-01
    outer loop
      vertex 4.89527733e-03 1.78173524e-03 2.95442326e-02
      vertex 9.64181415e-03 3.50933335e-03 2.81907786e-02
      vertex 8.88594398e-03 5.13030215e-03 2.81907786e-02
    endloop
  endfacet
  facet normal 2.35405391e-01 1.09771337e-01 9.65678288e-01
    outer loop
      vertex 4.89527733e-03 1.78173524e-03 2.95442326e-02
      vertex 8.88594398e-03 5.13030215e-03 2.81907786e-02
      vertex 4.51151200e-03 2.60472267e-03 2.95442326e-02
    endloop
  endfacet
  facet normal 2.12767462e-01 1.48981381e-01 9.65678288e-01
    outer loop
      vertex 4.51151200e-03 2.60472267e-03 2.95442326e-02
      vertex 8.88594398e-03 5.13030215e-03 2.81907786e-02
      vertex 7.86007891e-03 6.59538931e-03 2.81907786e-02
    endloop
  endfacet
  facet normal 2.12767462e-01 1.48981381e-01 9.65678288e-01
    outer loop
      vertex 4.51151200e-03 2.60472267e-03 2.95442326e-02
      vertex 7.86007891e-03 6.59538931e-03 2.81907786e-02
      vertex 3.99066665e-03 3.34856691e-03 2.95442326e-02
    endloop
  endfacet
  facet normal 1.83664701e-01 1.83664701e-01 9.65678288e-01
    outer loop
      vertex 3.99066665e-03 3.34856691e-03 2.95442326e-02
      vertex 7.86007891e-03 6.59538931e-03 2.81907786e-02
      vertex 6.59538931e-03 7.86007891e-03 2.81907786e-02
    endloop
  endfacet
  facet normal 1.83664701e-01 1.83664701e-01 9.65678288e-01
    outer loop
      vertex 3.99066665e-03 3.34856691e-03 2.95442326e-02
      vertex 6.59538931e-03 7.86007891e-03 2.81907786e-02
      vertex 3.34856691e-03 3.99066665e-03 2.95442326e-02
    endloop
  endfacet
  facet normal 1.48981381e-01 2.12767462e-01 9.65678288e-01
    outer loop
      vertex 3.34856691e-03 3.99066665e-03 2.95442326e-02
      vertex 6.59538931e-03 7.86007891e-03 2.81907786e-02
      vertex 5.13030215e-03 8.88594398e-03 2.81907786e-02
    endloop
  endfacet
  facet normal 1.48981381e-01 2.12767462e-01 9.65678288e-01
    outer loop
      vertex 3.34856691e-03 3.99066665e-03 2.95442326e-02
      vertex 5.13030215e-03 8.88594398e-03 2.81907786e-02
      vertex 2.60472267e-03 4.51151200e-03 2.95442326e-02
    endloop
  endfacet
  facet normal 1.09771337e-01 2.35405391e-01 9.65678288e-01
    outer loop
      vertex 2.60472267e-03 4.51151200e-03 2.95442326e-02
      vertex 5.13030215e-03 8.88594398e-03 2.81907786e-02
      vertex 3.50933335e-03 9.64181415e-03 2.81907786e-02
    endloop
  endfacet
  facet normal 1.09771337e-01 2.35405391e-01 9.65678288e-01
    outer loop
      vertex 2.60472267e-03 4.51151200e-03 2.95442326e-02
      vertex 3.50933335e-03 9.64181415e-03 2.81907786e-02
      vertex 1.78173524e-03 4.89527733e-03 2.95442326e-02
    endloop
  endfacet
  facet normal 6.72259462e-02 2.50890647e-01 9.65678288e-01
    outer loop
      vertex 1.78173524e-03 4.89527733e-03 2.95442326e-02
      vertex 3.50933335e-03 9.64181415e-03 2.81907786e-02
      vertex 1.78173524e-03 1.01047227e-02 2.81907786e-02
    endloop
  endfacet
  facet normal 6.72259462e-02 2.50890647e-01 9.65678288e-01
    outer loop
      vertex 1.78173524e-03 4.89527733e-03 2.95442326e-02
      vertex 1.78173524e-03 1.01047227e-02 2.81907786e-02
      vertex 9.04610688e-04 5.13030215e-03 2.95442326e-02
    endloop
  endfacet
  facet normal 2.26379294e-02 2.58752717e-01 9.65678288e-01
    outer loop
      vertex 9.04610688e-04 5.13030215e-03 2.95442326e-02
      vertex 1.78173524e-03 1.01047227e-02 2.81907786e-02
      vertex 6.28280811e-19 1.02606043e-02 2.81907786e-02
    endloop
  endfacet
  facet normal 2.26379294e-02 2.58752717e-01 9.65678288e-01
    outer loop
      vertex 9.04610688e-04 5.13030215e-03 2.95442326e-02
      vertex 6.28280811e-19 1.02606043e-02 2.81907786e-02
      vertex 3.18986527e-19 5.20944533e-03 2.95442326e-02
    endloop
  endfacet
  facet normal -2.26379294e-02 2.58752717e-01 9.65678288e-01
    outer loop
      vertex 3.18986527e-19 5.20944533e-03 2.95442326e-02
      vertex 6.28280811e-19 1.02606043e-02 2.81907786e-02
      vertex -1.78173524e-03 1.01047227e-02 2.81907786e-02
    endloop
  endfacet
  facet normal -2.26379294e-02 2.58752717e-01 9.65678288e-01
    outer loop
      vertex 3.18986527e-19 5.20944533e-03 2.95442326e-02
      vertex -1.78173524e-03 1.01047227e-02 2.81907786e-02
      vertex -9.04610688e-04 5.13030215e-03 2.95442326e-02
    endloop
  endfacet
  facet normal -6.72259462e-02 2.50890647e-01 9.65678288e-01
    outer loop
      vertex -9.04610688e-04 5.13030215e-03 2.95442326e-02
      vertex -1.78173524e-03 1.01047227e-02 2.81907786e-02
      vertex -3.50933335e-03 9.64181415e-03 2.81907786e-02
    endloop
  endfacet
  facet normal -6.72259462e-02 2.50890647e-01 9.65678288e-01
    outer loop
      vertex -9.04610688e-04 5.13030215e-03 2.95442326e-02
      vertex -3.50933335e-03 9.64181415e-03 2.81907786e-02
      vertex -1.78173524e-03 4.89527733e-03 2.95442326e-02
    endloop
  endfacet
  facet normal -1.09771337e-01 2.35405391e-01 9.65678288e-01
    outer loop
      vertex -1.78173524e-03 4.89527733e-03 2.95442326e-02
      vertex -3.50933335e-03 9.64181415e-03 2.81907786e-02
      vertex -5.13030215e-03 8.88594398e-03 2.81907786e-02
    endloop
  endfacet
  facet normal -1.09771337e-01 2.35405391e-01 9.65678288e-01
    outer loop
      vertex -1.78173524e-03 4.89527733e-03 2.95442326e-02
      vertex -5.13030215e-03 8.88594398e-03 2.81907786e-02
      vertex -2.60472267e-03 4.51151200e-03 2.95442326e-02
    endloop
  endfacet
  facet normal -1.48981381e-01 2.12767462e-01 9.65678288e-01
    outer loop
      vertex -2.60472267e-03 4.51151200e-03 2.95442326e-02
      vertex -5.13030215e-03 8.88594398e-03 2.81907786e-02
      vertex -6.59538931e-03 7.86007891e-03 2.81907786e-02
    endloop
  endfacet
  facet normal -1.48981381e-01 2.12767462e-01 9.65678288e-01
    outer loop
      vertex -2.60472267e-03 4.51151200e-03 2.95442326e-02
      vertex -6.59538931e-03 7.86007891e-03 2.81907786e-02
      vertex -3.34856691e-03 3.99066665e-03 2.95442326e-02
    endloop
  endfacet
  facet normal -1.83664701e-01 1.83664701e-01 9.65678288e-01
    outer loop
      vertex -3.34856691e-03 3.99066665e-03 2.95442326e-02
      vertex -6.59538931e-03 7.86007891e-03 2.81907786e-02
      vertex -7.86007891e-03 6.59538931e-03 2.81907786e-02
    endloop
  endfacet
  facet normal -1.83664701e-01 1.83664701e-01 9.65678288e-01
    outer loop
      vertex -3.34856691e-03 3.99066665e-03 2.95442326e-02
      vertex -7.86007891e-03 6.59538931e-03 2.81907786e-02
      vertex -3.99066665e-03 3.34856691e-03 2.95442326e-02
    endloop
  endfacet
  facet normal -2.12767462e-01 1.48981381e-01 9.65678288e-01
    outer loop
      vertex -3.99066665e-03 3.34856691e-03 2.95442326e-02
      vertex -7.86007891e-03 6.59538931e-03 2.81907786e-02
      vertex -8.88594398e-03 5.13030215e-03 2.81907786e-02
    endloop
  endfacet
  facet normal -2.12767462e-01 1.48981381e-01 9.65678288e-01
    outer loop
      vertex -3.99066665e-03 3.34856691e-03 2.95442326e-02
      vertex -8.88594398e-03 5.13030215e-03 2.81907786e-02
      vertex -4.51151200e-03 2.60472267e-03 2.95442326e-02
    endloop
  endfacet
  facet normal -2.35405391e-01 1.09771337e-01 9.65678288e-01
    outer loop
      vertex -4.51151200e-03 2.60472267e-03 2.95442326e-02
      vertex -8.88594398e-03 5.13030215e-03 2.81907786e-02
      vertex -9.64181415e-03 3.50933335e-03 2.81907786e-02
    endloop
  endfacet
  facet normal -2.35405391e-01 1.09771337e-01 9.65678288e-01
    outer loop
      vertex -4.51151200e-03 2.60472267e-03 2.95442326e-02
      vertex -9.64181415e-03 3.50933335e-03 2.81907786e-02
      vertex -4.89527733e-03 1.78173524e-03 2.95442326e-02
    endloop
  endfacet
  facet normal -2.50890647e-01 6.72259462e-02 9.65678288e-01
    outer loop
      vertex -4.89527733e-03 1.78173524e-03 2.95442326e-02
      vertex -9.64181415e-03 3.50933335e-03 2.81907786e-02
      vertex -1.01047227e-02 1.78173524e-03 2.81907786e-02
    endloop
  endfacet
  facet normal -2.50890647e-01 6.72259462e-02 9.65678288e-01
    outer loop
      vertex -4.89527733e-03 1.78173524e-03 2.95442326e-02
      vertex -1.01047227e-02 1.78173524e-03 2.81907786e-02
      vertex -5.13030215e-03 9.04610688e-04 2.95442326e-02
    endloop
  endfacet
  facet normal -2.58752717e-01 2.26379294e-02 9.65678288e-01
    outer loop
      vertex -5.13030215e-03 9.04610688e-04 2.95442326e-02
      vertex -1.01047227e-02 1.78173524e-03 2.81907786e-02
      vertex -1.02606043e-02 1.25656162e-18 2.81907786e-02
    endloop
  endfacet
  facet normal -2.58752717e-01 2.26379294e-02 9.65678288e-01
    outer loop
      vertex -5.13030215e-03 9.04610688e-04 2.95442326e-02
      vertex -1.02606043e-02 1.25656162e-18 2.81907786e-02
      vertex -5.20944533e-03 6.37973055e-19 2.95442326e-02
    endloop
  endfacet
  facet normal -2.58752717e-01 -2.26379294e-02 9.65678288e-01
    outer loop
      vertex -5.20944533e-03 6.37973055e-19 2.95442326e-02
      vertex -1.02606043e-02 1.25656162e-18 2.81907786e-02
      vertex -1.01047227e-02 -1.78173524e-03 2.81907786e-02
    endloop
  endfacet
  facet normal -2.58752717e-01 -2.26379294e-02 9.65678288e-01
    outer loop
      vertex -5.20944533e-03 6.37973055e-19 2.95442326e-02
      vertex -1.01047227e-02 -1.78173524e-03 2.81907786e-02
      vertex -5.13030215e-03 -9.04610688e-04 2.95442326e-02
    endloop
  endfacet
  facet normal -2.50890647e-01 -6.72259462e-02 9.65678288e-01
    outer loop
      vertex -5.13030215e-03 -9.04610688e-04 2.95442326e-02
      vertex -1.01047227e-02 -1.78173524e-03 2.81907786e-02
      vertex -9.64181415e-03 -3.50933335e-03 2.81907786e-02
    endloop
  endfacet
  facet normal -2.50890647e-01 -6.72259462e-02 9.65678288e-01
    outer loop
      vertex -5.13030215e-03 -9.04610688e-04 2.95442326e-02
      vertex -9.64181415e-03 -3.50933335e-03 2.81907786e-02
      vertex -4.89527733e-03 -1.78173524e-03 2.95442326e-02
    endloop
  endfacet
  facet normal -2.35405391e-01 -1.09771337e-01 9.65678288e-01
    outer loop
      vertex -4.89527733e-03 -1.78173524e-03 2.95442326e-02
      vertex -9.64181415e-03 -3.50933335e-03 2.81907786e-02
      vertex -8.88594398e-03 -5.13030215e-03 2.81907786e-02
    endloop
  endfacet
  facet normal -2.35405391e-01 -1.09771337e-01 9.65678288e-01
    outer loop
      vertex -4.89527733e-03 -1.78173524e-03 2.95442326e-02
      vertex -8.88594398e-03 -5.13030215e-03 2.81907786e-02
      vertex -4.51151200e-03 -2.60472267e-03 2.95442326e-02
    endloop
  endfacet
  facet normal -2.12767462e-01 -1.48981381e-01 9.65678288e-01
    outer loop
      vertex -4.51151200e-03 -2.60472267e-03 2.95442326e-02
      vertex -8.88594398e-03 -5.13030215e-03 2.81907786e-02
      vertex -7.86007891e-03 -6.59538931e-03 2.81907786e-02
    endloop
  endfacet
  facet normal -2.12767462e-01 -1.48981381e-01 9.65678288e-01
    outer loop
      vertex -4.51151200e-03 -2.60472267e-03 2.95442326e-02
      vertex -7.86007891e-03 -6.59538931e-03 2.81907786e-02
      vertex -3.99066665e-03 -3.34856691e-03 2.95442326e-02
    endloop
  endfacet
  facet normal -1.83664701e-01 -1.83664701e-01 9.65678288e-01
    outer loop
      vertex -3.99066665e-03 -3.34856691e-03 2.95442326e-02
      vertex -7.86007891e-03 -6.59538931e-03 2.81907786e-02
      vertex -6.59538931e-03 -7.86007891e-03 2.81907786e-02
    endloop
  endfacet
  facet normal -1.83664701e-01 -1.83664701e-01 9.65678288e-01
    outer loop
      vertex -3.99066665e-03 -3.34856691e-03 2.95442326e-02
      vertex -6.59538931e-03 -7.86007891e-03 2.81907786e-02
      vertex -3.34856691e-03 -3.99066665e-03 2.95442326e-02
    endloop
  endfacet
  facet normal -1.48981381e-01 -2.12767462e-01 9.65678288e-01
    outer loop
      vertex -3.34856691e-03 -3.99066665e-03 2.95442326e-02
      vertex -6.59538931e-03 -7.86007891e-03 2.81907786e-02
      vertex -5.13030215e-03 -8.88594398e-03 2.81907786e-02
    endloop
  endfacet
  facet normal -1.48981381e-01 -2.12767462e-01 9.65678288e-01
    outer loop
      vertex -3.34856691e-03 -3.99066665e-03 2.95442326e-02
      vertex -5.13030215e-03 -8.88594398e-03 2.81907786e-02
      vertex -2.60472267e-03 -4.51151200e-03 2.95442326e-02
    endloop
  endfacet
  facet normal -1.09771337e-01 -2.35405391e-01 9.65678288e-01
    outer loop
      vertex -2.60472267e-03 -4.51151200e-03 2.95442326e-02
      vertex -5.13030215e-03 -8.88594398e-03 2.81907786e-02
      vertex -3.50933335e-03 -9.64181415e-03 2.81907786e-02
    endloop
  endfacet
  facet normal -1.09771337e-01 -2.35405391e-01 9.65678288e-01
    outer loop
      vertex -2.60472267e-03 -4.51151200e-03 2.95442326e-02
      vertex -3.50933335e-03 -9.64181415e-03 2.81907786e-02
      vertex -1.78173524e-03 -4.89527733e-03 2.95442326e-02
    endloop
  endfacet
  facet normal -6.72259462e-02 -2.50890647e-01 9.65678288e-01
    outer loop
      vertex -1.78173524e-03 -4.89527733e-03 2.95442326e-02
      vertex -3.50933335e-03 -9.64181415e-03 2.81907786e-02
      vertex -1.78173524e-03 -1.01047227e-02 2.81907786e-02
    endloop
  endfacet
  facet normal -6.72259462e-02 -2.50890647e-01 9.65678288e-01
    outer loop
      vertex -1.78173524e-03 -4.89527733e-03 2.95442326e-02
      vertex -1.78173524e-03 -1.01047227e-02 2.81907786e-02
      vertex -9.04610688e-04 -5.13030215e-03 2.95442326e-02
    endloop
  endfacet
  facet normal -2.26379294e-02 -2.58752717e-01 9.65678288e-01
    outer loop
      vertex -9.04610688e-04 -5.13030215e-03 2.95442326e-02
      vertex -1.78173524e-03 -1.01047227e-02 2.81907786e-02
      vertex -1.88484243e-18 -1.02606043e-02 2.81907786e-02
    endloop
  endfacet
  facet normal -2.26379294e-02 -2.58752717e-01 9.65678288e-01
    outer loop
      vertex -9.04610688e-04 -5.13030215e-03 2.95442326e-02
      vertex -1.88484243e-18 -1.02606043e-02 2.81907786e-02
      vertex -9.56959582e-19 -5.20944533e-03 2.95442326e-02
    endloop
  endfacet
  facet normal 2.26379294e-02 -2.58752717e-01 9.65678288e-01
    outer loop
      vertex -9.56959582e-19 -5.20944533e-03 2.95442326e-02
      vertex -1.88484243e-18 -1.02606043e-02 2.81907786e-02
      vertex 1.78173524e-03 -1.01047227e-02 2.81907786e-02
    endloop
  endfacet
  facet normal 2.26379294e-02 -2.58752717e-01 9.65678288e-01
    outer loop
      vertex -9.56959582e-19 -5.20944533e-03 2.95442326e-02
      vertex 1.78173524e-03 -1.01047227e-02 2.81907786e-02
      vertex 9.04610688e-04 -5.13030215e-03 2.95442326e-02
    endloop
  endfacet
  facet normal 6.72259462e-02 -2.50890647e-01 9.65678288e-01
    outer loop
      vertex 9.04610688e-04 -5.13030215e-03 2.95442326e-02
      vertex 1.78173524e-03 -1.01047227e-02 2.81907786e-02
      vertex 3.50933335e-03 -9.64181415e-03 2.81907786e-02
    endloop
  endfacet
  facet normal 6.72259462e-02 -2.50890647e-01 9.65678288e-01
    outer loop
      vertex 9.04610688e-04 -5.13030215e-03 2.95442326e-02
      vertex 3.50933335e-03 -9.64181415e-03 2.81907786e-02
      vertex 1.78173524e-03 -4.89527733e-03 2.95442326e-02
    endloop
  endfacet
  facet normal 1.09771337e-01 -2.35405391e-01 9.65678288e-01
    outer loop
      vertex 1.78173524e-03 -4.89527733e-03 2.95442326e-02
      vertex 3.50933335e-03 -9.64181415e-03 2.81907786e-02
      vertex 5.13030215e-03 -8.88594398e-03 2.81907786e-02
    endloop
  endfacet
  facet normal 1.09771337e-01 -2.35405391e-01 9.65678288e-01
    outer loop
      vertex 1.78173524e-03 -4.89527733e-03 2.95442326e-02
      vertex 5.13030215e-03 -8.88594398e-03 2.81907786e-02
      vertex 2.60472267e-03 -4.51151200e-03 2.95442326e-02
    endloop
  endfacet
  facet normal 1.48981381e-01 -2.12767462e-01 9.65678288e-01
    outer loop
      vertex 2.60472267e-03 -4.51151200e-03 2.95442326e-02
      vertex 5.13030215e-03 -8.88594398e-03 2.81907786e-02
      vertex 6.59538931e-03 -7.86007891e-03 2.81907786e-02
    endloop
  endfacet
  facet normal 1.48981381e-01 -2.12767462e-01 9.65678288e-01
    outer loop
      vertex 2.60472267e-03 -4.51151200e-03 2.95442326e-02
      vertex 6.59538931e-03 -7.86007891e-03 2.81907786e-02
      vertex 3.34856691e-03 -3.99066665e-03 2.95442326e-02
    endloop
  endfacet
  facet normal 1.83664701e-01 -1.83664701e-01 9.65678288e-01
    outer loop
      vertex 3.34856691e-03 -3.99066665e-03 2.95442326e-02
      vertex 6.59538931e-03 -7.86007891e-03 2.81907786e-02
      vertex 7.86007891e-03 -6.59538931e-03 2.81907786e-02
    endloop
  endfacet
  facet normal 1.83664701e-01 -1.83664701e-01 9.65678288e-01
    outer loop
      vertex 3.34856691e-03 -3.99066665e-03 2.95442326e-02
      vertex 7.86007891e-03 -6.59538931e-03 2.81907786e-02
      vertex 3.99066665e-03 -3.34856691e-03 2.95442326e-02
    endloop
  endfacet
  facet normal 2.12767462e-01 -1.48981381e-01 9.65678288e-01
    outer loop
      vertex 3.99066665e-03 -3.34856691e-03 2.95442326e-02
      vertex 7.86007891e-03 -6.59538931e-03 2.81907786e-02
      vertex 8.88594398e-03 -5.13030215e-03 2.81907786e-02
    endloop
  endfacet
  facet normal 2.12767462e-01 -1.48981381e-01 9.65678288e-01
    outer loop
      vertex 3.99066665e-03 -3.34856691e-03 2.95442326e-02
      vertex 8.88594398e-03 -5.13030215e-03 2.81907786e-02
      vertex 4.51151200e-03 -2.60472267e-03 2.95442326e-02
    endloop
  endfacet
  facet normal 2.35405391e-01 -1.09771337e-01 9.65678288e-01
    outer loop
      vertex 4.51151200e-03 -2.60472267e-03 2.95442326e-02
      vertex 8.88594398e-03 -5.13030215e-03 2.81907786e-02
      vertex 9.64181415e-03 -3.50933335e-03 2.81907786e-02
    endloop
  endfacet
  facet normal 2.35405391e-01 -1.09771337e-01 9.65678288e-01
    outer loop
      vertex 4.51151200e-03 -2.60472267e-03 2.95442326e-02
      vertex 9.64181415e-03 -3.50933335e-03 2.81907786e-02
      vertex 4.89527733e-03 -1.78173524e-03 2.95442326e-02
    endloop
  endfacet
  facet normal 2.50890647e-01 -6.72259462e-02 9.65678288e-01
    outer loop
      vertex 4.89527733e-03 -1.78173524e-03 2.95442326e-02
      vertex 9.64181415e-03 -3.50933335e-03 2.81907786e-02
      vertex 1.01047227e-02 -1.78173524e-03 2.81907786e-02
    endloop
  endfacet
  facet normal 2.50890647e-01 -6.72259462e-02 9.65678288e-01
    outer loop
      vertex 4.89527733e-03 -1.78173524e-03 2.95442326e-02
      vertex 1.01047227e-02 -1.78173524e-03 2.81907786e-02
      vertex 5.13030215e-03 -9.04610688e-04 2.95442326e-02
    endloop
  endfacet
  facet normal 2.58752717e-01 -2.26379294e-02 9.65678288e-01
    outer loop
      vertex 5.13030215e-03 -9.04610688e-04 2.95442326e-02
      vertex 1.01047227e-02 -1.78173524e-03 2.81907786e-02
      vertex 1.02606043e-02 0.00000000e+00 2.81907786e-02
    endloop
  endfacet
  facet normal 2.58752717e-01 -2.26379294e-02 9.65678288e-01
    outer loop
      vertex 5.13030215e-03 -9.04610688e-04 2.95442326e-02
      vertex 1.02606043e-02 0.00000000e+00 2.81907786e-02
      vertex 5.20944533e-03 0.00000000e+00 2.95442326e-02
    endloop
  endfacet
  facet normal 4.22329677e-01 3.69490590e-02 9.05688915e-01
    outer loop
      vertex 1.02606043e-02 0.00000000e+00 2.81907786e-02
      vertex 1.50000000e-02 0.00000000e+00 2.59807621e-02
      vertex 1.47721163e-02 2.60472267e-03 2.59807621e-02
    endloop
  endfacet
  facet normal 4.22329677e-01 3.69490590e-02 9.05688915e-01
    outer loop
      vertex 1.02606043e-02 0.00000000e+00 2.81907786e-02
      vertex 1.47721163e-02 2.60472267e-03 2.59807621e-02
      vertex 1.01047227e-02 1.78173524e-03 2.81907786e-02
    endloop
  endfacet
  facet normal 4.09497403e-01 1.09724499e-01 9.05688915e-01
    outer loop
      vertex 1.01047227e-02 1.78173524e-03 2.81907786e-02
      vertex 1.47721163e-02 2.60472267e-03 2.59807621e-02
      vertex 1.40953893e-02 5.13030215e-03 2.59807621e-02
    endloop
  endfacet
  facet normal 4.09497403e-01 1.09724499e-01 9.05688915e-01
    outer loop
      vertex 1.01047227e-02 1.78173524e-03 2.81907786e-02
      vertex 1.40953893e-02 5.13030215e-03 2.59807621e-02
      vertex 9.64181415e-03 3.50933335e-03 2.81907786e-02
    endloop
  endfacet
  facet normal 3.84222759e-01 1.79166015e-01 9.05688915e-01
    outer loop
      vertex 9.64181415e-03 3.50933335e-03 2.81907786e-02
      vertex 1.40953893e-02 5.13030215e-03 2.59807621e-02
      vertex 1.29903811e-02 7.50000000e-03 2.59807621e-02
    endloop
  endfacet
  facet normal 3.84222759e-01 1.79166015e-01 9.05688915e-01
    outer loop
      vertex 9.64181415e-03 3.50933335e-03 2.81907786e-02
      vertex 1.29903811e-02 7.50000000e-03 2.59807621e-02
      vertex 8.88594398e-03 5.13030215e-03 2.81907786e-02
    endloop
  endfacet
  facet normal 3.47273700e-01 2.43163662e-01 9.05688915e-01
    outer loop
      vertex 8.88594398e-03 5.13030215e-03 2.81907786e-02
      vertex 1.29903811e-02 7.50000000e-03 2.59807621e-02
      vertex 1.14906666e-02 9.64181415e-03 2.59807621e-02
    endloop
  endfacet
  facet normal 3.47273700e-01 2.43163662e-01 9.05688915e-01
    outer loop
      vertex 8.88594398e-03 5.13030215e-03 2.81907786e-02
      vertex 1.14906666e-02 9.64181415e-03 2.59807621e-02
      vertex 7.86007891e-03 6.59538931e-03 2.81907786e-02
    endloop
  endfacet
  facet normal 2.99772905e-01 2.99772905e-01 9.05688915e-01
    outer loop
      vertex 7.86007891e-03 6.59538931e-03 2.81907786e-02
      vertex 1.14906666e-02 9.64181415e-03 2.59807621e-02
      vertex 9.64181415e-03 1.14906666e-02 2.59807621e-02
    endloop
  endfacet
  facet normal 2.99772905e-01 2.99772905e-01 9.05688915e-01
    outer loop
      vertex 7.86007891e-03 6.59538931e-03 2.81907786e-02
      vertex 9.64181415e-03 1.14906666e-02 2.59807621e-02
      vertex 6.59538931e-03 7.86007891e-03 2.81907786e-02
    endloop
  endfacet
  facet normal 2.43163662e-01 3.47273700e-01 9.05688915e-01
    outer loop
      vertex 6.59538931e-03 7.86007891e-03 2.81907786e-02
      vertex 9.64181415e-03 1.14906666e-02 2.59807621e-02
      vertex 7.50000000e-03 1.29903811e-02 2.59807621e-02
    endloop
  endfacet
  facet normal 2.43163662e-01 3.47273700e-01 9.05688915e-01
    outer loop
      vertex 6.59538931e-03 7.86007891e-03 2.81907786e-02
      vertex 7.50000000e-03 1.29903811e-02 2.59807621e-02
      vertex 5.13030215e-03 8.88594398e-03 2.81907786e-02
    endloop
  endfacet
  facet normal 1.79166015e-01 3.84222759e-01 9.05688915e-01
    outer loop
      vertex 5.13030215e-03 8.88594398e-03 2.81907786e-02
      vertex 7.50000000e-03 1.29903811e-02 2.59807621e-02
      vertex 5.13030215e-03 1.40953893e-02 2.59807621e-02
    endloop
  endfacet
  facet normal 1.79166015e-01 3.84222759e-01 9.05688915e-01
    outer loop
      vertex 5.13030215e-03 8.88594398e-03 2.81907786e-02
      vertex 5.13030215e-03 1.40953893e-02 2.59807621e-02
      vertex 3.50933335e-03 9.64181415e-03 2.81907786e-02
    endloop
  endfacet
  facet normal 1.09724499e-01 4.09497403e-01 9.05688915e-01
    outer loop
      vertex 3.50933335e-03 9.64181415e-03 2.81907786e-02
      vertex 5.13030215e-03 1.40953893e-02 2.59807621e-02
      vertex 2.60472267e-03 1.47721163e-02 2.59807621e-02
    endloop
  endfacet
  facet normal 1.09724499e-01 4.09497403e-01 9.05688915e-01
    outer loop
      vertex 3.50933335e-03 9.64181415e-03 2.81907786e-02
      vertex 2.60472267e-03 1.47721163e-02 2.59807621e-02
      vertex 1.78173524e-03 1.01047227e-02 2.81907786e-02
    endloop
  endfacet
  facet normal 3.69490590e-02 4.22329677e-01 9.05688915e-01
    outer loop
      vertex 1.78173524e-03 1.01047227e-02 2.81907786e-02
      vertex 2.60472267e-03 1.47721163e-02 2.59807621e-02
      vertex 9.18485099e-19 1.50000000e-02 2.59807621e-02
    endloop
  endfacet
  facet normal 3.69490590e-02 4.22329677e-01 9.05688915e-01
    outer loop
      vertex 1.78173524e-03 1.01047227e-02 2.81907786e-02
      vertex 9.18485099e-19 1.50000000e-02 2.59807621e-02
      vertex 6.28280811e-19 1.02606043e-02 2.81907786e-02
    endloop
  endfacet
  facet normal -3.69490590e-02 4.22329677e-01 9.05688915e-01
    outer loop
      vertex 6.28280811e-19 1.02606043e-02 2.81907786e-02
      vertex 9.18485099e-19 1.50000000e-02 2.59807621e-02
      vertex -2.60472267e-03 1.47721163e-02 2.59807621e-02
    endloop
  endfacet
  facet normal -3.69490590e-02 4.22329677e-01 9.05688915e-01
    outer loop
      vertex 6.28280811e-19 1.02606043e-02 2.81907786e-02
      vertex -2.60472267e-03 1.47721163e-02 2.59807621e-02
      vertex -1.78173524e-03 1.01047227e-02 2.81907786e-02
    endloop
  endfacet
  facet normal -1.09724499e-01 4.09497403e-01 9.05688915e-01
    outer loop
      vertex -1.78173524e-03 1.01047227e-02 2.81907786e-02
      vertex -2.60472267e-03 1.47721163e-02 2.59807621e-02
      vertex -5.13030215e-03 1.40953893e-02 2.59807621e-02
    endloop
  endfacet
  facet normal -1.09724499e-01 4.09497403e-01 9.05688915e-01
    outer loop
      vertex -1.78173524e-03 1.01047227e-02 2.81907786e-02
      vertex -5.13030215e-03 1.40953893e-02 2.59807621e-02
      vertex -3.50933335e-03 9.64181415e-03 2.81907786e-02
    endloop
  endfacet
  facet normal -1.79166015e-01 3.84222759e-01 9.05688915e-01
    outer loop
      vertex -3.50933335e-03 9.64181415e-03 2.81907786e-02
      vertex -5.13030215e-03 1.40953893e-02 2.59807621e-02
      vertex -7.50000000e-03 1.29903811e-02 2.59807621e-02
    endloop
  endfacet
  facet normal -1.79166015e-01 3.84222759e-01 9.05688915e-01
    outer loop
      vertex -3.50933335e-03 9.64181415e-03 2.81907786e-02
      vertex -7.50000000e-03 1.29903811e-02 2.59807621e-02
      vertex -5.13030215e-03 8.88594398e-03 2.81907786e-02
    endloop
  endfacet
  facet normal -2.43163662e-01 3.47273700e-01 9.05688915e-01
    outer loop
      vertex -5.13030215e-03 8.88594398e-03 2.81907786e-02
      vertex -7.50000000e-03 1.29903811e-02 2.59807621e-02
      vertex -9.64181415e-03 1.14906666e-02 2.59807621e-02
    endloop
  endfacet
  facet normal -2.43163662e-01 3.47273700e-01 9.05688915e-01
    outer loop
      vertex -5.13030215e-03 8.88594398e-03 2.81907786e-02
      vertex -9.64181415e-03 1.14906666e-02 2.59807621e-02
      vertex -6.59538931e-03 7.86007891e-03 2.81907786e-02
    endloop
  endfacet
  facet normal -2.99772905e-01 2.99772905e-01 9.05688915e-01
    outer loop
      vertex -6.59538931e-03 7.86007891e-03 2.81907786e-02
      vertex -9.64181415e-03 1.14906666e-02 2.59807621e-02
      vertex -1.14906666e-02 9.64181415e-03 2.59807621e-02
    endloop
  endfacet
  facet normal -2.99772905e-01 2.99772905e-01 9.05688915e-01
    outer loop
      vertex -6.59538931e-03 7.86007891e-03 2.81907786e-02
      vertex -1.14906666e-02 9.64181415e-03 2.59807621e-02
      vertex -7.86007891e-03 6.59538931e-03 2.81907786e-02
    endloop
  endfacet
  facet normal -3.47273700e-01 2.43163662e-01 9.05688915e-01
    outer loop
      vertex -7.86007891e-03 6.59538931e-03 2.81907786e-02
      vertex -1.14906666e-02 9.64181415e-03 2.59807621e-02
      vertex -1.29903811e-02 7.50000000e-03 2.59807621e-02
    endloop
  endfacet
  facet normal -3.47273700e-01 2.43163662e-01 9.05688915e-01
    outer loop
      vertex -7.86007891e-03 6.59538931e-03 2.81907786e-02
      vertex -1.29903811e-02 7.50000000e-03 2.59807621e-02
      vertex -8.88594398e-03 5.13030215e-03 2.81907786e-02
    endloop
  endfacet
  facet normal -3.84222759e-01 1.79166015e-01 9.05688915e-01
    outer loop
      vertex -8.88594398e-03 5.13030215e-03 2.81907786e-02
      vertex -1.29903811e-02 7.50000000e-03 2.59807621e-02
      vertex -1.40953893e-02 5.13030215e-03 2.59807621e-02
    endloop
  endfacet
  facet normal -3.84222759e-01 1.79166015e-01 9.05688915e-01
    outer loop
      vertex -8.88594398e-03 5.13030215e-03 2.81907786e-02
      vertex -1.40953893e-02 5.13030215e-03 2.59807621e-02
      vertex -9.64181415e-03 3.50933335e-03 2.81907786e-02
    endloop
  endfacet
  facet normal -4.09497403e-01 1.09724499e-01 9.05688915e-01
    outer loop
      vertex -9.64181415e-03 3.50933335e-03 2.81907786e-02
      vertex -1.40953893e-02 5.13030215e-03 2.59807621e-02
      vertex -1.47721163e-02 2.60472267e-03 2.59807621e-02
    endloop
  endfacet
  facet normal -4.09497403e-01 1.09724499e-01 9.05688915e-01
    outer loop
      vertex -9.64181415e-03 3.50933335e-03 2.81907786e-02
      vertex -1.47721163e-02 2.60472267e-03 2.59807621e-02
      vertex -1.01047227e-02 1.78173524e-03 2.81907786e-02
    endloop
  endfacet
  facet normal -4.22329677e-01 3.69490590e-02 9.05688915e-01
    outer loop
      vertex -1.01047227e-02 1.78173524e-03 2.81907786e-02
      vertex -1.47721163e-02 2.60472267e-03 2.59807621e-02
      vertex -1.50000000e-02 1.83697020e-18 2.59807621e-02
    endloop
  endfacet
  facet normal -4.22329677e-01 3.69490590e-02 9.05688915e-01
    outer loop
      vertex -1.01047227e-02 1.78173524e-03 2.81907786e-02
      vertex -1.50000000e-02 1.83697020e-18 2.59807621e-02
      vertex -1.02606043e-02 1.25656162e-18 2.81907786e-02
    endloop
  endfacet
  facet normal -4.22329677e-01 -3.69490590e-02 9.05688915e-01
    outer loop
      vertex -1.02606043e-02 1.25656162e-18 2.81907786e-02
      vertex -1.50000000e-02 1.83697020e-18 2.59807621e-02
      vertex -1.47721163e-02 -2.60472267e-03 2.59807621e-02
    endloop
  endfacet
  facet normal -4.22329677e-01 -3.69490590e-02 9.05688915e-01
    outer loop
      vertex -1.02606043e-02 1.25656162e-18 2.81907786e-02
      vertex -1.47721163e-02 -2.60472267e-03 2.59807621e-02
      vertex -1.01047227e-02 -1.78173524e-03 2.81907786e-02
    endloop
  endfacet
  facet normal -4.09497403e-01 -1.09724499e-01 9.05688915e-01
    outer loop
      vertex -1.01047227e-02 -1.78173524e-03 2.81907786e-02
      vertex -1.47721163e-02 -2.60472267e-03 2.59807621e-02
      vertex -1.40953893e-02 -5.13030215e-03 2.59807621e-02
    endloop
  endfacet
  facet normal -4.09497403e-01 -1.09724499e-01 9.05688915e-01
    outer loop
      vertex -1.01047227e-02 -1.78173524e-03 2.81907786e-02
      vertex -1.40953893e-02 -5.13030215e-03 2.59807621e-02
      vertex -9.64181415e-03 -3.50933335e-03 2.81907786e-02
    endloop
  endfacet
  facet normal -3.84222759e-01 -1.79166015e-01 9.05688915e-01
    outer loop
      vertex -9.64181415e-03 -3.50933335e-03 2.81907786e-02
      vertex -1.40953893e-02 -5.13030215e-03 2.59807621e-02
      vertex -1.29903811e-02 -7.50000000e-03 2.59807621e-02
    endloop
  endfacet
  facet normal -3.84222759e-01 -1.79166015e-01 9.05688915e-01
    outer loop
      vertex -9.64181415e-03 -3.50933335e-03 2.81907786e-02
      vertex -1.29903811e-02 -7.50000000e-03 2.59807621e-02
      vertex -8.88594398e-03 -5.13030215e-03 2.81907786e-02
    endloop
  endfacet
  facet normal -3.47273700e-01 -2.43163662e-01 9.05688915e-01
    outer loop
      vertex -8.88594398e-03 -5.13030215e-03 2.81907786e-02
      vertex -1.29903811e-02 -7.50000000e-03 2.59807621e-02
      vertex -1.14906666e-02 -9.64181415e-03 2.59807621e-02
    endloop
  endfacet
  facet normal -3.47273700e-01 -2.43163662e-01 9.05688915e-01
    outer loop
      vertex -8.88594398e-03 -5.13030215e-03 2.81907786e-02
      vertex -1.14906666e-02 -9.64181415e-03 2.59807621e-02
      vertex -7.86007891e-03 -6.59538931e-03 2.81907786e-02
    endloop
  endfacet
  facet normal -2.99772905e-01 -2.99772905e-01 9.05688915e-01
    outer loop
      vertex -7.86007891e-03 -6.59538931e-03 2.81907786e-02
      vertex -1.14906666e-02 -9.64181415e-03 2.59807621e-02
      vertex -9.64181415e-03 -1.14906666e-02 2.59807621e-02
    endloop
  endfacet
  facet normal -2.99772905e-01 -2.99772905e-01 9.05688915e-01
    outer loop
      vertex -7.86007891e-03 -6.59538931e-03 2.81907786e-02
      vertex -9.64181415e-03 -1.14906666e-02 2.59807621e-02
      vertex -6.59538931e-03 -7.86007891e-03 2.81907786e-02
    endloop
  endfacet
  facet normal -2.43163662e-01 -3.47273700e-01 9.05688915e-01
    outer loop
      vertex -6.59538931e-03 -7.86007891e-03 2.81907786e-02
      vertex -9.64181415e-03 -1.14906666e-02 2.59807621e-02
      vertex -7.50000000e-03 -1.29903811e-02 2.59807621e-02
    endloop
  endfacet
  facet normal -2.43163662e-01 -3.47273700e-01 9.05688915e-01
    outer loop
      vertex -6.59538931e-03 -7.86007891e-03 2.81907786e-02
      vertex -7.50000000e-03 -1.29903811e-02 2.59807621e-02
      vertex -5.13030215e-03 -8.88594398e-03 2.81907786e-02
    endloop
  endfacet
  facet normal -1.79166015e-01 -3.84222759e-01 9.05688915e-01
    outer loop
      vertex -5.13030215e-03 -8.88594398e-03 2.81907786e-02
      vertex -7.50000000e-03 -1.29903811e-02 2.59807621e-02
      vertex -5.13030215e-03 -1.40953893e-02 2.59807621e-02
    endloop
  endfacet
  facet normal -1.79166015e-01 -3.84222759e-01 9.05688915e-01
    outer loop
      vertex -5.13030215e-03 -8.88594398e-03 2.81907786e-02
      vertex -5.13030215e-03 -1.40953893e-02 2.59807621e-02
      vertex -3.50933335e-03 -9.64181415e-03 2.81907786e-02
    endloop
  endfacet
  facet normal -1.09724499e-01 -4.09497403e-01 9.05688915e-01
    outer loop
      vertex -3.50933335e-03 -9.64181415e-03 2.81907786e-02
      vertex -5.13030215e-03 -1.40953893e-02 2.59807621e-02
      vertex -2.60472267e-03 -1.47721163e-02 2.59807621e-02
    endloop
  endfacet
  facet normal -1.09724499e-01 -4.09497403e-01 9.05688915e-01
    outer loop
      vertex -3.50933335e-03 -9.64181415e-03 2.81907786e-02
      vertex -2.60472267e-03 -1.47721163e-02 2.59807621e-02
      vertex -1.78173524e-03 -1.01047227e-02 2.81907786e-02
    endloop
  endfacet
  facet normal -3.69490590e-02 -4.22329677e-01 9.05688915e-01
    outer loop
      vertex -1.78173524e-03 -1.01047227e-02 2.81907786e-02
      vertex -2.60472267e-03 -1.47721163e-02 2.59807621e-02
      vertex -2.75545530e-18 -1.50000000e-02 2.59807621e-02
    endloop
  endfacet
  facet normal -3.69490590e-02 -4.22329677e-01 9.05688915e-01
    outer loop
      vertex -1.78173524e-03 -1.01047227e-02 2.81907786e-02
      vertex -2.75545530e-18 -1.50000000e-02 2.59807621e-02
      vertex -1.88484243e-18 -1.02606043e-02 2.81907786e-02
    endloop
  endfacet
  facet normal 3.69490590e-02 -4.22329677e-01 9.05688915e-01
    outer loop
      vertex -1.88484243e-18 -1.02606043e-02 2.81907786e-02
      vertex -2.75545530e-18 -1.50000000e-02 2.59807621e-02
      vertex 2.60472267e-03 -1.47721163e-02 2.59807621e-02
    endloop
  endfacet
  facet normal 3.69490590e-02 -4.22329677e-01 9.05688915e-01
    outer loop
      vertex -1.88484243e-18 -1.02606043e-02 2.81907786e-02
      vertex 2.60472267e-03 -1.47721163e-02 2.59807621e-02
      vertex 1.78173524e-03 -1.01047227e-02 2.81907786e-02
    endloop
  endfacet
  facet normal 1.09724499e-01 -4.09497403e-01 9.05688915e-01
    outer loop
      vertex 1.78173524e-03 -1.01047227e-02 2.81907786e-02
      vertex 2.60472267e-03 -1.47721163e-02 2.59807621e-02
      vertex 5.13030215e-03 -1.40953893e-02 2.59807621e-02
    endloop
  endfacet
  facet normal 1.09724499e-01 -4.09497403e-01 9.05688915e-01
    outer loop
      vertex 1.78173524e-03 -1.01047227e-02 2.81907786e-02
      vertex 5.13030215e-03 -1.40953893e-02 2.59807621e-02
      vertex 3.50933335e-03 -9.64181415e-03 2.81907786e-02
    endloop
  endfacet
  facet normal 1.79166015e-01 -3.84222759e-01 9.05688915e-01
    outer loop
      vertex 3.50933335e-03 -9.64181415e-03 2.81907786e-02
      vertex 5.13030215e-03 -1.40953893e-02 2.59807621e-02
      vertex 7.50000000e-03 -1.29903811e-02 2.59807621e-02
    endloop
  endfacet
  facet normal 1.79166015e-01 -3.84222759e-01 9.05688915e-01
    outer loop
      vertex 3.50933335e-03 -9.64181415e-03 2.81907786e-02
      vertex 7.50000000e-03 -1.29903811e-02 2.59807621e-02
      vertex 5.13030215e-03 -8.88594398e-03 2.81907786e-02
    endloop
  endfacet
  facet normal 2.43163662e-01 -3.47273700e-01 9.05688915e-01
    outer loop
      vertex 5.13030215e-03 -8.88594398e-03 2.81907786e-02
      vertex 7.50000000e-03 -1.29903811e-02 2.59807621e-02
      vertex 9.64181415e-03 -1.14906666e-02 2.59807621e-02
    endloop
  endfacet
  facet normal 2.43163662e-01 -3.47273700e-01 9.05688915e-01
    outer loop
      vertex 5.13030215e-03 -8.88594398e-03 2.81907786e-02
      vertex 9.64181415e-03 -1.14906666e-02 2.59807621e-02
      vertex 6.59538931e-03 -7.86007891e-03 2.81907786e-02
    endloop
  endfacet
  facet normal 2.99772905e-01 -2.99772905e-01 9.05688915e-01
    outer loop
      vertex 6.59538931e-03 -7.86007891e-03 2.81907786e-02
      vertex 9.64181415e-03 -1.14906666e-02 2.59807621e-02
      vertex 1.14906666e-02 -9.64181415e-03 2.59807621e-02
    endloop
  endfacet
  facet normal 2.99772905e-01 -2.99772905e-01 9.05688915e-01
    outer loop
      vertex 6.59538931e-03 -7.86007891e-03 2.81907786e-02
      vertex 1.14906666e-02 -9.64181415e-03 2.59807621e-02
      vertex 7.86007891e-03 -6.59538931e-03 2.81907786e-02
    endloop
  endfacet
  facet normal 3.47273700e-01 -2.43163662e-01 9.05688915e-01
    outer loop
      vertex 7.86007891e-03 -6.59538931e-03 2.81907786e-02
      vertex 1.14906666e-02 -9.64181415e-03 2.59807621e-02
      vertex 1.29903811e-02 -7.50000000e-03 2.59807621e-02
    endloop
  endfacet
  facet normal 3.47273700e-01 -2.43163662e-01 9.05688915e-01
    outer loop
      vertex 7.86007891e-03 -6.59538931e-03 2.81907786e-02
      vertex 1.29903811e-02 -7.50000000e-03 2.59807621e-02
      vertex 8.88594398e-03 -5.13030215e-03 2.81907786e-02
    endloop
  endfacet
  facet normal 3.84222759e-01 -1.79166015e-01 9.05688915e-01
    outer loop
      vertex 8.88594398e-03 -5.13030215e-03 2.81907786e-02
      vertex 1.29903811e-02 -7.50000000e-03 2.59807621e-02
      vertex 1.40953893e-02 -5.13030215e-03 2.59807621e-02
    endloop
  endfacet
  facet normal 3.84222759e-01 -1.79166015e-01 9.05688915e-01
    outer loop
      vertex 8.88594398e-03 -5.13030215e-03 2.81907786e-02
      vertex 1.40953893e-02 -5.13030215e-03 2.59807621e-02
      vertex 9.64181415e-03 -3.50933335e-03 2.81907786e-02
    endloop
  endfacet
  facet normal 4.09497403e-01 -1.09724499e-01 9.05688915e-01
    outer loop
      vertex 9.64181415e-03 -3.50933335e-03 2.81907786e-02
      vertex 1.40953893e-02 -5.13030215e-03 2.59807621e-02
      vertex 1.47721163e-02 -2.60472267e-03 2.59807621e-02
    endloop
  endfacet
  facet normal 4.09497403e-01 -1.09724499e-01 9.05688915e-01
    outer loop
      vertex 9.64181415e-03 -3.50933335e-03 2.81907786e-02
      vertex 1.47721163e-02 -2.60472267e-03 2.59807621e-02
      vertex 1.01047227e-02 -1.78173524e-03 2.81907786e-02
    endloop
  endfacet
  facet normal 4.22329677e-01 -3.69490590e-02 9.05688915e-01
    outer loop
      vertex 1.01047227e-02 -1.78173524e-03 2.81907786e-02
      vertex 1.47721163e-02 -2.60472267e-03 2.59807621e-02
      vertex 1.50000000e-02 0.00000000e+00 2.59807621e-02
    endloop
  endfacet
  facet normal 4.22329677e-01 -3.69490590e-02 9.05688915e-01
    outer loop
      vertex 1.01047227e-02 -1.78173524e-03 2.81907786e-02
      vertex 1.50000000e-02 0.00000000e+00 2.59807621e-02
      vertex 1.02606043e-02 0.00000000e+00 2.81907786e-02
    endloop
  endfacet
  facet normal 5.72855614e-01 5.01183721e-02 8.18122603e-01
    outer loop
      vertex 1.50000000e-02 0.00000000e+00 2.59807621e-02
      vertex 1.92836283e-02 0.00000000e+00 2.29813333e-02
      vertex 1.89906666e-02 3.34856691e-03 2.29813333e-02
    endloop
  endfacet
  facet normal 5.72855614e-01 5.01183721e-02 8.18122603e-01
    outer loop
      vertex 1.50000000e-02 0.00000000e+00 2.59807621e-02
      vertex 1.89906666e-02 3.34856691e-03 2.29813333e-02
      vertex 1.47721163e-02 2.60472267e-03 2.59807621e-02
    endloop
  endfacet
  facet normal 5.55449686e-01 1.48832295e-01 8.18122603e-01
    outer loop
      vertex 1.47721163e-02 2.60472267e-03 2.59807621e-02
      vertex 1.89906666e-02 3.34856691e-03 2.29813333e-02
      vertex 1.81206832e-02 6.59538931e-03 2.29813333e-02
    endloop
  endfacet
  facet normal 5.55449686e-01 1.48832295e-01 8.18122603e-01
    outer loop
      vertex 1.47721163e-02 2.60472267e-03 2.59807621e-02
      vertex 1.81206832e-02 6.59538931e-03 2.29813333e-02
      vertex 1.40953893e-02 5.13030215e-03 2.59807621e-02
    endloop
  endfacet
  facet normal 5.21166701e-01 2.43024024e-01 8.18122603e-01
    outer loop
      vertex 1.40953893e-02 5.13030215e-03 2.59807621e-02
      vertex 1.81206832e-02 6.59538931e-03 2.29813333e-02
      vertex 1.67001120e-02 9.64181415e-03 2.29813333e-02
    endloop
  endfacet
  facet normal 5.21166701e-01 2.43024024e-01 8.18122603e-01
    outer loop
      vertex 1.40953893e-02 5.13030215e-03 2.59807621e-02
      vertex 1.67001120e-02 9.64181415e-03 2.29813333e-02
      vertex 1.29903811e-02 7.50000000e-03 2.59807621e-02
    endloop
  endfacet
  facet normal 4.71048328e-01 3.29831590e-01 8.18122603e-01
    outer loop
      vertex 1.29903811e-02 7.50000000e-03 2.59807621e-02
      vertex 1.67001120e-02 9.64181415e-03 2.29813333e-02
      vertex 1.47721163e-02 1.23952773e-02 2.29813333e-02
    endloop
  endfacet
  facet normal 4.71048328e-01 3.29831590e-01 8.18122603e-01
    outer loop
      vertex 1.29903811e-02 7.50000000e-03 2.59807621e-02
      vertex 1.47721163e-02 1.23952773e-02 2.29813333e-02
      vertex 1.14906666e-02 9.64181415e-03 2.59807621e-02
    endloop
  endfacet
  facet normal 4.06617391e-01 4.06617391e-01 8.18122603e-01
    outer loop
      vertex 1.14906666e-02 9.64181415e-03 2.59807621e-02
      vertex 1.47721163e-02 1.23952773e-02 2.29813333e-02
      vertex 1.23952773e-02 1.47721163e-02 2.29813333e-02
    endloop
  endfacet
  facet normal 4.06617391e-01 4.06617391e-01 8.18122603e-01
    outer loop
      vertex 1.14906666e-02 9.64181415e-03 2.59807621e-02
      vertex 1.23952773e-02 1.47721163e-02 2.29813333e-02
      vertex 9.64181415e-03 1.14906666e-02 2.59807621e-02
    endloop
  endfacet
  facet normal 3.29831590e-01 4.71048328e-01 8.18122603e-01
    outer loop
      vertex 9.64181415e-03 1.14906666e-02 2.59807621e-02
      vertex 1.23952773e-02 1.47721163e-02 2.29813333e-02
      vertex 9.64181415e-03 1.67001120e-02 2.29813333e-02
    endloop
  endfacet
  facet normal 3.29831590e-01 4.71048328e-01 8.18122603e-01
    outer loop
      vertex 9.64181415e-03 1.14906666e-02 2.59807621e-02
      vertex 9.64181415e-03 1.67001120e-02 2.29813333e-02
      vertex 7.50000000e-03 1.29903811e-02 2.59807621e-02
    endloop
  endfacet
  facet normal 2.43024024e-01 5.21166701e-01 8.18122603e-01
    outer loop
      vertex 7.50000000e-03 1.29903811e-02 2.59807621e-02
      vertex 9.64181415e-03 1.67001120e-02 2.29813333e-02
      vertex 6.59538931e-03 1.81206832e-02 2.29813333e-02
    endloop
  endfacet
  facet normal 2.43024024e-01 5.21166701e-01 8.18122603e-01
    outer loop
      vertex 7.50000000e-03 1.29903811e-02 2.59807621e-02
      vertex 6.59538931e-03 1.81206832e-02 2.29813333e-02
      vertex 5.13030215e-03 1.40953893e-02 2.59807621e-02
    endloop
  endfacet
  facet normal 1.48832295e-01 5.55449686e-01 8.18122603e-01
    outer loop
      vertex 5.13030215e-03 1.40953893e-02 2.59807621e-02
      vertex 6.59538931e-03 1.81206832e-02 2.29813333e-02
      vertex 3.34856691e-03 1.89906666e-02 2.29813333e-02
    endloop
  endfacet
  facet normal 1.48832295e-01 5.55449686e-01 8.18122603e-01
    outer loop
      vertex 5.13030215e-03 1.40953893e-02 2.59807621e-02
      vertex 3.34856691e-03 1.89906666e-02 2.29813333e-02
      vertex 2.60472267e-03 1.47721163e-02 2.59807621e-02
    endloop
  endfacet
  facet normal 5.01183721e-02 5.72855614e-01 8.18122603e-01
    outer loop
      vertex 2.60472267e-03 1.47721163e-02 2.59807621e-02
      vertex 3.34856691e-03 1.89906666e-02 2.29813333e-02
      vertex 1.18078168e-18 1.92836283e-02 2.29813333e-02
    endloop
  endfacet
  facet normal 5.01183721e-02 5.72855614e-01 8.18122603e-01
    outer loop
      vertex 2.60472267e-03 1.47721163e-02 2.59807621e-02
      vertex 1.18078168e-18 1.92836283e-02 2.29813333e-02
      vertex 9.18485099e-19 1.50000000e-02 2.59807621e-02
    endloop
  endfacet
  facet normal -5.01183721e-02 5.72855614e-01 8.18122603e-01
    outer loop
      vertex 9.18485099e-19 1.50000000e-02 2.59807621e-02
      vertex 1.18078168e-18 1.92836283e-02 2.29813333e-02
      vertex -3.34856691e-03 1.89906666e-02 2.29813333e-02
    endloop
  endfacet
  facet normal -5.01183721e-02 5.72855614e-01 8.18122603e-01
    outer loop
      vertex 9.18485099e-19 1.50000000e-02 2.59807621e-02
      vertex -3.34856691e-03 1.89906666e-02 2.29813333e-02
      vertex -2.60472267e-03 1.47721163e-02 2.59807621e-02
    endloop
  endfacet
  facet normal -1.48832295e-01 5.55449686e-01 8.18122603e-01
    outer loop
      vertex -2.60472267e-03 1.47721163e-02 2.59807621e-02
      vertex -3.34856691e-03 1.89906666e-02 2.29813333e-02
      vertex -6.59538931e-03 1.81206832e-02 2.29813333e-02
    endloop
  endfacet
  facet normal -1.48832295e-01 5.55449686e-01 8.18122603e-01
    outer loop
      vertex -2.60472267e-03 1.47721163e-02 2.59807621e-02
      vertex -6.59538931e-03 1.81206832e-02 2.29813333e-02
      vertex -5.13030215e-03 1.40953893e-02 2.59807621e-02
    endloop
  endfacet
  facet normal -2.43024024e-01 5.21166701e-01 8.18122603e-01
    outer loop
      vertex -5.13030215e-03 1.40953893e-02 2.59807621e-02
      vertex -6.59538931e-03 1.81206832e-02 2.29813333e-02
      vertex -9.64181415e-03 1.67001120e-02 2.29813333e-02
    endloop
  endfacet
  facet normal -2.43024024e-01 5.21166701e-01 8.18122603e-01
    outer loop
      vertex -5.13030215e-03 1.40953893e-02 2.59807621e-02
      vertex -9.64181415e-03 1.67001120e-02 2.29813333e-02
      vertex -7.50000000e-03 1.29903811e-02 2.59807621e-02
    endloop
  endfacet
  facet normal -3.29831590e-01 4.71048328e-01 8.18122603e-01
    outer loop
      vertex -7.50000000e-03 1.29903811e-02 2.59807621e-02
      vertex -9.64181415e-03 1.67001120e-02 2.29813333e-02
      vertex -1.23952773e-02 1.47721163e-02 2.29813333e-02
    endloop
  endfacet
  facet normal -3.29831590e-01 4.71048328e-01 8.18122603e-01
    outer loop
      vertex -7.50000000e-03 1.29903811e-02 2.59807621e-02
      vertex -1.23952773e-02 1.47721163e-02 2.29813333e-02
      vertex -9.64181415e-03 1.14906666e-02 2.59807621e-02
    endloop
  endfacet
  facet normal -4.06617391e-01 4.06617391e-01 8.18122603e-01
    outer loop
      vertex -9.64181415e-03 1.14906666e-02 2.59807621e-02
      vertex -1.23952773e-02 1.47721163e-02 2.29813333e-02
      vertex -1.47721163e-02 1.23952773e-02 2.29813333e-02
    endloop
  endfacet
  facet normal -4.06617391e-01 4.06617391e-01 8.18122603e-01
    outer loop
      vertex -9.64181415e-03 1.14906666e-02 2.59807621e-02
      vertex -1.47721163e-02 1.23952773e-02 2.29813333e-02
      vertex -1.14906666e-02 9.64181415e-03 2.59807621e-02
    endloop
  endfacet
  facet normal -4.71048328e-01 3.29831590e-01 8.18122603e-01
    outer loop
      vertex -1.14906666e-02 9.64181415e-03 2.59807621e-02
      vertex -1.47721163e-02 1.23952773e-02 2.29813333e-02
      vertex -1.67001120e-02 9.64181415e-03 2.29813333e-02
    endloop
  endfacet
  facet normal -4.71048328e-01 3.29831590e-01 8.18122603e-01
    outer loop
      vertex -1.14906666e-02 9.64181415e-03 2.59807621e-02
      vertex -1.67001120e-02 9.64181415e-03 2.29813333e-02
      vertex -1.29903811e-02 7.50000000e-03 2.59807621e-02
    endloop
  endfacet
  facet normal -5.21166701e-01 2.43024024e-01 8.18122603e-01
    outer loop
      vertex -1.29903811e-02 7.50000000e-03 2.59807621e-02
      vertex -1.67001120e-02 9.64181415e-03 2.29813333e-02
      vertex -1.81206832e-02 6.59538931e-03 2.29813333e-02
    endloop
  endfacet
  facet normal -5.21166701e-01 2.43024024e-01 8.18122603e-01
    outer loop
      vertex -1.29903811e-02 7.50000000e-03 2.59807621e-02
      vertex -1.81206832e-02 6.59538931e-03 2.29813333e-02
      vertex -1.40953893e-02 5.13030215e-03 2.59807621e-02
    endloop
  endfacet
  facet normal -5.55449686e-01 1.48832295e-01 8.18122603e-01
    outer loop
      vertex -1.40953893e-02 5.13030215e-03 2.59807621e-02
      vertex -1.81206832e-02 6.59538931e-03 2.29813333e-02
      vertex -1.89906666e-02 3.34856691e-03 2.29813333e-02
    endloop
  endfacet
  facet normal -5.55449686e-01 1.48832295e-01 8.18122603e-01
    outer loop
      vertex -1.40953893e-02 5.13030215e-03 2.59807621e-02
      vertex -1.89906666e-02 3.34856691e-03 2.29813333e-02
      vertex -1.47721163e-02 2.60472267e-03 2.59807621e-02
    endloop
  endfacet
  facet normal -5.72855614e-01 5.01183721e-02 8.18122603e-01
    outer loop
      vertex -1.47721163e-02 2.60472267e-03 2.59807621e-02
      vertex -1.89906666e-02 3.34856691e-03 2.29813333e-02
      vertex -1.92836283e-02 2.36156337e-18 2.29813333e-02
    endloop
  endfacet
  facet normal -5.72855614e-01 5.01183721e-02 8.18122603e-01
    outer loop
      vertex -1.47721163e-02 2.60472267e-03 2.59807621e-02
      vertex -1.92836283e-02 2.36156337e-18 2.29813333e-02
      vertex -1.50000000e-02 1.83697020e-18 2.59807621e-02
    endloop
  endfacet
  facet normal -5.72855614e-01 -5.01183721e-02 8.18122603e-01
    outer loop
      vertex -1.50000000e-02 1.83697020e-18 2.59807621e-02
      vertex -1.92836283e-02 2.36156337e-18 2.29813333e-02
      vertex -1.89906666e-02 -3.34856691e-03 2.29813333e-02
    endloop
  endfacet
  facet normal -5.72855614e-01 -5.01183721e-02 8.18122603e-01
    outer loop
      vertex -1.50000000e-02 1.83697020e-18 2.59807621e-02
      vertex -1.89906666e-02 -3.34856691e-03 2.29813333e-02
      vertex -1.47721163e-02 -2.60472267e-03 2.59807621e-02
    endloop
  endfacet
  facet normal -5.55449686e-01 -1.48832295e-01 8.18122603e-01
    outer loop
      vertex -1.47721163e-02 -2.60472267e-03 2.59807621e-02
      vertex -1.89906666e-02 -3.34856691e-03 2.29813333e-02
      vertex -1.81206832e-02 -6.59538931e-03 2.29813333e-02
    endloop
  endfacet
  facet normal -5.55449686e-01 -1.48832295e-01 8.18122603e-01
    outer loop
      vertex -1.47721163e-02 -2.60472267e-03 2.59807621e-02
      vertex -1.81206832e-02 -6.59538931e-03 2.29813333e-02
      vertex -1.40953893e-02 -5.13030215e-03 2.59807621e-02
    endloop
  endfacet
  facet normal -5.21166701e-01 -2.43024024e-01 8.18122603e-01
    outer loop
      vertex -1.40953893e-02 -5.13030215e-03 2.59807621e-02
      vertex -1.81206832e-02 -6.59538931e-03 2.29813333e-02
      vertex -1.67001120e-02 -9.64181415e-03 2.29813333e-02
    endloop
  endfacet
  facet normal -5.21166701e-01 -2.43024024e-01 8.18122603e-01
    outer loop
      vertex -1.40953893e-02 -5.13030215e-03 2.59807621e-02
      vertex -1.67001120e-02 -9.64181415e-03 2.29813333e-02
      vertex -1.29903811e-02 -7.50000000e-03 2.59807621e-02
    endloop
  endfacet
  facet normal -4.71048328e-01 -3.29831590e-01 8.18122603e-01
    outer loop
      vertex -1.29903811e-02 -7.50000000e-03 2.59807621e-02
      vertex -1.67001120e-02 -9.64181415e-03 2.29813333e-02
      vertex -1.47721163e-02 -1.23952773e-02 2.29813333e-02
    endloop
  endfacet
  facet normal -4.71048328e-01 -3.29831590e-01 8.18122603e-01
    outer loop
      vertex -1.29903811e-02 -7.50000000e-03 2.59807621e-02
      vertex -1.47721163e-02 -1.23952773e-02 2.29813333e-02
      vertex -1.14906666e-02 -9.64181415e-03 2.59807621e-02
    endloop
  endfacet
  facet normal -4.06617391e-01 -4.06617391e-01 8.18122603e-01
    outer loop
      vertex -1.14906666e-02 -9.64181415e-03 2.59807621e-02
      vertex -1.47721163e-02 -1.23952773e-02 2.29813333e-02
      vertex -1.23952773e-02 -1.47721163e-02 2.29813333e-02
    endloop
  endfacet
  facet normal -4.06617391e-01 -4.06617391e-01 8.18122603e-01
    outer loop
      vertex -1.14906666e-02 -9.64181415e-03 2.59807621e-02
      vertex -1.23952773e-02 -1.47721163e-02 2.29813333e-02
      vertex -9.64181415e-03 -1.14906666e-02 2.59807621e-02
    endloop
  endfacet
  facet normal -3.29831590e-01 -4.71048328e-01 8.18122603e-01
    outer loop
      vertex -9.64181415e-03 -1.14906666e-02 2.59807621e-02
      vertex -1.23952773e-02 -1.47721163e-02 2.29813333e-02
      vertex -9.64181415e-03 -1.67001120e-02 2.29813333e-02
    endloop
  endfacet
  facet normal -3.29831590e-01 -4.71048328e-01 8.18122603e-01
    outer loop
      vertex -9.64181415e-03 -1.14906666e-02 2.59807621e-02
      vertex -9.64181415e-03 -1.67001120e-02 2.29813333e-02
      vertex -7.50000000e-03 -1.29903811e-02 2.59807621e-02
    endloop
  endfacet
  facet normal -2.43024024e-01 -5.21166701e-01 8.18122603e-01
    outer loop
      vertex -7.50000000e-03 -1.29903811e-02 2.59807621e-02
      vertex -9.64181415e-03 -1.67001120e-02 2.29813333e-02
      vertex -6.59538931e-03 -1.81206832e-02 2.29813333e-02
    endloop
  endfacet
  facet normal -2.43024024e-01 -5.21166701e-01 8.18122603e-01
    outer loop
      vertex -7.50000000e-03 -1.29903811e-02 2.59807621e-02
      vertex -6.59538931e-03 -1.81206832e-02 2.29813333e-02
      vertex -5.13030215e-03 -1.40953893e-02 2.59807621e-02
    endloop
  endfacet
  facet normal -1.48832295e-01 -5.55449686e-01 8.18122603e-01
    outer loop
      vertex -5.13030215e-03 -1.40953893e-02 2.59807621e-02
      vertex -6.59538931e-03 -1.81206832e-02 2.29813333e-02
      vertex -3.34856691e-03 -1.89906666e-02 2.29813333e-02
    endloop
  endfacet
  facet normal -1.48832295e-01 -5.55449686e-01 8.18122603e-01
    outer loop
      vertex -5.13030215e-03 -1.40953893e-02 2.59807621e-02
      vertex -3.34856691e-03 -1.89906666e-02 2.29813333e-02
      vertex -2.60472267e-03 -1.47721163e-02 2.59807621e-02
    endloop
  endfacet
  facet normal -5.01183721e-02 -5.72855614e-01 8.18122603e-01
    outer loop
      vertex -2.60472267e-03 -1.47721163e-02 2.59807621e-02
      vertex -3.34856691e-03 -1.89906666e-02 2.29813333e-02
      vertex -3.54234505e-18 -1.92836283e-02 2.29813333e-02
    endloop
  endfacet
  facet normal -5.01183721e-02 -5.72855614e-01 8.18122603e-01
    outer loop
      vertex -2.60472267e-03 -1.47721163e-02 2.59807621e-02
      vertex -3.54234505e-18 -1.92836283e-02 2.29813333e-02
      vertex -2.75545530e-18 -1.50000000e-02 2.59807621e-02
    endloop
  endfacet
  facet normal 5.01183721e-02 -5.72855614e-01 8.18122603e-01
    outer loop
      vertex -2.75545530e-18 -1.50000000e-02 2.59807621e-02
      vertex -3.54234505e-18 -1.92836283e-02 2.29813333e-02
      vertex 3.34856691e-03 -1.89906666e-02 2.29813333e-02
    endloop
  endfacet
  facet normal 5.01183721e-02 -5.72855614e-01 8.18122603e-01
    outer loop
      vertex -2.75545530e-18 -1.50000000e-02 2.59807621e-02
      vertex 3.34856691e-03 -1.89906666e-02 2.29813333e-02
      vertex 2.60472267e-03 -1.47721163e-02 2.59807621e-02
    endloop
  endfacet
  facet normal 1.48832295e-01 -5.55449686e-01 8.18122603e-01
    outer loop
      vertex 2.60472267e-03 -1.47721163e-02 2.59807621e-02
      vertex 3.34856691e-03 -1.89906666e-02 2.29813333e-02
      vertex 6.59538931e-03 -1.81206832e-02 2.29813333e-02
    endloop
  endfacet
  facet normal 1.48832295e-01 -5.55449686e-01 8.18122603e-01
    outer loop
      vertex 2.60472267e-03 -1.47721163e-02 2.59807621e-02
      vertex 6.59538931e-03 -1.81206832e-02 2.29813333e-02
      vertex 5.13030215e-03 -1.40953893e-02 2.59807621e-02
    endloop
  endfacet
  facet normal 2.43024024e-01 -5.21166701e-01 8.18122603e-01
    outer loop
      vertex 5.13030215e-03 -1.40953893e-02 2.59807621e-02
      vertex 6.59538931e-03 -1.81206832e-02 2.29813333e-02
      vertex 9.64181415e-03 -1.67001120e-02 2.29813333e-02
    endloop
  endfacet
  facet normal 2.43024024e-01 -5.21166701e-01 8.18122603e-01
    outer loop
      vertex 5.13030215e-03 -1.40953893e-02 2.59807621e-02
      vertex 9.64181415e-03 -1.67001120e-02 2.29813333e-02
      vertex 7.50000000e-03 -1.29903811e-02 2.59807621e-02
    endloop
  endfacet
  facet normal 3.29831590e-01 -4.71048328e-01 8.18122603e-01
    outer loop
      vertex 7.50000000e-03 -1.29903811e-02 2.59807621e-02
      vertex 9.64181415e-03 -1.67001120e-02 2.29813333e-02
      vertex 1.23952773e-02 -1.47721163e-02 2.29813333e-02
    endloop
  endfacet
  facet normal 3.29831590e-01 -4.71048328e-01 8.18122603e-01
    outer loop
      vertex 7.50000000e-03 -1.29903811e-02 2.59807621e-02
      vertex 1.23952773e-02 -1.47721163e-02 2.29813333e-02
      vertex 9.64181415e-03 -1.14906666e-02 2.59807621e-02
    endloop
  endfacet
  facet normal 4.06617391e-01 -4.06617391e-01 8.18122603e-01
    outer loop
      vertex 9.64181415e-03 -1.14906666e-02 2.59807621e-02
      vertex 1.23952773e-02 -1.47721163e-02 2.29813333e-02
      vertex 1.47721163e-02 -1.23952773e-02 2.29813333e-02
    endloop
  endfacet
  facet normal 4.06617391e-01 -4.06617391e-01 8.18122603e-01
    outer loop
      vertex 9.64181415e-03 -1.14906666e-02 2.59807621e-02
      vertex 1.47721163e-02 -1.23952773e-02 2.29813333e-02
      vertex 1.14906666e-02 -9.64181415e-03 2.59807621e-02
    endloop
  endfacet
  facet normal 4.71048328e-01 -3.29831590e-01 8.18122603e-01
    outer loop
      vertex 1.14906666e-02 -9.64181415e-03 2.59807621e-02
      vertex 1.47721163e-02 -1.23952773e-02 2.29813333e-02
      vertex 1.67001120e-02 -9.64181415e-03 2.29813333e-02
    endloop
  endfacet
  facet normal 4.71048328e-01 -3.29831590e-01 8.18122603e-01
    outer loop
      vertex 1.14906666e-02 -9.64181415e-03 2.59807621e-02
      vertex 1.67001120e-02 -9.64181415e-03 2.29813333e-02
      vertex 1.29903811e-02 -7.50000000e-03 2.59807621e-02
    endloop
  endfacet
  facet normal 5.21166701e-01 -2.43024024e-01 8.18122603e-01
    outer loop
      vertex 1.29903811e-02 -7.50000000e-03 2.59807621e-02
      vertex 1.67001120e-02 -9.64181415e-03 2.29813333e-02
      vertex 1.81206832e-02 -6.59538931e-03 2.29813333e-02
    endloop
  endfacet
  facet normal 5.21166701e-01 -2.43024024e-01 8.18122603e-01
    outer loop
      vertex 1.29903811e-02 -7.50000000e-03 2.59807621e-02
      vertex 1.81206832e-02 -6.59538931e-03 2.29813333e-02
      vertex 1.40953893e-02 -5.13030215e-03 2.59807621e-02
    endloop
  endfacet
  facet normal 5.55449686e-01 -1.48832295e-01 8.18122603e-01
    outer loop
      vertex 1.40953893e-02 -5.13030215e-03 2.59807621e-02
      vertex 1.81206832e-02 -6.59538931e-03 2.29813333e-02
      vertex 1.89906666e-02 -3.34856691e-03 2.29813333e-02
    endloop
  endfacet
  facet normal 5.55449686e-01 -1.48832295e-01 8.18122603e-01
    outer loop
      vertex 1.40953893e-02 -5.13030215e-03 2.59807621e-02
      vertex 1.89906666e-02 -3.34856691e-03 2.29813333e-02
      vertex 1.47721163e-02 -2.60472267e-03 2.59807621e-02
    endloop
  endfacet
  facet normal 5.72855614e-01 -5.01183721e-02 8.18122603e-01
    outer loop
      vertex 1.47721163e-02 -2.60472267e-03 2.59807621e-02
      vertex 1.89906666e-02 -3.34856691e-03 2.29813333e-02
      vertex 1.92836283e-02 0.00000000e+00 2.29813333e-02
    endloop
  endfacet
  facet normal 5.72855614e-01 -5.01183721e-02 8.18122603e-01
    outer loop
      vertex 1.47721163e-02 -2.60472267e-03 2.59807621e-02
      vertex 1.92836283e-02 0.00000000e+00 2.29813333e-02
      vertex 1.50000000e-02 0.00000000e+00 2.59807621e-02
    endloop
  endfacet
  facet normal 7.05757557e-01 6.17457854e-02 7.05757557e-01
    outer loop
      vertex 1.92836283e-02 0.00000000e+00 2.29813333e-02
      vertex 2.29813333e-02 0.00000000e+00 1.92836283e-02
      vertex 2.26321952e-02 3.99066665e-03 1.92836283e-02
    endloop
  endfacet
  facet normal 7.05757557e-01 6.17457854e-02 7.05757557e-01
    outer loop
      vertex 1.92836283e-02 0.00000000e+00 2.29813333e-02
      vertex 2.26321952e-02 3.99066665e-03 1.92836283e-02
      vertex 1.89906666e-02 3.34856691e-03 2.29813333e-02
    endloop
  endfacet
  facet normal 6.84313471e-01 1.83361242e-01 7.05757557e-01
    outer loop
      vertex 1.89906666e-02 3.34856691e-03 2.29813333e-02
      vertex 2.26321952e-02 3.99066665e-03 1.92836283e-02
      vertex 2.15953893e-02 7.86007891e-03 1.92836283e-02
    endloop
  endfacet
  facet normal 6.84313471e-01 1.83361242e-01 7.05757557e-01
    outer loop
      vertex 1.89906666e-02 3.34856691e-03 2.29813333e-02
      vertex 2.15953893e-02 7.86007891e-03 1.92836283e-02
      vertex 1.81206832e-02 6.59538931e-03 2.29813333e-02
    endloop
  endfacet
  facet normal 6.42076866e-01 2.99405360e-01 7.05757557e-01
    outer loop
      vertex 1.81206832e-02 6.59538931e-03 2.29813333e-02
      vertex 2.15953893e-02 7.86007891e-03 1.92836283e-02
      vertex 1.99024184e-02 1.14906666e-02 1.92836283e-02
    endloop
  endfacet
  facet normal 6.42076866e-01 2.99405360e-01 7.05757557e-01
    outer loop
      vertex 1.81206832e-02 6.59538931e-03 2.29813333e-02
      vertex 1.99024184e-02 1.14906666e-02 1.92836283e-02
      vertex 1.67001120e-02 9.64181415e-03 2.29813333e-02
    endloop
  endfacet
  facet normal 5.80331080e-01 4.06352197e-01 7.05757557e-01
    outer loop
      vertex 1.67001120e-02 9.64181415e-03 2.29813333e-02
      vertex 1.99024184e-02 1.14906666e-02 1.92836283e-02
      vertex 1.76047227e-02 1.47721163e-02 1.92836283e-02
    endloop
  endfacet
  facet normal 5.80331080e-01 4.06352197e-01 7.05757557e-01
    outer loop
      vertex 1.67001120e-02 9.64181415e-03 2.29813333e-02
      vertex 1.76047227e-02 1.47721163e-02 1.92836283e-02
      vertex 1.47721163e-02 1.23952773e-02 2.29813333e-02
    endloop
  endfacet
  facet normal 5.00952229e-01 5.00952229e-01 7.05757557e-01
    outer loop
      vertex 1.47721163e-02 1.23952773e-02 2.29813333e-02
      vertex 1.76047227e-02 1.47721163e-02 1.92836283e-02
      vertex 1.47721163e-02 1.76047227e-02 1.92836283e-02
    endloop
  endfacet
  facet normal 5.00952229e-01 5.00952229e-01 7.05757557e-01
    outer loop
      vertex 1.47721163e-02 1.23952773e-02 2.29813333e-02
      vertex 1.47721163e-02 1.76047227e-02 1.92836283e-02
      vertex 1.23952773e-02 1.47721163e-02 2.29813333e-02
    endloop
  endfacet
  facet normal 4.06352197e-01 5.80331080e-01 7.05757557e-01
    outer loop
      vertex 1.23952773e-02 1.47721163e-02 2.29813333e-02
      vertex 1.47721163e-02 1.76047227e-02 1.92836283e-02
      vertex 1.14906666e-02 1.99024184e-02 1.92836283e-02
    endloop
  endfacet
  facet normal 4.06352197e-01 5.80331080e-01 7.05757557e-01
    outer loop
      vertex 1.23952773e-02 1.47721163e-02 2.29813333e-02
      vertex 1.14906666e-02 1.99024184e-02 1.92836283e-02
      vertex 9.64181415e-03 1.67001120e-02 2.29813333e-02
    endloop
  endfacet
  facet normal 2.99405360e-01 6.42076866e-01 7.05757557e-01
    outer loop
      vertex 9.64181415e-03 1.67001120e-02 2.29813333e-02
      vertex 1.14906666e-02 1.99024184e-02 1.92836283e-02
      vertex 7.86007891e-03 2.15953893e-02 1.92836283e-02
    endloop
  endfacet
  facet normal 2.99405360e-01 6.42076866e-01 7.05757557e-01
    outer loop
      vertex 9.64181415e-03 1.67001120e-02 2.29813333e-02
      vertex 7.86007891e-03 2.15953893e-02 1.92836283e-02
      vertex 6.59538931e-03 1.81206832e-02 2.29813333e-02
    endloop
  endfacet
  facet normal 1.83361242e-01 6.84313471e-01 7.05757557e-01
    outer loop
      vertex 6.59538931e-03 1.81206832e-02 2.29813333e-02
      vertex 7.86007891e-03 2.15953893e-02 1.92836283e-02
      vertex 3.99066665e-03 2.26321952e-02 1.92836283e-02
    endloop
  endfacet
  facet normal 1.83361242e-01 6.84313471e-01 7.05757557e-01
    outer loop
      vertex 6.59538931e-03 1.81206832e-02 2.29813333e-02
      vertex 3.99066665e-03 2.26321952e-02 1.92836283e-02
      vertex 3.34856691e-03 1.89906666e-02 2.29813333e-02
    endloop
  endfacet
  facet normal 6.17457854e-02 7.05757557e-01 7.05757557e-01
    outer loop
      vertex 3.34856691e-03 1.89906666e-02 2.29813333e-02
      vertex 3.99066665e-03 2.26321952e-02 1.92836283e-02
      vertex 1.40720081e-18 2.29813333e-02 1.92836283e-02
    endloop
  endfacet
  facet normal 6.17457854e-02 7.05757557e-01 7.05757557e-01
    outer loop
      vertex 3.34856691e-03 1.89906666e-02 2.29813333e-02
      vertex 1.40720081e-18 2.29813333e-02 1.92836283e-02
      vertex 1.18078168e-18 1.92836283e-02 2.29813333e-02
    endloop
  endfacet
  facet normal -6.17457854e-02 7.05757557e-01 7.05757557e-01
    outer loop
      vertex 1.18078168e-18 1.92836283e-02 2.29813333e-02
      vertex 1.40720081e-18 2.29813333e-02 1.92836283e-02
      vertex -3.99066665e-03 2.26321952e-02 1.92836283e-02
    endloop
  endfacet
  facet normal -6.17457854e-02 7.05757557e-01 7.05757557e-01
    outer loop
      vertex 1.18078168e-18 1.92836283e-02 2.29813333e-02
      vertex -3.99066665e-03 2.26321952e-02 1.92836283e-02
      vertex -3.34856691e-03 1.89906666e-02 2.29813333e-02
    endloop
  endfacet
  facet normal -1.83361242e-01 6.84313471e-01 7.05757557e-01
    outer loop
      vertex -3.34856691e-03 1.89906666e-02 2.29813333e-02
      vertex -3.99066665e-03 2.26321952e-02 1.92836283e-02
      vertex -7.86007891e-03 2.15953893e-02 1.92836283e-02
    endloop
  endfacet
  facet normal -1.83361242e-01 6.84313471e-01 7.05757557e-01
    outer loop
      vertex -3.34856691e-03 1.89906666e-02 2.29813333e-02
      vertex -7.86007891e-03 2.15953893e-02 1.92836283e-02
      vertex -6.59538931e-03 1.81206832e-02 2.29813333e-02
    endloop
  endfacet
  facet normal -2.99405360e-01 6.42076866e-01 7.05757557e-01
    outer loop
      vertex -6.59538931e-03 1.81206832e-02 2.29813333e-02
      vertex -7.86007891e-03 2.15953893e-02 1.92836283e-02
      vertex -1.14906666e-02 1.99024184e-02 1.92836283e-02
    endloop
  endfacet
  facet normal -2.99405360e-01 6.42076866e-01 7.05757557e-01
    outer loop
      vertex -6.59538931e-03 1.81206832e-02 2.29813333e-02
      vertex -1.14906666e-02 1.99024184e-02 1.92836283e-02
      vertex -9.64181415e-03 1.67001120e-02 2.29813333e-02
    endloop
  endfacet
  facet normal -4.06352197e-01 5.80331080e-01 7.05757557e-01
    outer loop
      vertex -9.64181415e-03 1.67001120e-02 2.29813333e-02
      vertex -1.14906666e-02 1.99024184e-02 1.92836283e-02
      vertex -1.47721163e-02 1.76047227e-02 1.92836283e-02
    endloop
  endfacet
  facet normal -4.06352197e-01 5.80331080e-01 7.05757557e-01
    outer loop
      vertex -9.64181415e-03 1.67001120e-02 2.29813333e-02
      vertex -1.47721163e-02 1.76047227e-02 1.92836283e-02
      vertex -1.23952773e-02 1.47721163e-02 2.29813333e-02
    endloop
  endfacet
  facet normal -5.00952229e-01 5.00952229e-01 7.05757557e-01
    outer loop
      vertex -1.23952773e-02 1.47721163e-02 2.29813333e-02
      vertex -1.47721163e-02 1.76047227e-02 1.92836283e-02
      vertex -1.76047227e-02 1.47721163e-02 1.92836283e-02
    endloop
  endfacet
  facet normal -5.00952229e-01 5.00952229e-01 7.05757557e-01
    outer loop
      vertex -1.23952773e-02 1.47721163e-02 2.29813333e-02
      vertex -1.76047227e-02 1.47721163e-02 1.92836283e-02
      vertex -1.47721163e-02 1.23952773e-02 2.29813333e-02
    endloop
  endfacet
  facet normal -5.80331080e-01 4.06352197e-01 7.05757557e-01
    outer loop
      vertex -1.47721163e-02 1.23952773e-02 2.29813333e-02
      vertex -1.76047227e-02 1.47721163e-02 1.92836283e-02
      vertex -1.99024184e-02 1.14906666e-02 1.92836283e-02
    endloop
  endfacet
  facet normal -5.80331080e-01 4.06352197e-01 7.05757557e-01
    outer loop
      vertex -1.47721163e-02 1.23952773e-02 2.29813333e-02
      vertex -1.99024184e-02 1.14906666e-02 1.92836283e-02
      vertex -1.67001120e-02 9.64181415e-03 2.29813333e-02
    endloop
  endfacet
  facet normal -6.42076866e-01 2.99405360e-01 7.05757557e-01
    outer loop
      vertex -1.67001120e-02 9.64181415e-03 2.29813333e-02
      vertex -1.99024184e-02 1.14906666e-02 1.92836283e-02
      vertex -2.15953893e-02 7.86007891e-03 1.92836283e-02
    endloop
  endfacet
  facet normal -6.42076866e-01 2.99405360e-01 7.05757557e-01
    outer loop
      vertex -1.67001120e-02 9.64181415e-03 2.29813333e-02
      vertex -2.15953893e-02 7.86007891e-03 1.92836283e-02
      vertex -1.81206832e-02 6.59538931e-03 2.29813333e-02
    endloop
  endfacet
  facet normal -6.84313471e-01 1.83361242e-01 7.05757557e-01
    outer loop
      vertex -1.81206832e-02 6.59538931e-03 2.29813333e-02
      vertex -2.15953893e-02 7.86007891e-03 1.92836283e-02
      vertex -2.26321952e-02 3.99066665e-03 1.92836283e-02
    endloop
  endfacet
  facet normal -6.84313471e-01 1.83361242e-01 7.05757557e-01
    outer loop
      vertex -1.81206832e-02 6.59538931e-03 2.29813333e-02
      vertex -2.26321952e-02 3.99066665e-03 1.92836283e-02
      vertex -1.89906666e-02 3.34856691e-03 2.29813333e-02
    endloop
  endfacet
  facet normal -7.05757557e-01 6.17457854e-02 7.05757557e-01
    outer loop
      vertex -1.89906666e-02 3.34856691e-03 2.29813333e-02
      vertex -2.26321952e-02 3.99066665e-03 1.92836283e-02
      vertex -2.29813333e-02 2.81440163e-18 1.92836283e-02
    endloop
  endfacet
  facet normal -7.05757557e-01 6.17457854e-02 7.05757557e-01
    outer loop
      vertex -1.89906666e-02 3.34856691e-03 2.29813333e-02
      vertex -2.29813333e-02 2.81440163e-18 1.92836283e-02
      vertex -1.92836283e-02 2.36156337e-18 2.29813333e-02
    endloop
  endfacet
  facet normal -7.05757557e-01 -6.17457854e-02 7.05757557e-01
    outer loop
      vertex -1.92836283e-02 2.36156337e-18 2.29813333e-02
      vertex -2.29813333e-02 2.81440163e-18 1.92836283e-02
      vertex -2.26321952e-02 -3.99066665e-03 1.92836283e-02
    endloop
  endfacet
  facet normal -7.05757557e-01 -6.17457854e-02 7.05757557e-01
    outer loop
      vertex -1.92836283e-02 2.36156337e-18 2.29813333e-02
      vertex -2.26321952e-02 -3.99066665e-03 1.92836283e-02
      vertex -1.89906666e-02 -3.34856691e-03 2.29813333e-02
    endloop
  endfacet
  facet normal -6.84313471e-01 -1.83361242e-01 7.05757557e-01
    outer loop
      vertex -1.89906666e-02 -3.34856691e-03 2.29813333e-02
      vertex -2.26321952e-02 -3.99066665e-03 1.92836283e-02
      vertex -2.15953893e-02 -7.86007891e-03 1.92836283e-02
    endloop
  endfacet
  facet normal -6.84313471e-01 -1.83361242e-01 7.05757557e-01
    outer loop
      vertex -1.89906666e-02 -3.34856691e-03 2.29813333e-02
      vertex -2.15953893e-02 -7.86007891e-03 1.92836283e-02
      vertex -1.81206832e-02 -6.59538931e-03 2.29813333e-02
    endloop
  endfacet
  facet normal -6.42076866e-01 -2.99405360e-01 7.05757557e-01
    outer loop
      vertex -1.81206832e-02 -6.59538931e-03 2.29813333e-02
      vertex -2.15953893e-02 -7.86007891e-03 1.92836283e-02
      vertex -1.99024184e-02 -1.14906666e-02 1.92836283e-02
    endloop
  endfacet
  facet normal -6.42076866e-01 -2.99405360e-01 7.05757557e-01
    outer loop
      vertex -1.81206832e-02 -6.59538931e-03 2.29813333e-02
      vertex -1.99024184e-02 -1.14906666e-02 1.92836283e-02
      vertex -1.67001120e-02 -9.64181415e-03 2.29813333e-02
    endloop
  endfacet
  facet normal -5.80331080e-01 -4.06352197e-01 7.05757557e-01
    outer loop
      vertex -1.67001120e-02 -9.64181415e-03 2.29813333e-02
      vertex -1.99024184e-02 -1.14906666e-02 1.92836283e-02
      vertex -1.76047227e-02 -1.47721163e-02 1.92836283e-02
    endloop
  endfacet
  facet normal -5.80331080e-01 -4.06352197e-01 7.05757557e-01
    outer loop
      vertex -1.67001120e-02 -9.64181415e-03 2.29813333e-02
      vertex -1.76047227e-02 -1.47721163e-02 1.92836283e-02
      vertex -1.47721163e-02 -1.23952773e-02 2.29813333e-02
    endloop
  endfacet
  facet normal -5.00952229e-01 -5.00952229e-01 7.05757557e-01
    outer loop
      vertex -1.47721163e-02 -1.23952773e-02 2.29813333e-02
      vertex -1.76047227e-02 -1.47721163e-02 1.92836283e-02
      vertex -1.47721163e-02 -1.76047227e-02 1.92836283e-02
    endloop
  endfacet
  facet normal -5.00952229e-01 -5.00952229e-01 7.05757557e-01
    outer loop
      vertex -1.47721163e-02 -1.23952773e-02 2.29813333e-02
      vertex -1.47721163e-02 -1.76047227e-02 1.92836283e-02
      vertex -1.23952773e-02 -1.47721163e-02 2.29813333e-02
    endloop
  endfacet
  facet normal -4.06352197e-01 -5.80331080e-01 7.05757557e-01
    outer loop
      vertex -1.23952773e-02 -1.47721163e-02 2.29813333e-02
      vertex -1.47721163e-02 -1.76047227e-02 1.92836283e-02
      vertex -1.14906666e-02 -1.99024184e-02 1.92836283e-02
    endloop
  endfacet
  facet normal -4.06352197e-01 -5.80331080e-01 7.05757557e-01
    outer loop
      vertex -1.23952773e-02 -1.47721163e-02 2.29813333e-02
      vertex -1.14906666e-02 -1.99024184e-02 1.92836283e-02
      vertex -9.64181415e-03 -1.67001120e-02 2.29813333e-02
    endloop
  endfacet
  facet normal -2.99405360e-01 -6.42076866e-01 7.05757557e-01
    outer loop
      vertex -9.64181415e-03 -1.67001120e-02 2.29813333e-02
      vertex -1.14906666e-02 -1.99024184e-02 1.92836283e-02
      vertex -7.86007891e-03 -2.15953893e-02 1.92836283e-02
    endloop
  endfacet
  facet normal -2.99405360e-01 -6.42076866e-01 7.05757557e-01
    outer loop
      vertex -9.64181415e-03 -1.67001120e-02 2.29813333e-02
      vertex -7.86007891e-03 -2.15953893e-02 1.92836283e-02
      vertex -6.59538931e-03 -1.81206832e-02 2.29813333e-02
    endloop
  endfacet
  facet normal -1.83361242e-01 -6.84313471e-01 7.05757557e-01
    outer loop
      vertex -6.59538931e-03 -1.81206832e-02 2.29813333e-02
      vertex -7.86007891e-03 -2.15953893e-02 1.92836283e-02
      vertex -3.99066665e-03 -2.26321952e-02 1.92836283e-02
    endloop
  endfacet
  facet normal -1.83361242e-01 -6.84313471e-01 7.05757557e-01
    outer loop
      vertex -6.59538931e-03 -1.81206832e-02 2.29813333e-02
      vertex -3.99066665e-03 -2.26321952e-02 1.92836283e-02
      vertex -3.34856691e-03 -1.89906666e-02 2.29813333e-02
    endloop
  endfacet
  facet normal -6.17457854e-02 -7.05757557e-01 7.05757557e-01
    outer loop
      vertex -3.34856691e-03 -1.89906666e-02 2.29813333e-02
      vertex -3.99066665e-03 -2.26321952e-02 1.92836283e-02
      vertex -4.22160244e-18 -2.29813333e-02 1.92836283e-02
    endloop
  endfacet
  facet normal -6.17457854e-02 -7.05757557e-01 7.05757557e-01
    outer loop
      vertex -3.34856691e-03 -1.89906666e-02 2.29813333e-02
      vertex -4.22160244e-18 -2.29813333e-02 1.92836283e-02
      vertex -3.54234505e-18 -1.92836283e-02 2.29813333e-02
    endloop
  endfacet
  facet normal 6.17457854e-02 -7.05757557e-01 7.05757557e-01
    outer loop
      vertex -3.54234505e-18 -1.92836283e-02 2.29813333e-02
      vertex -4.22160244e-18 -2.29813333e-02 1.92836283e-02
      vertex 3.99066665e-03 -2.26321952e-02 1.92836283e-02
    endloop
  endfacet
  facet normal 6.17457854e-02 -7.05757557e-01 7.05757557e-01
    outer loop
      vertex -3.54234505e-18 -1.92836283e-02 2.29813333e-02
      vertex 3.99066665e-03 -2.26321952e-02 1.92836283e-02
      vertex 3.34856691e-03 -1.89906666e-02 2.29813333e-02
    endloop
  endfacet
  facet normal 1.83361242e-01 -6.84313471e-01 7.05757557e-01
    outer loop
      vertex 3.34856691e-03 -1.89906666e-02 2.29813333e-02
      vertex 3.99066665e-03 -2.26321952e-02 1.92836283e-02
      vertex 7.86007891e-03 -2.15953893e-02 1.92836283e-02
    endloop
  endfacet
  facet normal 1.83361242e-01 -6.84313471e-01 7.05757557e-01
    outer loop
      vertex 3.34856691e-03 -1.89906666e-02 2.29813333e-02
      vertex 7.86007891e-03 -2.15953893e-02 1.92836283e-02
      vertex 6.59538931e-03 -1.81206832e-02 2.29813333e-02
    endloop
  endfacet
  facet normal 2.99405360e-01 -6.42076866e-01 7.05757557e-01
    outer loop
      vertex 6.59538931e-03 -1.81206832e-02 2.29813333e-02
      vertex 7.86007891e-03 -2.15953893e-02 1.92836283e-02
      vertex 1.14906666e-02 -1.99024184e-02 1.92836283e-02
    endloop
  endfacet
  facet normal 2.99405360e-01 -6.42076866e-01 7.05757557e-01
    outer loop
      vertex 6.59538931e-03 -1.81206832e-02 2.29813333e-02
      vertex 1.14906666e-02 -1.99024184e-02 1.92836283e-02
      vertex 9.64181415e-03 -1.67001120e-02 2.29813333e-02
    endloop
  endfacet
  facet normal 4.06352197e-01 -5.80331080e-01 7.05757557e-01
    outer loop
      vertex 9.64181415e-03 -1.67001120e-02 2.29813333e-02
      vertex 1.14906666e-02 -1.99024184e-02 1.92836283e-02
      vertex 1.47721163e-02 -1.76047227e-02 1.92836283e-02
    endloop
  endfacet
  facet normal 4.06352197e-01 -5.80331080e-01 7.05757557e-01
    outer loop
      vertex 9.64181415e-03 -1.67001120e-02 2.29813333e-02
      vertex 1.47721163e-02 -1.76047227e-02 1.92836283e-02
      vertex 1.23952773e-02 -1.47721163e-02 2.29813333e-02
    endloop
  endfacet
  facet normal 5.00952229e-01 -5.00952229e-01 7.05757557e-01
    outer loop
      vertex 1.23952773e-02 -1.47721163e-02 2.29813333e-02
      vertex 1.47721163e-02 -1.76047227e-02 1.92836283e-02
      vertex 1.76047227e-02 -1.47721163e-02 1.92836283e-02
    endloop
  endfacet
  facet normal 5.00952229e-01 -5.00952229e-01 7.05757557e-01
    outer loop
      vertex 1.23952773e-02 -1.47721163e-02 2.29813333e-02
      vertex 1.76047227e-02 -1.47721163e-02 1.92836283e-02
      vertex 1.47721163e-02 -1.23952773e-02 2.29813333e-02
    endloop
  endfacet
  facet normal 5.80331080e-01 -4.06352197e-01 7.05757557e-01
    outer loop
      vertex 1.47721163e-02 -1.23952773e-02 2.29813333e-02
      vertex 1.76047227e-02 -1.47721163e-02 1.92836283e-02
      vertex 1.99024184e-02 -1.14906666e-02 1.92836283e-02
    endloop
  endfacet
  facet normal 5.80331080e-01 -4.06352197e-01 7.05757557e-01
    outer loop
      vertex 1.47721163e-02 -1.23952773e-02 2.29813333e-02
      vertex 1.99024184e-02 -1.14906666e-02 1.92836283e-02
      vertex 1.67001120e-02 -9.64181415e-03 2.29813333e-02
    endloop
  endfacet
  facet normal 6.42076866e-01 -2.99405360e-01 7.05757557e-01
    outer loop
      vertex 1.67001120e-02 -9.64181415e-03 2.29813333e-02
      vertex 1.99024184e-02 -1.14906666e-02 1.92836283e-02
      vertex 2.15953893e-02 -7.86007891e-03 1.92836283e-02
    endloop
  endfacet
  facet normal 6.42076866e-01 -2.99405360e-01 7.05757557e-01
    outer loop
      vertex 1.67001120e-02 -9.64181415e-03 2.29813333e-02
      vertex 2.15953893e-02 -7.86007891e-03 1.92836283e-02
      vertex 1.81206832e-02 -6.59538931e-03 2.29813333e-02
    endloop
  endfacet
  facet normal 6.84313471e-01 -1.83361242e-01 7.05757557e-01
    outer loop
      vertex 1.81206832e-02 -6.59538931e-03 2.29813333e-02
      vertex 2.15953893e-02 -7.86007891e-03 1.92836283e-02
      vertex 2.26321952e-02 -3.99066665e-03 1.92836283e-02
    endloop
  endfacet
  facet normal 6.84313471e-01 -1.83361242e-01 7.05757557e-01
    outer loop
      vertex 1.81206832e-02 -6.59538931e-03 2.29813333e-02
      vertex 2.26321952e-02 -3.99066665e-03 1.92836283e-02
      vertex 1.89906666e-02 -3.34856691e-03 2.29813333e-02
    endloop
  endfacet
  facet normal 7.05757557e-01 -6.17457854e-02 7.05757557e-01
    outer loop
      vertex 1.89906666e-02 -3.34856691e-03 2.29813333e-02
      vertex 2.26321952e-02 -3.99066665e-03 1.92836283e-02
      vertex 2.29813333e-02 0.00000000e+00 1.92836283e-02
    endloop
  endfacet
  facet normal 7.05757557e-01 -6.17457854e-02 7.05757557e-01
    outer loop
      vertex 1.89906666e-02 -3.34856691e-03 2.29813333e-02
      vertex 2.29813333e-02 0.00000000e+00 1.92836283e-02
      vertex 1.92836283e-02 0.00000000e+00 2.29813333e-02
    endloop
  endfacet
  facet normal 8.17056494e-01 7.14831807e-02 5.72109116e-01
    outer loop
      vertex 2.29813333e-02 0.00000000e+00 1.92836283e-02
      vertex 2.59807621e-02 0.00000000e+00 1.50000000e-02
      vertex 2.55860560e-02 4.51151200e-03 1.50000000e-02
    endloop
  endfacet
  facet normal 8.17056494e-01 7.14831807e-02 5.72109116e-01
    outer loop
      vertex 2.29813333e-02 0.00000000e+00 1.92836283e-02
      vertex 2.55860560e-02 4.51151200e-03 1.50000000e-02
      vertex 2.26321952e-02 3.99066665e-03 1.92836283e-02
    endloop
  endfacet
  facet normal 7.92230646e-01 2.12277562e-01 5.72109116e-01
    outer loop
      vertex 2.26321952e-02 3.99066665e-03 1.92836283e-02
      vertex 2.55860560e-02 4.51151200e-03 1.50000000e-02
      vertex 2.44139304e-02 8.88594398e-03 1.50000000e-02
    endloop
  endfacet
  facet normal 7.92230646e-01 2.12277562e-01 5.72109116e-01
    outer loop
      vertex 2.26321952e-02 3.99066665e-03 1.92836283e-02
      vertex 2.44139304e-02 8.88594398e-03 1.50000000e-02
      vertex 2.15953893e-02 7.86007891e-03 1.92836283e-02
    endloop
  endfacet
  facet normal 7.43333270e-01 3.46621997e-01 5.72109116e-01
    outer loop
      vertex 2.15953893e-02 7.86007891e-03 1.92836283e-02
      vertex 2.44139304e-02 8.88594398e-03 1.50000000e-02
      vertex 2.25000000e-02 1.29903811e-02 1.50000000e-02
    endloop
  endfacet
  facet normal 7.43333270e-01 3.46621997e-01 5.72109116e-01
    outer loop
      vertex 2.15953893e-02 7.86007891e-03 1.92836283e-02
      vertex 2.25000000e-02 1.29903811e-02 1.50000000e-02
      vertex 1.99024184e-02 1.14906666e-02 1.92836283e-02
    endloop
  endfacet
  facet normal 6.71850090e-01 4.70434497e-01 5.72109116e-01
    outer loop
      vertex 1.99024184e-02 1.14906666e-02 1.92836283e-02
      vertex 2.25000000e-02 1.29903811e-02 1.50000000e-02
      vertex 1.99024184e-02 1.67001120e-02 1.50000000e-02
    endloop
  endfacet
  facet normal 6.71850090e-01 4.70434497e-01 5.72109116e-01
    outer loop
      vertex 1.99024184e-02 1.14906666e-02 1.92836283e-02
      vertex 1.99024184e-02 1.67001120e-02 1.50000000e-02
      vertex 1.76047227e-02 1.47721163e-02 1.92836283e-02
    endloop
  endfacet
  facet normal 5.79953084e-01 5.79953084e-01 5.72109116e-01
    outer loop
      vertex 1.76047227e-02 1.47721163e-02 1.92836283e-02
      vertex 1.99024184e-02 1.67001120e-02 1.50000000e-02
      vertex 1.67001120e-02 1.99024184e-02 1.50000000e-02
    endloop
  endfacet
  facet normal 5.79953084e-01 5.79953084e-01 5.72109116e-01
    outer loop
      vertex 1.76047227e-02 1.47721163e-02 1.92836283e-02
      vertex 1.67001120e-02 1.99024184e-02 1.50000000e-02
      vertex 1.47721163e-02 1.76047227e-02 1.92836283e-02
    endloop
  endfacet
  facet normal 4.70434497e-01 6.71850090e-01 5.72109116e-01
    outer loop
      vertex 1.47721163e-02 1.76047227e-02 1.92836283e-02
      vertex 1.67001120e-02 1.99024184e-02 1.50000000e-02
      vertex 1.29903811e-02 2.25000000e-02 1.50000000e-02
    endloop
  endfacet
  facet normal 4.70434497e-01 6.71850090e-01 5.72109116e-01
    outer loop
      vertex 1.47721163e-02 1.76047227e-02 1.92836283e-02
      vertex 1.29903811e-02 2.25000000e-02 1.50000000e-02
      vertex 1.14906666e-02 1.99024184e-02 1.92836283e-02
    endloop
  endfacet
  facet normal 3.46621997e-01 7.43333270e-01 5.72109116e-01
    outer loop
      vertex 1.14906666e-02 1.99024184e-02 1.92836283e-02
      vertex 1.29903811e-02 2.25000000e-02 1.50000000e-02
      vertex 8.88594398e-03 2.44139304e-02 1.50000000e-02
    endloop
  endfacet
  facet normal 3.46621997e-01 7.43333270e-01 5.72109116e-01
    outer loop
      vertex 1.14906666e-02 1.99024184e-02 1.92836283e-02
      vertex 8.88594398e-03 2.44139304e-02 1.50000000e-02
      vertex 7.86007891e-03 2.15953893e-02 1.92836283e-02
    endloop
  endfacet
  facet normal 2.12277562e-01 7.92230646e-01 5.72109116e-01
    outer loop
      vertex 7.86007891e-03 2.15953893e-02 1.92836283e-02
      vertex 8.88594398e-03 2.44139304e-02 1.50000000e-02
      vertex 4.51151200e-03 2.55860560e-02 1.50000000e-02
    endloop
  endfacet
  facet normal 2.12277562e-01 7.92230646e-01 5.72109116e-01
    outer loop
      vertex 7.86007891e-03 2.15953893e-02 1.92836283e-02
      vertex 4.51151200e-03 2.55860560e-02 1.50000000e-02
      vertex 3.99066665e-03 2.26321952e-02 1.92836283e-02
    endloop
  endfacet
  facet normal 7.14831807e-02 8.17056494e-01 5.72109116e-01
    outer loop
      vertex 3.99066665e-03 2.26321952e-02 1.92836283e-02
      vertex 4.51151200e-03 2.55860560e-02 1.50000000e-02
      vertex 1.59086286e-18 2.59807621e-02 1.50000000e-02
    endloop
  endfacet
  facet normal 7.14831807e-02 8.17056494e-01 5.72109116e-01
    outer loop
      vertex 3.99066665e-03 2.26321952e-02 1.92836283e-02
      vertex 1.59086286e-18 2.59807621e-02 1.50000000e-02
      vertex 1.40720081e-18 2.29813333e-02 1.92836283e-02
    endloop
  endfacet
  facet normal -7.14831807e-02 8.17056494e-01 5.72109116e-01
    outer loop
      vertex 1.40720081e-18 2.29813333e-02 1.92836283e-02
      vertex 1.59086286e-18 2.59807621e-02 1.50000000e-02
      vertex -4.51151200e-03 2.55860560e-02 1.50000000e-02
    endloop
  endfacet
  facet normal -7.14831807e-02 8.17056494e-01 5.72109116e-01
    outer loop
      vertex 1.40720081e-18 2.29813333e-02 1.92836283e-02
      vertex -4.51151200e-03 2.55860560e-02 1.50000000e-02
      vertex -3.99066665e-03 2.26321952e-02 1.92836283e-02
    endloop
  endfacet
  facet normal -2.12277562e-01 7.92230646e-01 5.72109116e-01
    outer loop
      vertex -3.99066665e-03 2.26321952e-02 1.92836283e-02
      vertex -4.51151200e-03 2.55860560e-02 1.50000000e-02
      vertex -8.88594398e-03 2.44139304e-02 1.50000000e-02
    endloop
  endfacet
  facet normal -2.12277562e-01 7.92230646e-01 5.72109116e-01
    outer loop
      vertex -3.99066665e-03 2.26321952e-02 1.92836283e-02
      vertex -8.88594398e-03 2.44139304e-02 1.50000000e-02
      vertex -7.86007891e-03 2.15953893e-02 1.92836283e-02
    endloop
  endfacet
  facet normal -3.46621997e-01 7.43333270e-01 5.72109116e-01
    outer loop
      vertex -7.86007891e-03 2.15953893e-02 1.92836283e-02
      vertex -8.88594398e-03 2.44139304e-02 1.50000000e-02
      vertex -1.29903811e-02 2.25000000e-02 1.50000000e-02
    endloop
  endfacet
  facet normal -3.46621997e-01 7.43333270e-01 5.72109116e-01
    outer loop
      vertex -7.86007891e-03 2.15953893e-02 1.92836283e-02
      vertex -1.29903811e-02 2.25000000e-02 1.50000000e-02
      vertex -1.14906666e-02 1.99024184e-02 1.92836283e-02
    endloop
  endfacet
  facet normal -4.70434497e-01 6.71850090e-01 5.72109116e-01
    outer loop
      vertex -1.14906666e-02 1.99024184e-02 1.92836283e-02
      vertex -1.29903811e-02 2.25000000e-02 1.50000000e-02
      vertex -1.67001120e-02 1.99024184e-02 1.50000000e-02
    endloop
  endfacet
  facet normal -4.70434497e-01 6.71850090e-01 5.72109116e-01
    outer loop
      vertex -1.14906666e-02 1.99024184e-02 1.92836283e-02
      vertex -1.67001120e-02 1.99024184e-02 1.50000000e-02
      vertex -1.47721163e-02 1.76047227e-02 1.92836283e-02
    endloop
  endfacet
  facet normal -5.79953084e-01 5.79953084e-01 5.72109116e-01
    outer loop
      vertex -1.47721163e-02 1.76047227e-02 1.92836283e-02
      vertex -1.67001120e-02 1.99024184e-02 1.50000000e-02
      vertex -1.99024184e-02 1.67001120e-02 1.50000000e-02
    endloop
  endfacet
  facet normal -5.79953084e-01 5.79953084e-01 5.72109116e-01
    outer loop
      vertex -1.47721163e-02 1.76047227e-02 1.92836283e-02
      vertex -1.99024184e-02 1.67001120e-02 1.50000000e-02
      vertex -1.76047227e-02 1.47721163e-02 1.92836283e-02
    endloop
  endfacet
  facet normal -6.71850090e-01 4.70434497e-01 5.72109116e-01
    outer loop
      vertex -1.76047227e-02 1.47721163e-02 1.92836283e-02
      vertex -1.99024184e-02 1.67001120e-02 1.50000000e-02
      vertex -2.25000000e-02 1.29903811e-02 1.50000000e-02
    endloop
  endfacet
  facet normal -6.71850090e-01 4.70434497e-01 5.72109116e-01
    outer loop
      vertex -1.76047227e-02 1.47721163e-02 1.92836283e-02
      vertex -2.25000000e-02 1.29903811e-02 1.50000000e-02
      vertex -1.99024184e-02 1.14906666e-02 1.92836283e-02
    endloop
  endfacet
  facet normal -7.43333270e-01 3.46621997e-01 5.72109116e-01
    outer loop
      vertex -1.99024184e-02 1.14906666e-02 1.92836283e-02
      vertex -2.25000000e-02 1.29903811e-02 1.50000000e-02
      vertex -2.44139304e-02 8.88594398e-03 1.50000000e-02
    endloop
  endfacet
  facet normal -7.43333270e-01 3.46621997e-01 5.72109116e-01
    outer loop
      vertex -1.99024184e-02 1.14906666e-02 1.92836283e-02
      vertex -2.44139304e-02 8.88594398e-03 1.50000000e-02
      vertex -2.15953893e-02 7.86007891e-03 1.92836283e-02
    endloop
  endfacet
  facet normal -7.92230646e-01 2.12277562e-01 5.72109116e-01
    outer loop
      vertex -2.15953893e-02 7.86007891e-03 1.92836283e-02
      vertex -2.44139304e-02 8.88594398e-03 1.50000000e-02
      vertex -2.55860560e-02 4.51151200e-03 1.50000000e-02
    endloop
  endfacet
  facet normal -7.92230646e-01 2.12277562e-01 5.72109116e-01
    outer loop
      vertex -2.15953893e-02 7.86007891e-03 1.92836283e-02
      vertex -2.55860560e-02 4.51151200e-03 1.50000000e-02
      vertex -2.26321952e-02 3.99066665e-03 1.92836283e-02
    endloop
  endfacet
  facet normal -8.17056494e-01 7.14831807e-02 5.72109116e-01
    outer loop
      vertex -2.26321952e-02 3.99066665e-03 1.92836283e-02
      vertex -2.55860560e-02 4.51151200e-03 1.50000000e-02
      vertex -2.59807621e-02 3.18172572e-18 1.50000000e-02
    endloop
  endfacet
  facet normal -8.17056494e-01 7.14831807e-02 5.72109116e-01
    outer loop
      vertex -2.26321952e-02 3.99066665e-03 1.92836283e-02
      vertex -2.59807621e-02 3.18172572e-18 1.50000000e-02
      vertex -2.29813333e-02 2.81440163e-18 1.92836283e-02
    endloop
  endfacet
  facet normal -8.17056494e-01 -7.14831807e-02 5.72109116e-01
    outer loop
      vertex -2.29813333e-02 2.81440163e-18 1.92836283e-02
      vertex -2.59807621e-02 3.18172572e-18 1.50000000e-02
      vertex -2.55860560e-02 -4.51151200e-03 1.50000000e-02
    endloop
  endfacet
  facet normal -8.17056494e-01 -7.14831807e-02 5.72109116e-01
    outer loop
      vertex -2.29813333e-02 2.81440163e-18 1.92836283e-02
      vertex -2.55860560e-02 -4.51151200e-03 1.50000000e-02
      vertex -2.26321952e-02 -3.99066665e-03 1.92836283e-02
    endloop
  endfacet
  facet normal -7.92230646e-01 -2.12277562e-01 5.72109116e-01
    outer loop
      vertex -2.26321952e-02 -3.99066665e-03 1.92836283e-02
      vertex -2.55860560e-02 -4.51151200e-03 1.50000000e-02
      vertex -2.44139304e-02 -8.88594398e-03 1.50000000e-02
    endloop
  endfacet
  facet normal -7.92230646e-01 -2.12277562e-01 5.72109116e-01
    outer loop
      vertex -2.26321952e-02 -3.99066665e-03 1.92836283e-02
      vertex -2.44139304e-02 -8.88594398e-03 1.50000000e-02
      vertex -2.15953893e-02 -7.86007891e-03 1.92836283e-02
    endloop
  endfacet
  facet normal -7.43333270e-01 -3.46621997e-01 5.72109116e-01
    outer loop
      vertex -2.15953893e-02 -7.86007891e-03 1.92836283e-02
      vertex -2.44139304e-02 -8.88594398e-03 1.50000000e-02
      vertex -2.25000000e-02 -1.29903811e-02 1.50000000e-02
    endloop
  endfacet
  facet normal -7.43333270e-01 -3.46621997e-01 5.72109116e-01
    outer loop
      vertex -2.15953893e-02 -7.86007891e-03 1.92836283e-02
      vertex -2.25000000e-02 -1.29903811e-02 1.50000000e-02
      vertex -1.99024184e-02 -1.14906666e-02 1.92836283e-02
    endloop
  endfacet
  facet normal -6.71850090e-01 -4.70434497e-01 5.72109116e-01
    outer loop
      vertex -1.99024184e-02 -1.14906666e-02 1.92836283e-02
      vertex -2.25000000e-02 -1.29903811e-02 1.50000000e-02
      vertex -1.99024184e-02 -1.67001120e-02 1.50000000e-02
    endloop
  endfacet
  facet normal -6.71850090e-01 -4.70434497e-01 5.72109116e-01
    outer loop
      vertex -1.99024184e-02 -1.14906666e-02 1.92836283e-02
      vertex -1.99024184e-02 -1.67001120e-02 1.50000000e-02
      vertex -1.76047227e-02 -1.47721163e-02 1.92836283e-02
    endloop
  endfacet
  facet normal -5.79953084e-01 -5.79953084e-01 5.72109116e-01
    outer loop
      vertex -1.76047227e-02 -1.47721163e-02 1.92836283e-02
      vertex -1.99024184e-02 -1.67001120e-02 1.50000000e-02
      vertex -1.67001120e-02 -1.99024184e-02 1.50000000e-02
    endloop
  endfacet
  facet normal -5.79953084e-01 -5.79953084e-01 5.72109116e-01
    outer loop
      vertex -1.76047227e-02 -1.47721163e-02 1.92836283e-02
      vertex -1.67001120e-02 -1.99024184e-02 1.50000000e-02
      vertex -1.47721163e-02 -1.76047227e-02 1.92836283e-02
    endloop
  endfacet
  facet normal -4.70434497e-01 -6.71850090e-01 5.72109116e-01
    outer loop
      vertex -1.47721163e-02 -1.76047227e-02 1.92836283e-02
      vertex -1.67001120e-02 -1.99024184e-02 1.50000000e-02
      vertex -1.29903811e-02 -2.25000000e-02 1.50000000e-02
    endloop
  endfacet
  facet normal -4.70434497e-01 -6.71850090e-01 5.72109116e-01
    outer loop
      vertex -1.47721163e-02 -1.76047227e-02 1.92836283e-02
      vertex -1.29903811e-02 -2.25000000e-02 1.50000000e-02
      vertex -1.14906666e-02 -1.99024184e-02 1.92836283e-02
    endloop
  endfacet
  facet normal -3.46621997e-01 -7.43333270e-01 5.72109116e-01
    outer loop
      vertex -1.14906666e-02 -1.99024184e-02 1.92836283e-02
      vertex -1.29903811e-02 -2.25000000e-02 1.50000000e-02
      vertex -8.88594398e-03 -2.44139304e-02 1.50000000e-02
    endloop
  endfacet
  facet normal -3.46621997e-01 -7.43333270e-01 5.72109116e-01
    outer loop
      vertex -1.14906666e-02 -1.99024184e-02 1.92836283e-02
      vertex -8.88594398e-03 -2.44139304e-02 1.50000000e-02
      vertex -7.86007891e-03 -2.15953893e-02 1.92836283e-02
    endloop
  endfacet
  facet normal -2.12277562e-01 -7.92230646e-01 5.72109116e-01
    outer loop
      vertex -7.86007891e-03 -2.15953893e-02 1.92836283e-02
      vertex -8.88594398e-03 -2.44139304e-02 1.50000000e-02
      vertex -4.51151200e-03 -2.55860560e-02 1.50000000e-02
    endloop
  endfacet
  facet normal -2.12277562e-01 -7.92230646e-01 5.72109116e-01
    outer loop
      vertex -7.86007891e-03 -2.15953893e-02 1.92836283e-02
      vertex -4.51151200e-03 -2.55860560e-02 1.50000000e-02
      vertex -3.99066665e-03 -2.26321952e-02 1.92836283e-02
    endloop
  endfacet
  facet normal -7.14831807e-02 -8.17056494e-01 5.72109116e-01
    outer loop
      vertex -3.99066665e-03 -2.26321952e-02 1.92836283e-02
      vertex -4.51151200e-03 -2.55860560e-02 1.50000000e-02
      vertex -4.77258857e-18 -2.59807621e-02 1.50000000e-02
    endloop
  endfacet
  facet normal -7.14831807e-02 -8.17056494e-01 5.72109116e-01
    outer loop
      vertex -3.99066665e-03 -2.26321952e-02 1.92836283e-02
      vertex -4.77258857e-18 -2.59807621e-02 1.50000000e-02
      vertex -4.22160244e-18 -2.29813333e-02 1.92836283e-02
    endloop
  endfacet
  facet normal 7.14831807e-02 -8.17056494e-01 5.72109116e-01
    outer loop
      vertex -4.22160244e-18 -2.29813333e-02 1.92836283e-02
      vertex -4.77258857e-18 -2.59807621e-02 1.50000000e-02
      vertex 4.51151200e-03 -2.55860560e-02 1.50000000e-02
    endloop
  endfacet
  facet normal 7.14831807e-02 -8.17056494e-01 5.72109116e-01
    outer loop
      vertex -4.22160244e-18 -2.29813333e-02 1.92836283e-02
      vertex 4.51151200e-03 -2.55860560e-02 1.50000000e-02
      vertex 3.99066665e-03 -2.26321952e-02 1.92836283e-02
    endloop
  endfacet
  facet normal 2.12277562e-01 -7.92230646e-01 5.72109116e-01
    outer loop
      vertex 3.99066665e-03 -2.26321952e-02 1.92836283e-02
      vertex 4.51151200e-03 -2.55860560e-02 1.50000000e-02
      vertex 8.88594398e-03 -2.44139304e-02 1.50000000e-02
    endloop
  endfacet
  facet normal 2.12277562e-01 -7.92230646e-01 5.72109116e-01
    outer loop
      vertex 3.99066665e-03 -2.26321952e-02 1.92836283e-02
      vertex 8.88594398e-03 -2.44139304e-02 1.50000000e-02
      vertex 7.86007891e-03 -2.15953893e-02 1.92836283e-02
    endloop
  endfacet
  facet normal 3.46621997e-01 -7.43333270e-01 5.72109116e-01
    outer loop
      vertex 7.86007891e-03 -2.15953893e-02 1.92836283e-02
      vertex 8.88594398e-03 -2.44139304e-02 1.50000000e-02
      vertex 1.29903811e-02 -2.25000000e-02 1.50000000e-02
    endloop
  endfacet
  facet normal 3.46621997e-01 -7.43333270e-01 5.72109116e-01
    outer loop
      vertex 7.86007891e-03 -2.15953893e-02 1.92836283e-02
      vertex 1.29903811e-02 -2.25000000e-02 1.50000000e-02
      vertex 1.14906666e-02 -1.99024184e-02 1.92836283e-02
    endloop
  endfacet
  facet normal 4.70434497e-01 -6.71850090e-01 5.72109116e-01
    outer loop
      vertex 1.14906666e-02 -1.99024184e-02 1.92836283e-02
      vertex 1.29903811e-02 -2.25000000e-02 1.50000000e-02
      vertex 1.67001120e-02 -1.99024184e-02 1.50000000e-02
    endloop
  endfacet
  facet normal 4.70434497e-01 -6.71850090e-01 5.72109116e-01
    outer loop
      vertex 1.14906666e-02 -1.99024184e-02 1.92836283e-02
      vertex 1.67001120e-02 -1.99024184e-02 1.50000000e-02
      vertex 1.47721163e-02 -1.76047227e-02 1.92836283e-02
    endloop
  endfacet
  facet normal 5.79953084e-01 -5.79953084e-01 5.72109116e-01
    outer loop
      vertex 1.47721163e-02 -1.76047227e-02 1.92836283e-02
      vertex 1.67001120e-02 -1.99024184e-02 1.50000000e-02
      vertex 1.99024184e-02 -1.67001120e-02 1.50000000e-02
    endloop
  endfacet
  facet normal 5.79953084e-01 -5.79953084e-01 5.72109116e-01
    outer loop
      vertex 1.47721163e-02 -1.76047227e-02 1.92836283e-02
      vertex 1.99024184e-02 -1.67001120e-02 1.50000000e-02
      vertex 1.76047227e-02 -1.47721163e-02 1.92836283e-02
    endloop
  endfacet
  facet normal 6.71850090e-01 -4.70434497e-01 5.72109116e-01
    outer loop
      vertex 1.76047227e-02 -1.47721163e-02 1.92836283e-02
      vertex 1.99024184e-02 -1.67001120e-02 1.50000000e-02
      vertex 2.25000000e-02 -1.29903811e-02 1.50000000e-02
    endloop
  endfacet
  facet normal 6.71850090e-01 -4.70434497e-01 5.72109116e-01
    outer loop
      vertex 1.76047227e-02 -1.47721163e-02 1.92836283e-02
      vertex 2.25000000e-02 -1.29903811e-02 1.50000000e-02
      vertex 1.99024184e-02 -1.14906666e-02 1.92836283e-02
    endloop
  endfacet
  facet normal 7.43333270e-01 -3.46621997e-01 5.72109116e-01
    outer loop
      vertex 1.99024184e-02 -1.14906666e-02 1.92836283e-02
      vertex 2.25000000e-02 -1.29903811e-02 1.50000000e-02
      vertex 2.44139304e-02 -8.88594398e-03 1.50000000e-02
    endloop
  endfacet
  facet normal 7.43333270e-01 -3.46621997e-01 5.72109116e-01
    outer loop
      vertex 1.99024184e-02 -1.14906666e-02 1.92836283e-02
      vertex 2.44139304e-02 -8.88594398e-03 1.50000000e-02
      vertex 2.15953893e-02 -7.86007891e-03 1.92836283e-02
    endloop
  endfacet
  facet normal 7.92230646e-01 -2.12277562e-01 5.72109116e-01
    outer loop
      vertex 2.15953893e-02 -7.86007891e-03 1.92836283e-02
      vertex 2.44139304e-02 -8.88594398e-03 1.50000000e-02
      vertex 2.55860560e-02 -4.51151200e-03 1.50000000e-02
    endloop
  endfacet
  facet normal 7.92230646e-01 -2.12277562e-01 5.72109116e-01
    outer loop
      vertex 2.15953893e-02 -7.86007891e-03 1.92836283e-02
      vertex 2.55860560e-02 -4.51151200e-03 1.50000000e-02
      vertex 2.26321952e-02 -3.99066665e-03 1.92836283e-02
    endloop
  endfacet
  facet normal 8.17056494e-01 -7.14831807e-02 5.72109116e-01
    outer loop
      vertex 2.26321952e-02 -3.99066665e-03 1.92836283e-02
      vertex 2.55860560e-02 -4.51151200e-03 1.50000000e-02
      vertex 2.59807621e-02 0.00000000e+00 1.50000000e-02
    endloop
  endfacet
  facet normal 8.17056494e-01 -7.14831807e-02 5.72109116e-01
    outer loop
      vertex 2.26321952e-02 -3.99066665e-03 1.92836283e-02
      vertex 2.59807621e-02 0.00000000e+00 1.50000000e-02
      vertex 2.29813333e-02 0.00000000e+00 1.92836283e-02
    endloop
  endfacet
  facet normal 9.03472097e-01 7.90435663e-02 4.21295958e-01
    outer loop
      vertex 2.59807621e-02 0.00000000e+00 1.50000000e-02
      vertex 2.81907786e-02 0.00000000e+00 1.02606043e-02
      vertex 2.77624974e-02 4.89527733e-03 1.02606043e-02
    endloop
  endfacet
  facet normal 9.03472097e-01 7.90435663e-02 4.21295958e-01
    outer loop
      vertex 2.59807621e-02 0.00000000e+00 1.50000000e-02
      vertex 2.77624974e-02 4.89527733e-03 1.02606043e-02
      vertex 2.55860560e-02 4.51151200e-03 1.50000000e-02
    endloop
  endfacet
  facet normal 8.76020555e-01 2.34729000e-01 4.21295958e-01
    outer loop
      vertex 2.55860560e-02 4.51151200e-03 1.50000000e-02
      vertex 2.77624974e-02 4.89527733e-03 1.02606043e-02
      vertex 2.64906666e-02 9.64181415e-03 1.02606043e-02
    endloop
  endfacet
  facet normal 8.76020555e-01 2.34729000e-01 4.21295958e-01
    outer loop
      vertex 2.55860560e-02 4.51151200e-03 1.50000000e-02
      vertex 2.64906666e-02 9.64181415e-03 1.02606043e-02
      vertex 2.44139304e-02 8.88594398e-03 1.50000000e-02
    endloop
  endfacet
  facet normal 8.21951571e-01 3.83282312e-01 4.21295958e-01
    outer loop
      vertex 2.44139304e-02 8.88594398e-03 1.50000000e-02
      vertex 2.64906666e-02 9.64181415e-03 1.02606043e-02
      vertex 2.44139304e-02 1.40953893e-02 1.02606043e-02
    endloop
  endfacet
  facet normal 8.21951571e-01 3.83282312e-01 4.21295958e-01
    outer loop
      vertex 2.44139304e-02 8.88594398e-03 1.50000000e-02
      vertex 2.44139304e-02 1.40953893e-02 1.02606043e-02
      vertex 2.25000000e-02 1.29903811e-02 1.50000000e-02
    endloop
  endfacet
  facet normal 7.42908005e-01 5.20189785e-01 4.21295958e-01
    outer loop
      vertex 2.25000000e-02 1.29903811e-02 1.50000000e-02
      vertex 2.44139304e-02 1.40953893e-02 1.02606043e-02
      vertex 2.15953893e-02 1.81206832e-02 1.02606043e-02
    endloop
  endfacet
  facet normal 7.42908005e-01 5.20189785e-01 4.21295958e-01
    outer loop
      vertex 2.25000000e-02 1.29903811e-02 1.50000000e-02
      vertex 2.15953893e-02 1.81206832e-02 1.02606043e-02
      vertex 1.99024184e-02 1.67001120e-02 1.50000000e-02
    endloop
  endfacet
  facet normal 6.41291555e-01 6.41291555e-01 4.21295958e-01
    outer loop
      vertex 1.99024184e-02 1.67001120e-02 1.50000000e-02
      vertex 2.15953893e-02 1.81206832e-02 1.02606043e-02
      vertex 1.81206832e-02 2.15953893e-02 1.02606043e-02
    endloop
  endfacet
  facet normal 6.41291555e-01 6.41291555e-01 4.21295958e-01
    outer loop
      vertex 1.99024184e-02 1.67001120e-02 1.50000000e-02
      vertex 1.81206832e-02 2.15953893e-02 1.02606043e-02
      vertex 1.67001120e-02 1.99024184e-02 1.50000000e-02
    endloop
  endfacet
  facet normal 5.20189785e-01 7.42908005e-01 4.21295958e-01
    outer loop
      vertex 1.67001120e-02 1.99024184e-02 1.50000000e-02
      vertex 1.81206832e-02 2.15953893e-02 1.02606043e-02
      vertex 1.40953893e-02 2.44139304e-02 1.02606043e-02
    endloop
  endfacet
  facet normal 5.20189785e-01 7.42908005e-01 4.21295958e-01
    outer loop
      vertex 1.67001120e-02 1.99024184e-02 1.50000000e-02
      vertex 1.40953893e-02 2.44139304e-02 1.02606043e-02
      vertex 1.29903811e-02 2.25000000e-02 1.50000000e-02
    endloop
  endfacet
  facet normal 3.83282312e-01 8.21951571e-01 4.21295958e-01
    outer loop
      vertex 1.29903811e-02 2.25000000e-02 1.50000000e-02
      vertex 1.40953893e-02 2.44139304e-02 1.02606043e-02
      vertex 9.64181415e-03 2.64906666e-02 1.02606043e-02
    endloop
  endfacet
  facet normal 3.83282312e-01 8.21951571e-01 4.21295958e-01
    outer loop
      vertex 1.29903811e-02 2.25000000e-02 1.50000000e-02
      vertex 9.64181415e-03 2.64906666e-02 1.02606043e-02
      vertex 8.88594398e-03 2.44139304e-02 1.50000000e-02
    endloop
  endfacet
  facet normal 2.34729000e-01 8.76020555e-01 4.21295958e-01
    outer loop
      vertex 8.88594398e-03 2.44139304e-02 1.50000000e-02
      vertex 9.64181415e-03 2.64906666e-02 1.02606043e-02
      vertex 4.89527733e-03 2.77624974e-02 1.02606043e-02
    endloop
  endfacet
  facet normal 2.34729000e-01 8.76020555e-01 4.21295958e-01
    outer loop
      vertex 8.88594398e-03 2.44139304e-02 1.50000000e-02
      vertex 4.89527733e-03 2.77624974e-02 1.02606043e-02
      vertex 4.51151200e-03 2.55860560e-02 1.50000000e-02
    endloop
  endfacet
  facet normal 7.90435663e-02 9.03472097e-01 4.21295958e-01
    outer loop
      vertex 4.51151200e-03 2.55860560e-02 1.50000000e-02
      vertex 4.89527733e-03 2.77624974e-02 1.02606043e-02
      vertex 1.72618734e-18 2.81907786e-02 1.02606043e-02
    endloop
  endfacet
  facet normal 7.90435663e-02 9.03472097e-01 4.21295958e-01
    outer loop
      vertex 4.51151200e-03 2.55860560e-02 1.50000000e-02
      vertex 1.72618734e-18 2.81907786e-02 1.02606043e-02
      vertex 1.59086286e-18 2.59807621e-02 1.50000000e-02
    endloop
  endfacet
  facet normal -7.90435663e-02 9.03472097e-01 4.21295958e-01
    outer loop
      vertex 1.59086286e-18 2.59807621e-02 1.50000000e-02
      vertex 1.72618734e-18 2.81907786e-02 1.02606043e-02
      vertex -4.89527733e-03 2.77624974e-02 1.02606043e-02
    endloop
  endfacet
  facet normal -7.90435663e-02 9.03472097e-01 4.21295958e-01
    outer loop
      vertex 1.59086286e-18 2.59807621e-02 1.50000000e-02
      vertex -4.89527733e-03 2.77624974e-02 1.02606043e-02
      vertex -4.51151200e-03 2.55860560e-02 1.50000000e-02
    endloop
  endfacet
  facet normal -2.34729000e-01 8.76020555e-01 4.21295958e-01
    outer loop
      vertex -4.51151200e-03 2.55860560e-02 1.50000000e-02
      vertex -4.89527733e-03 2.77624974e-02 1.02606043e-02
      vertex -9.64181415e-03 2.64906666e-02 1.02606043e-02
    endloop
  endfacet
  facet normal -2.34729000e-01 8.76020555e-01 4.21295958e-01
    outer loop
      vertex -4.51151200e-03 2.55860560e-02 1.50000000e-02
      vertex -9.64181415e-03 2.64906666e-02 1.02606043e-02
      vertex -8.88594398e-03 2.44139304e-02 1.50000000e-02
    endloop
  endfacet
  facet normal -3.83282312e-01 8.21951571e-01 4.21295958e-01
    outer loop
      vertex -8.88594398e-03 2.44139304e-02 1.50000000e-02
      vertex -9.64181415e-03 2.64906666e-02 1.02606043e-02
      vertex -1.40953893e-02 2.44139304e-02 1.02606043e-02
    endloop
  endfacet
  facet normal -3.83282312e-01 8.21951571e-01 4.21295958e-01
    outer loop
      vertex -8.88594398e-03 2.44139304e-02 1.50000000e-02
      vertex -1.40953893e-02 2.44139304e-02 1.02606043e-02
      vertex -1.29903811e-02 2.25000000e-02 1.50000000e-02
    endloop
  endfacet
  facet normal -5.20189785e-01 7.42908005e-01 4.21295958e-01
    outer loop
      vertex -1.29903811e-02 2.25000000e-02 1.50000000e-02
      vertex -1.40953893e-02 2.44139304e-02 1.02606043e-02
      vertex -1.81206832e-02 2.15953893e-02 1.02606043e-02
    endloop
  endfacet
  facet normal -5.20189785e-01 7.42908005e-01 4.21295958e-01
    outer loop
      vertex -1.29903811e-02 2.25000000e-02 1.50000000e-02
      vertex -1.81206832e-02 2.15953893e-02 1.02606043e-02
      vertex -1.67001120e-02 1.99024184e-02 1.50000000e-02
    endloop
  endfacet
  facet normal -6.41291555e-01 6.41291555e-01 4.21295958e-01
    outer loop
      vertex -1.67001120e-02 1.99024184e-02 1.50000000e-02
      vertex -1.81206832e-02 2.15953893e-02 1.02606043e-02
      vertex -2.15953893e-02 1.81206832e-02 1.02606043e-02
    endloop
  endfacet
  facet normal -6.41291555e-01 6.41291555e-01 4.21295958e-01
    outer loop
      vertex -1.67001120e-02 1.99024184e-02 1.50000000e-02
      vertex -2.15953893e-02 1.81206832e-02 1.02606043e-02
      vertex -1.99024184e-02 1.67001120e-02 1.50000000e-02
    endloop
  endfacet
  facet normal -7.42908005e-01 5.20189785e-01 4.21295958e-01
    outer loop
      vertex -1.99024184e-02 1.67001120e-02 1.50000000e-02
      vertex -2.15953893e-02 1.81206832e-02 1.02606043e-02
      vertex -2.44139304e-02 1.40953893e-02 1.02606043e-02
    endloop
  endfacet
  facet normal -7.42908005e-01 5.20189785e-01 4.21295958e-01
    outer loop
      vertex -1.99024184e-02 1.67001120e-02 1.50000000e-02
      vertex -2.44139304e-02 1.40953893e-02 1.02606043e-02
      vertex -2.25000000e-02 1.29903811e-02 1.50000000e-02
    endloop
  endfacet
  facet normal -8.21951571e-01 3.83282312e-01 4.21295958e-01
    outer loop
      vertex -2.25000000e-02 1.29903811e-02 1.50000000e-02
      vertex -2.44139304e-02 1.40953893e-02 1.02606043e-02
      vertex -2.64906666e-02 9.64181415e-03 1.02606043e-02
    endloop
  endfacet
  facet normal -8.21951571e-01 3.83282312e-01 4.21295958e-01
    outer loop
      vertex -2.25000000e-02 1.29903811e-02 1.50000000e-02
      vertex -2.64906666e-02 9.64181415e-03 1.02606043e-02
      vertex -2.44139304e-02 8.88594398e-03 1.50000000e-02
    endloop
  endfacet
  facet normal -8.76020555e-01 2.34729000e-01 4.21295958e-01
    outer loop
      vertex -2.44139304e-02 8.88594398e-03 1.50000000e-02
      vertex -2.64906666e-02 9.64181415e-03 1.02606043e-02
      vertex -2.77624974e-02 4.89527733e-03 1.02606043e-02
    endloop
  endfacet
  facet normal -8.76020555e-01 2.34729000e-01 4.21295958e-01
    outer loop
      vertex -2.44139304e-02 8.88594398e-03 1.50000000e-02
      vertex -2.77624974e-02 4.89527733e-03 1.02606043e-02
      vertex -2.55860560e-02 4.51151200e-03 1.50000000e-02
    endloop
  endfacet
  facet normal -9.03472097e-01 7.90435663e-02 4.21295958e-01
    outer loop
      vertex -2.55860560e-02 4.51151200e-03 1.50000000e-02
      vertex -2.77624974e-02 4.89527733e-03 1.02606043e-02
      vertex -2.81907786e-02 3.45237468e-18 1.02606043e-02
    endloop
  endfacet
  facet normal -9.03472097e-01 7.90435663e-02 4.21295958e-01
    outer loop
      vertex -2.55860560e-02 4.51151200e-03 1.50000000e-02
      vertex -2.81907786e-02 3.45237468e-18 1.02606043e-02
      vertex -2.59807621e-02 3.18172572e-18 1.50000000e-02
    endloop
  endfacet
  facet normal -9.03472097e-01 -7.90435663e-02 4.21295958e-01
    outer loop
      vertex -2.59807621e-02 3.18172572e-18 1.50000000e-02
      vertex -2.81907786e-02 3.45237468e-18 1.02606043e-02
      vertex -2.77624974e-02 -4.89527733e-03 1.02606043e-02
    endloop
  endfacet
  facet normal -9.03472097e-01 -7.90435663e-02 4.21295958e-01
    outer loop
      vertex -2.59807621e-02 3.18172572e-18 1.50000000e-02
      vertex -2.77624974e-02 -4.89527733e-03 1.02606043e-02
      vertex -2.55860560e-02 -4.51151200e-03 1.50000000e-02
    endloop
  endfacet
  facet normal -8.76020555e-01 -2.34729000e-01 4.21295958e-01
    outer loop
      vertex -2.55860560e-02 -4.51151200e-03 1.50000000e-02
      vertex -2.77624974e-02 -4.89527733e-03 1.02606043e-02
      vertex -2.64906666e-02 -9.64181415e-03 1.02606043e-02
    endloop
  endfacet
  facet normal -8.76020555e-01 -2.34729000e-01 4.21295958e-01
    outer loop
      vertex -2.55860560e-02 -4.51151200e-03 1.50000000e-02
      vertex -2.64906666e-02 -9.64181415e-03 1.02606043e-02
      vertex -2.44139304e-02 -8.88594398e-03 1.50000000e-02
    endloop
  endfacet
  facet normal -8.21951571e-01 -3.83282312e-01 4.21295958e-01
    outer loop
      vertex -2.44139304e-02 -8.88594398e-03 1.50000000e-02
      vertex -2.64906666e-02 -9.64181415e-03 1.02606043e-02
      vertex -2.44139304e-02 -1.40953893e-02 1.02606043e-02
    endloop
  endfacet
  facet normal -8.21951571e-01 -3.83282312e-01 4.21295958e-01
    outer loop
      vertex -2.44139304e-02 -8.88594398e-03 1.50000000e-02
      vertex -2.44139304e-02 -1.40953893e-02 1.02606043e-02
      vertex -2.25000000e-02 -1.29903811e-02 1.50000000e-02
    endloop
  endfacet
  facet normal -7.42908005e-01 -5.20189785e-01 4.21295958e-01
    outer loop
      vertex -2.25000000e-02 -1.29903811e-02 1.50000000e-02
      vertex -2.44139304e-02 -1.40953893e-02 1.02606043e-02
      vertex -2.15953893e-02 -1.81206832e-02 1.02606043e-02
    endloop
  endfacet
  facet normal -7.42908005e-01 -5.20189785e-01 4.21295958e-01
    outer loop
      vertex -2.25000000e-02 -1.29903811e-02 1.50000000e-02
      vertex -2.15953893e-02 -1.81206832e-02 1.02606043e-02
      vertex -1.99024184e-02 -1.67001120e-02 1.50000000e-02
    endloop
  endfacet
  facet normal -6.41291555e-01 -6.41291555e-01 4.21295958e-01
    outer loop
      vertex -1.99024184e-02 -1.67001120e-02 1.50000000e-02
      vertex -2.15953893e-02 -1.81206832e-02 1.02606043e-02
      vertex -1.81206832e-02 -2.15953893e-02 1.02606043e-02
    endloop
  endfacet
  facet normal -6.41291555e-01 -6.41291555e-01 4.21295958e-01
    outer loop
      vertex -1.99024184e-02 -1.67001120e-02 1.50000000e-02
      vertex -1.81206832e-02 -2.15953893e-02 1.02606043e-02
      vertex -1.67001120e-02 -1.99024184e-02 1.50000000e-02
    endloop
  endfacet
  facet normal -5.20189785e-01 -7.42908005e-01 4.21295958e-01
    outer loop
      vertex -1.67001120e-02 -1.99024184e-02 1.50000000e-02
      vertex -1.81206832e-02 -2.15953893e-02 1.02606043e-02
      vertex -1.40953893e-02 -2.44139304e-02 1.02606043e-02
    endloop
  endfacet
  facet normal -5.20189785e-01 -7.42908005e-01 4.21295958e-01
    outer loop
      vertex -1.67001120e-02 -1.99024184e-02 1.50000000e-02
      vertex -1.40953893e-02 -2.44139304e-02 1.02606043e-02
      vertex -1.29903811e-02 -2.25000000e-02 1.50000000e-02
    endloop
  endfacet
  facet normal -3.83282312e-01 -8.21951571e-01 4.21295958e-01
    outer loop
      vertex -1.29903811e-02 -2.25000000e-02 1.50000000e-02
      vertex -1.40953893e-02 -2.44139304e-02 1.02606043e-02
      vertex -9.64181415e-03 -2.64906666e-02 1.02606043e-02
    endloop
  endfacet
  facet normal -3.83282312e-01 -8.21951571e-01 4.21295958e-01
    outer loop
      vertex -1.29903811e-02 -2.25000000e-02 1.50000000e-02
      vertex -9.64181415e-03 -2.64906666e-02 1.02606043e-02
      vertex -8.88594398e-03 -2.44139304e-02 1.50000000e-02
    endloop
  endfacet
  facet normal -2.34729000e-01 -8.76020555e-01 4.21295958e-01
    outer loop
      vertex -8.88594398e-03 -2.44139304e-02 1.50000000e-02
      vertex -9.64181415e-03 -2.64906666e-02 1.02606043e-02
      vertex -4.89527733e-03 -2.77624974e-02 1.02606043e-02
    endloop
  endfacet
  facet normal -2.34729000e-01 -8.76020555e-01 4.21295958e-01
    outer loop
      vertex -8.88594398e-03 -2.44139304e-02 1.50000000e-02
      vertex -4.89527733e-03 -2.77624974e-02 1.02606043e-02
      vertex -4.51151200e-03 -2.55860560e-02 1.50000000e-02
    endloop
  endfacet
  facet normal -7.90435663e-02 -9.03472097e-01 4.21295958e-01
    outer loop
      vertex -4.51151200e-03 -2.55860560e-02 1.50000000e-02
      vertex -4.89527733e-03 -2.77624974e-02 1.02606043e-02
      vertex -5.17856202e-18 -2.81907786e-02 1.02606043e-02
    endloop
  endfacet
  facet normal -7.90435663e-02 -9.03472097e-01 4.21295958e-01
    outer loop
      vertex -4.51151200e-03 -2.55860560e-02 1.50000000e-02
      vertex -5.17856202e-18 -2.81907786e-02 1.02606043e-02
      vertex -4.77258857e-18 -2.59807621e-02 1.50000000e-02
    endloop
  endfacet
  facet normal 7.90435663e-02 -9.03472097e-01 4.21295958e-01
    outer loop
      vertex -4.77258857e-18 -2.59807621e-02 1.50000000e-02
      vertex -5.17856202e-18 -2.81907786e-02 1.02606043e-02
      vertex 4.89527733e-03 -2.77624974e-02 1.02606043e-02
    endloop
  endfacet
  facet normal 7.90435663e-02 -9.03472097e-01 4.21295958e-01
    outer loop
      vertex -4.77258857e-18 -2.59807621e-02 1.50000000e-02
      vertex 4.89527733e-03 -2.77624974e-02 1.02606043e-02
      vertex 4.51151200e-03 -2.55860560e-02 1.50000000e-02
    endloop
  endfacet
  facet normal 2.34729000e-01 -8.76020555e-01 4.21295958e-01
    outer loop
      vertex 4.51151200e-03 -2.55860560e-02 1.50000000e-02
      vertex 4.89527733e-03 -2.77624974e-02 1.02606043e-02
      vertex 9.64181415e-03 -2.64906666e-02 1.02606043e-02
    endloop
  endfacet
  facet normal 2.34729000e-01 -8.76020555e-01 4.21295958e-01
    outer loop
      vertex 4.51151200e-03 -2.55860560e-02 1.50000000e-02
      vertex 9.64181415e-03 -2.64906666e-02 1.02606043e-02
      vertex 8.88594398e-03 -2.44139304e-02 1.50000000e-02
    endloop
  endfacet
  facet normal 3.83282312e-01 -8.21951571e-01 4.21295958e-01
    outer loop
      vertex 8.88594398e-03 -2.44139304e-02 1.50000000e-02
      vertex 9.64181415e-03 -2.64906666e-02 1.02606043e-02
      vertex 1.40953893e-02 -2.44139304e-02 1.02606043e-02
    endloop
  endfacet
  facet normal 3.83282312e-01 -8.21951571e-01 4.21295958e-01
    outer loop
      vertex 8.88594398e-03 -2.44139304e-02 1.50000000e-02
      vertex 1.40953893e-02 -2.44139304e-02 1.02606043e-02
      vertex 1.29903811e-02 -2.25000000e-02 1.50000000e-02
    endloop
  endfacet
  facet normal 5.20189785e-01 -7.42908005e-01 4.21295958e-01
    outer loop
      vertex 1.29903811e-02 -2.25000000e-02 1.50000000e-02
      vertex 1.40953893e-02 -2.44139304e-02 1.02606043e-02
      vertex 1.81206832e-02 -2.15953893e-02 1.02606043e-02
    endloop
  endfacet
  facet normal 5.20189785e-01 -7.42908005e-01 4.21295958e-01
    outer loop
      vertex 1.29903811e-02 -2.25000000e-02 1.50000000e-02
      vertex 1.81206832e-02 -2.15953893e-02 1.02606043e-02
      vertex 1.67001120e-02 -1.99024184e-02 1.50000000e-02
    endloop
  endfacet
  facet normal 6.41291555e-01 -6.41291555e-01 4.21295958e-01
    outer loop
      vertex 1.67001120e-02 -1.99024184e-02 1.50000000e-02
      vertex 1.81206832e-02 -2.15953893e-02 1.02606043e-02
      vertex 2.15953893e-02 -1.81206832e-02 1.02606043e-02
    endloop
  endfacet
  facet normal 6.41291555e-01 -6.41291555e-01 4.21295958e-01
    outer loop
      vertex 1.67001120e-02 -1.99024184e-02 1.50000000e-02
      vertex 2.15953893e-02 -1.81206832e-02 1.02606043e-02
      vertex 1.99024184e-02 -1.67001120e-02 1.50000000e-02
    endloop
  endfacet
  facet normal 7.42908005e-01 -5.20189785e-01 4.21295958e-01
    outer loop
      vertex 1.99024184e-02 -1.67001120e-02 1.50000000e-02
      vertex 2.15953893e-02 -1.81206832e-02 1.02606043e-02
      vertex 2.44139304e-02 -1.40953893e-02 1.02606043e-02
    endloop
  endfacet
  facet normal 7.42908005e-01 -5.20189785e-01 4.21295958e-01
    outer loop
      vertex 1.99024184e-02 -1.67001120e-02 1.50000000e-02
      vertex 2.44139304e-02 -1.40953893e-02 1.02606043e-02
      vertex 2.25000000e-02 -1.29903811e-02 1.50000000e-02
    endloop
  endfacet
  facet normal 8.21951571e-01 -3.83282312e-01 4.21295958e-01
    outer loop
      vertex 2.25000000e-02 -1.29903811e-02 1.50000000e-02
      vertex 2.44139304e-02 -1.40953893e-02 1.02606043e-02
      vertex 2.64906666e-02 -9.64181415e-03 1.02606043e-02
    endloop
  endfacet
  facet normal 8.21951571e-01 -3.83282312e-01 4.21295958e-01
    outer loop
      vertex 2.25000000e-02 -1.29903811e-02 1.50000000e-02
      vertex 2.64906666e-02 -9.64181415e-03 1.02606043e-02
      vertex 2.44139304e-02 -8.88594398e-03 1.50000000e-02
    endloop
  endfacet
  facet normal 8.76020555e-01 -2.34729000e-01 4.21295958e-01
    outer loop
      vertex 2.44139304e-02 -8.88594398e-03 1.50000000e-02
      vertex 2.64906666e-02 -9.64181415e-03 1.02606043e-02
      vertex 2.77624974e-02 -4.89527733e-03 1.02606043e-02
    endloop
  endfacet
  facet normal 8.76020555e-01 -2.34729000e-01 4.21295958e-01
    outer loop
      vertex 2.44139304e-02 -8.88594398e-03 1.50000000e-02
      vertex 2.77624974e-02 -4.89527733e-03 1.02606043e-02
      vertex 2.55860560e-02 -4.51151200e-03 1.50000000e-02
    endloop
  endfacet
  facet normal 9.03472097e-01 -7.90435663e-02 4.21295958e-01
    outer loop
      vertex 2.55860560e-02 -4.51151200e-03 1.50000000e-02
      vertex 2.77624974e-02 -4.89527733e-03 1.02606043e-02
      vertex 2.81907786e-02 0.00000000e+00 1.02606043e-02
    endloop
  endfacet
  facet normal 9.03472097e-01 -7.90435663e-02 4.21295958e-01
    outer loop
      vertex 2.55860560e-02 -4.51151200e-03 1.50000000e-02
      vertex 2.81907786e-02 0.00000000e+00 1.02606043e-02
      vertex 2.59807621e-02 0.00000000e+00 1.50000000e-02
    endloop
  endfacet
  facet normal 9.62495098e-01 8.42074098e-02 2.57899784e-01
    outer loop
      vertex 2.81907786e-02 0.00000000e+00 1.02606043e-02
      vertex 2.95442326e-02 0.00000000e+00 5.20944533e-03
      vertex 2.90953893e-02 5.13030215e-03 5.20944533e-03
    endloop
  endfacet
  facet normal 9.62495098e-01 8.42074098e-02 2.57899784e-01
    outer loop
      vertex 2.81907786e-02 0.00000000e+00 1.02606043e-02
      vertex 2.90953893e-02 5.13030215e-03 5.20944533e-03
      vertex 2.77624974e-02 4.89527733e-03 1.02606043e-02
    endloop
  endfacet
  facet normal 9.33250171e-01 2.50063630e-01 2.57899784e-01
    outer loop
      vertex 2.77624974e-02 4.89527733e-03 1.02606043e-02
      vertex 2.90953893e-02 5.13030215e-03 5.20944533e-03
      vertex 2.77624974e-02 1.01047227e-02 5.20944533e-03
    endloop
  endfacet
  facet normal 9.33250171e-01 2.50063630e-01 2.57899784e-01
    outer loop
      vertex 2.77624974e-02 4.89527733e-03 1.02606043e-02
      vertex 2.77624974e-02 1.01047227e-02 5.20944533e-03
      vertex 2.64906666e-02 9.64181415e-03 1.02606043e-02
    endloop
  endfacet
  facet normal 8.75648911e-01 4.08321793e-01 2.57899784e-01
    outer loop
      vertex 2.64906666e-02 9.64181415e-03 1.02606043e-02
      vertex 2.77624974e-02 1.01047227e-02 5.20944533e-03
      vertex 2.55860560e-02 1.47721163e-02 5.20944533e-03
    endloop
  endfacet
  facet normal 8.75648911e-01 4.08321793e-01 2.57899784e-01
    outer loop
      vertex 2.64906666e-02 9.64181415e-03 1.02606043e-02
      vertex 2.55860560e-02 1.47721163e-02 5.20944533e-03
      vertex 2.44139304e-02 1.40953893e-02 1.02606043e-02
    endloop
  endfacet
  facet normal 7.91441501e-01 5.54173305e-01 2.57899784e-01
    outer loop
      vertex 2.44139304e-02 1.40953893e-02 1.02606043e-02
      vertex 2.55860560e-02 1.47721163e-02 5.20944533e-03
      vertex 2.26321952e-02 1.89906666e-02 5.20944533e-03
    endloop
  endfacet
  facet normal 7.91441501e-01 5.54173305e-01 2.57899784e-01
    outer loop
      vertex 2.44139304e-02 1.40953893e-02 1.02606043e-02
      vertex 2.26321952e-02 1.89906666e-02 5.20944533e-03
      vertex 2.15953893e-02 1.81206832e-02 1.02606043e-02
    endloop
  endfacet
  facet normal 6.83186542e-01 6.83186542e-01 2.57899784e-01
    outer loop
      vertex 2.15953893e-02 1.81206832e-02 1.02606043e-02
      vertex 2.26321952e-02 1.89906666e-02 5.20944533e-03
      vertex 1.89906666e-02 2.26321952e-02 5.20944533e-03
    endloop
  endfacet
  facet normal 6.83186542e-01 6.83186542e-01 2.57899784e-01
    outer loop
      vertex 2.15953893e-02 1.81206832e-02 1.02606043e-02
      vertex 1.89906666e-02 2.26321952e-02 5.20944533e-03
      vertex 1.81206832e-02 2.15953893e-02 1.02606043e-02
    endloop
  endfacet
  facet normal 5.54173305e-01 7.91441501e-01 2.57899784e-01
    outer loop
      vertex 1.81206832e-02 2.15953893e-02 1.02606043e-02
      vertex 1.89906666e-02 2.26321952e-02 5.20944533e-03
      vertex 1.47721163e-02 2.55860560e-02 5.20944533e-03
    endloop
  endfacet
  facet normal 5.54173305e-01 7.91441501e-01 2.57899784e-01
    outer loop
      vertex 1.81206832e-02 2.15953893e-02 1.02606043e-02
      vertex 1.47721163e-02 2.55860560e-02 5.20944533e-03
      vertex 1.40953893e-02 2.44139304e-02 1.02606043e-02
    endloop
  endfacet
  facet normal 4.08321793e-01 8.75648911e-01 2.57899784e-01
    outer loop
      vertex 1.40953893e-02 2.44139304e-02 1.02606043e-02
      vertex 1.47721163e-02 2.55860560e-02 5.20944533e-03
      vertex 1.01047227e-02 2.77624974e-02 5.20944533e-03
    endloop
  endfacet
  facet normal 4.08321793e-01 8.75648911e-01 2.57899784e-01
    outer loop
      vertex 1.40953893e-02 2.44139304e-02 1.02606043e-02
      vertex 1.01047227e-02 2.77624974e-02 5.20944533e-03
      vertex 9.64181415e-03 2.64906666e-02 1.02606043e-02
    endloop
  endfacet
  facet normal 2.50063630e-01 9.33250171e-01 2.57899784e-01
    outer loop
      vertex 9.64181415e-03 2.64906666e-02 1.02606043e-02
      vertex 1.01047227e-02 2.77624974e-02 5.20944533e-03
      vertex 5.13030215e-03 2.90953893e-02 5.20944533e-03
    endloop
  endfacet
  facet normal 2.50063630e-01 9.33250171e-01 2.57899784e-01
    outer loop
      vertex 9.64181415e-03 2.64906666e-02 1.02606043e-02
      vertex 5.13030215e-03 2.90953893e-02 5.20944533e-03
      vertex 4.89527733e-03 2.77624974e-02 1.02606043e-02
    endloop
  endfacet
  facet normal 8.42074098e-02 9.62495098e-01 2.57899784e-01
    outer loop
      vertex 4.89527733e-03 2.77624974e-02 1.02606043e-02
      vertex 5.13030215e-03 2.90953893e-02 5.20944533e-03
      vertex 1.80906249e-18 2.95442326e-02 5.20944533e-03
    endloop
  endfacet
  facet normal 8.42074098e-02 9.62495098e-01 2.57899784e-01
    outer loop
      vertex 4.89527733e-03 2.77624974e-02 1.02606043e-02
      vertex 1.80906249e-18 2.95442326e-02 5.20944533e-03
      vertex 1.72618734e-18 2.81907786e-02 1.02606043e-02
    endloop
  endfacet
  facet normal -8.42074098e-02 9.62495098e-01 2.57899784e-01
    outer loop
      vertex 1.72618734e-18 2.81907786e-02 1.02606043e-02
      vertex 1.80906249e-18 2.95442326e-02 5.20944533e-03
      vertex -5.13030215e-03 2.90953893e-02 5.20944533e-03
    endloop
  endfacet
  facet normal -8.42074098e-02 9.62495098e-01 2.57899784e-01
    outer loop
      vertex 1.72618734e-18 2.81907786e-02 1.02606043e-02
      vertex -5.13030215e-03 2.90953893e-02 5.20944533e-03
      vertex -4.89527733e-03 2.77624974e-02 1.02606043e-02
    endloop
  endfacet
  facet normal -2.50063630e-01 9.33250171e-01 2.57899784e-01
    outer loop
      vertex -4.89527733e-03 2.77624974e-02 1.02606043e-02
      vertex -5.13030215e-03 2.90953893e-02 5.20944533e-03
      vertex -1.01047227e-02 2.77624974e-02 5.20944533e-03
    endloop
  endfacet
  facet normal -2.50063630e-01 9.33250171e-01 2.57899784e-01
    outer loop
      vertex -4.89527733e-03 2.77624974e-02 1.02606043e-02
      vertex -1.01047227e-02 2.77624974e-02 5.20944533e-03
      vertex -9.64181415e-03 2.64906666e-02 1.02606043e-02
    endloop
  endfacet
  facet normal -4.08321793e-01 8.75648911e-01 2.57899784e-01
    outer loop
      vertex -9.64181415e-03 2.64906666e-02 1.02606043e-02
      vertex -1.01047227e-02 2.77624974e-02 5.20944533e-03
      vertex -1.47721163e-02 2.55860560e-02 5.20944533e-03
    endloop
  endfacet
  facet normal -4.08321793e-01 8.75648911e-01 2.57899784e-01
    outer loop
      vertex -9.64181415e-03 2.64906666e-02 1.02606043e-02
      vertex -1.47721163e-02 2.55860560e-02 5.20944533e-03
      vertex -1.40953893e-02 2.44139304e-02 1.02606043e-02
    endloop
  endfacet
  facet normal -5.54173305e-01 7.91441501e-01 2.57899784e-01
    outer loop
      vertex -1.40953893e-02 2.44139304e-02 1.02606043e-02
      vertex -1.47721163e-02 2.55860560e-02 5.20944533e-03
      vertex -1.89906666e-02 2.26321952e-02 5.20944533e-03
    endloop
  endfacet
  facet normal -5.54173305e-01 7.91441501e-01 2.57899784e-01
    outer loop
      vertex -1.40953893e-02 2.44139304e-02 1.02606043e-02
      vertex -1.89906666e-02 2.26321952e-02 5.20944533e-03
      vertex -1.81206832e-02 2.15953893e-02 1.02606043e-02
    endloop
  endfacet
  facet normal -6.83186542e-01 6.83186542e-01 2.57899784e-01
    outer loop
      vertex -1.81206832e-02 2.15953893e-02 1.02606043e-02
      vertex -1.89906666e-02 2.26321952e-02 5.20944533e-03
      vertex -2.26321952e-02 1.89906666e-02 5.20944533e-03
    endloop
  endfacet
  facet normal -6.83186542e-01 6.83186542e-01 2.57899784e-01
    outer loop
      vertex -1.81206832e-02 2.15953893e-02 1.02606043e-02
      vertex -2.26321952e-02 1.89906666e-02 5.20944533e-03
      vertex -2.15953893e-02 1.81206832e-02 1.02606043e-02
    endloop
  endfacet
  facet normal -7.91441501e-01 5.54173305e-01 2.57899784e-01
    outer loop
      vertex -2.15953893e-02 1.81206832e-02 1.02606043e-02
      vertex -2.26321952e-02 1.89906666e-02 5.20944533e-03
      vertex -2.55860560e-02 1.47721163e-02 5.20944533e-03
    endloop
  endfacet
  facet normal -7.91441501e-01 5.54173305e-01 2.57899784e-01
    outer loop
      vertex -2.15953893e-02 1.81206832e-02 1.02606043e-02
      vertex -2.55860560e-02 1.47721163e-02 5.20944533e-03
      vertex -2.44139304e-02 1.40953893e-02 1.02606043e-02
    endloop
  endfacet
  facet normal -8.75648911e-01 4.08321793e-01 2.57899784e-01
    outer loop
      vertex -2.44139304e-02 1.40953893e-02 1.02606043e-02
      vertex -2.55860560e-02 1.47721163e-02 5.20944533e-03
      vertex -2.77624974e-02 1.01047227e-02 5.20944533e-03
    endloop
  endfacet
  facet normal -8.75648911e-01 4.08321793e-01 2.57899784e-01
    outer loop
      vertex -2.44139304e-02 1.40953893e-02 1.02606043e-02
      vertex -2.77624974e-02 1.01047227e-02 5.20944533e-03
      vertex -2.64906666e-02 9.64181415e-03 1.02606043e-02
    endloop
  endfacet
  facet normal -9.33250171e-01 2.50063630e-01 2.57899784e-01
    outer loop
      vertex -2.64906666e-02 9.64181415e-03 1.02606043e-02
      vertex -2.77624974e-02 1.01047227e-02 5.20944533e-03
      vertex -2.90953893e-02 5.13030215e-03 5.20944533e-03
    endloop
  endfacet
  facet normal -9.33250171e-01 2.50063630e-01 2.57899784e-01
    outer loop
      vertex -2.64906666e-02 9.64181415e-03 1.02606043e-02
      vertex -2.90953893e-02 5.13030215e-03 5.20944533e-03
      vertex -2.77624974e-02 4.89527733e-03 1.02606043e-02
    endloop
  endfacet
  facet normal -9.62495098e-01 8.42074098e-02 2.57899784e-01
    outer loop
      vertex -2.77624974e-02 4.89527733e-03 1.02606043e-02
      vertex -2.90953893e-02 5.13030215e-03 5.20944533e-03
      vertex -2.95442326e-02 3.61812499e-18 5.20944533e-03
    endloop
  endfacet
  facet normal -9.62495098e-01 8.42074098e-02 2.57899784e-01
    outer loop
      vertex -2.77624974e-02 4.89527733e-03 1.02606043e-02
      vertex -2.95442326e-02 3.61812499e-18 5.20944533e-03
      vertex -2.81907786e-02 3.45237468e-18 1.02606043e-02
    endloop
  endfacet
  facet normal -9.62495098e-01 -8.42074098e-02 2.57899784e-01
    outer loop
      vertex -2.81907786e-02 3.45237468e-18 1.02606043e-02
      vertex -2.95442326e-02 3.61812499e-18 5.20944533e-03
      vertex -2.90953893e-02 -5.13030215e-03 5.20944533e-03
    endloop
  endfacet
  facet normal -9.62495098e-01 -8.42074098e-02 2.57899784e-01
    outer loop
      vertex -2.81907786e-02 3.45237468e-18 1.02606043e-02
      vertex -2.90953893e-02 -5.13030215e-03 5.20944533e-03
      vertex -2.77624974e-02 -4.89527733e-03 1.02606043e-02
    endloop
  endfacet
  facet normal -9.33250171e-01 -2.50063630e-01 2.57899784e-01
    outer loop
      vertex -2.77624974e-02 -4.89527733e-03 1.02606043e-02
      vertex -2.90953893e-02 -5.13030215e-03 5.20944533e-03
      vertex -2.77624974e-02 -1.01047227e-02 5.20944533e-03
    endloop
  endfacet
  facet normal -9.33250171e-01 -2.50063630e-01 2.57899784e-01
    outer loop
      vertex -2.77624974e-02 -4.89527733e-03 1.02606043e-02
      vertex -2.77624974e-02 -1.01047227e-02 5.20944533e-03
      vertex -2.64906666e-02 -9.64181415e-03 1.02606043e-02
    endloop
  endfacet
  facet normal -8.75648911e-01 -4.08321793e-01 2.57899784e-01
    outer loop
      vertex -2.64906666e-02 -9.64181415e-03 1.02606043e-02
      vertex -2.77624974e-02 -1.01047227e-02 5.20944533e-03
      vertex -2.55860560e-02 -1.47721163e-02 5.20944533e-03
    endloop
  endfacet
  facet normal -8.75648911e-01 -4.08321793e-01 2.57899784e-01
    outer loop
      vertex -2.64906666e-02 -9.64181415e-03 1.02606043e-02
      vertex -2.55860560e-02 -1.47721163e-02 5.20944533e-03
      vertex -2.44139304e-02 -1.40953893e-02 1.02606043e-02
    endloop
  endfacet
  facet normal -7.91441501e-01 -5.54173305e-01 2.57899784e-01
    outer loop
      vertex -2.44139304e-02 -1.40953893e-02 1.02606043e-02
      vertex -2.55860560e-02 -1.47721163e-02 5.20944533e-03
      vertex -2.26321952e-02 -1.89906666e-02 5.20944533e-03
    endloop
  endfacet
  facet normal -7.91441501e-01 -5.54173305e-01 2.57899784e-01
    outer loop
      vertex -2.44139304e-02 -1.40953893e-02 1.02606043e-02
      vertex -2.26321952e-02 -1.89906666e-02 5.20944533e-03
      vertex -2.15953893e-02 -1.81206832e-02 1.02606043e-02
    endloop
  endfacet
  facet normal -6.83186542e-01 -6.83186542e-01 2.57899784e-01
    outer loop
      vertex -2.15953893e-02 -1.81206832e-02 1.02606043e-02
      vertex -2.26321952e-02 -1.89906666e-02 5.20944533e-03
      vertex -1.89906666e-02 -2.26321952e-02 5.20944533e-03
    endloop
  endfacet
  facet normal -6.83186542e-01 -6.83186542e-01 2.57899784e-01
    outer loop
      vertex -2.15953893e-02 -1.81206832e-02 1.02606043e-02
      vertex -1.89906666e-02 -2.26321952e-02 5.20944533e-03
      vertex -1.81206832e-02 -2.15953893e-02 1.02606043e-02
    endloop
  endfacet
  facet normal -5.54173305e-01 -7.91441501e-01 2.57899784e-01
    outer loop
      vertex -1.81206832e-02 -2.15953893e-02 1.02606043e-02
      vertex -1.89906666e-02 -2.26321952e-02 5.20944533e-03
      vertex -1.47721163e-02 -2.55860560e-02 5.20944533e-03
    endloop
  endfacet
  facet normal -5.54173305e-01 -7.91441501e-01 2.57899784e-01
    outer loop
      vertex -1.81206832e-02 -2.15953893e-02 1.02606043e-02
      vertex -1.47721163e-02 -2.55860560e-02 5.20944533e-03
      vertex -1.40953893e-02 -2.44139304e-02 1.02606043e-02
    endloop
  endfacet
  facet normal -4.08321793e-01 -8.75648911e-01 2.57899784e-01
    outer loop
      vertex -1.40953893e-02 -2.44139304e-02 1.02606043e-02
      vertex -1.47721163e-02 -2.55860560e-02 5.20944533e-03
      vertex -1.01047227e-02 -2.77624974e-02 5.20944533e-03
    endloop
  endfacet
  facet normal -4.08321793e-01 -8.75648911e-01 2.57899784e-01
    outer loop
      vertex -1.40953893e-02 -2.44139304e-02 1.02606043e-02
      vertex -1.01047227e-02 -2.77624974e-02 5.20944533e-03
      vertex -9.64181415e-03 -2.64906666e-02 1.02606043e-02
    endloop
  endfacet
  facet normal -2.50063630e-01 -9.33250171e-01 2.57899784e-01
    outer loop
      vertex -9.64181415e-03 -2.64906666e-02 1.02606043e-02
      vertex -1.01047227e-02 -2.77624974e-02 5.20944533e-03
      vertex -5.13030215e-03 -2.90953893e-02 5.20944533e-03
    endloop
  endfacet
  facet normal -2.50063630e-01 -9.33250171e-01 2.57899784e-01
    outer loop
      vertex -9.64181415e-03 -2.64906666e-02 1.02606043e-02
      vertex -5.13030215e-03 -2.90953893e-02 5.20944533e-03
      vertex -4.89527733e-03 -2.77624974e-02 1.02606043e-02
    endloop
  endfacet
  facet normal -8.42074098e-02 -9.62495098e-01 2.57899784e-01
    outer loop
      vertex -4.89527733e-03 -2.77624974e-02 1.02606043e-02
      vertex -5.13030215e-03 -2.90953893e-02 5.20944533e-03
      vertex -5.42718748e-18 -2.95442326e-02 5.20944533e-03
    endloop
  endfacet
  facet normal -8.42074098e-02 -9.62495098e-01 2.57899784e-01
    outer loop
      vertex -4.89527733e-03 -2.77624974e-02 1.02606043e-02
      vertex -5.42718748e-18 -2.95442326e-02 5.20944533e-03
      vertex -5.17856202e-18 -2.81907786e-02 1.02606043e-02
    endloop
  endfacet
  facet normal 8.42074098e-02 -9.62495098e-01 2.57899784e-01
    outer loop
      vertex -5.17856202e-18 -2.81907786e-02 1.02606043e-02
      vertex -5.42718748e-18 -2.95442326e-02 5.20944533e-03
      vertex 5.13030215e-03 -2.90953893e-02 5.20944533e-03
    endloop
  endfacet
  facet normal 8.42074098e-02 -9.62495098e-01 2.57899784e-01
    outer loop
      vertex -5.17856202e-18 -2.81907786e-02 1.02606043e-02
      vertex 5.13030215e-03 -2.90953893e-02 5.20944533e-03
      vertex 4.89527733e-03 -2.77624974e-02 1.02606043e-02
    endloop
  endfacet
  facet normal 2.50063630e-01 -9.33250171e-01 2.57899784e-01
    outer loop
      vertex 4.89527733e-03 -2.77624974e-02 1.02606043e-02
      vertex 5.13030215e-03 -2.90953893e-02 5.20944533e-03
      vertex 1.01047227e-02 -2.77624974e-02 5.20944533e-03
    endloop
  endfacet
  facet normal 2.50063630e-01 -9.33250171e-01 2.57899784e-01
    outer loop
      vertex 4.89527733e-03 -2.77624974e-02 1.02606043e-02
      vertex 1.01047227e-02 -2.77624974e-02 5.20944533e-03
      vertex 9.64181415e-03 -2.64906666e-02 1.02606043e-02
    endloop
  endfacet
  facet normal 4.08321793e-01 -8.75648911e-01 2.57899784e-01
    outer loop
      vertex 9.64181415e-03 -2.64906666e-02 1.02606043e-02
      vertex 1.01047227e-02 -2.77624974e-02 5.20944533e-03
      vertex 1.47721163e-02 -2.55860560e-02 5.20944533e-03
    endloop
  endfacet
  facet normal 4.08321793e-01 -8.75648911e-01 2.57899784e-01
    outer loop
      vertex 9.64181415e-03 -2.64906666e-02 1.02606043e-02
      vertex 1.47721163e-02 -2.55860560e-02 5.20944533e-03
      vertex 1.40953893e-02 -2.44139304e-02 1.02606043e-02
    endloop
  endfacet
  facet normal 5.54173305e-01 -7.91441501e-01 2.57899784e-01
    outer loop
      vertex 1.40953893e-02 -2.44139304e-02 1.02606043e-02
      vertex 1.47721163e-02 -2.55860560e-02 5.20944533e-03
      vertex 1.89906666e-02 -2.26321952e-02 5.20944533e-03
    endloop
  endfacet
  facet normal 5.54173305e-01 -7.91441501e-01 2.57899784e-01
    outer loop
      vertex 1.40953893e-02 -2.44139304e-02 1.02606043e-02
      vertex 1.89906666e-02 -2.26321952e-02 5.20944533e-03
      vertex 1.81206832e-02 -2.15953893e-02 1.02606043e-02
    endloop
  endfacet
  facet normal 6.83186542e-01 -6.83186542e-01 2.57899784e-01
    outer loop
      vertex 1.81206832e-02 -2.15953893e-02 1.02606043e-02
      vertex 1.89906666e-02 -2.26321952e-02 5.20944533e-03
      vertex 2.26321952e-02 -1.89906666e-02 5.20944533e-03
    endloop
  endfacet
  facet normal 6.83186542e-01 -6.83186542e-01 2.57899784e-01
    outer loop
      vertex 1.81206832e-02 -2.15953893e-02 1.02606043e-02
      vertex 2.26321952e-02 -1.89906666e-02 5.20944533e-03
      vertex 2.15953893e-02 -1.81206832e-02 1.02606043e-02
    endloop
  endfacet
  facet normal 7.91441501e-01 -5.54173305e-01 2.57899784e-01
    outer loop
      vertex 2.15953893e-02 -1.81206832e-02 1.02606043e-02
      vertex 2.26321952e-02 -1.89906666e-02 5.20944533e-03
      vertex 2.55860560e-02 -1.47721163e-02 5.20944533e-03
    endloop
  endfacet
  facet normal 7.91441501e-01 -5.54173305e-01 2.57899784e-01
    outer loop
      vertex 2.15953893e-02 -1.81206832e-02 1.02606043e-02
      vertex 2.55860560e-02 -1.47721163e-02 5.20944533e-03
      vertex 2.44139304e-02 -1.40953893e-02 1.02606043e-02
    endloop
  endfacet
  facet normal 8.75648911e-01 -4.08321793e-01 2.57899784e-01
    outer loop
      vertex 2.44139304e-02 -1.40953893e-02 1.02606043e-02
      vertex 2.55860560e-02 -1.47721163e-02 5.20944533e-03
      vertex 2.77624974e-02 -1.01047227e-02 5.20944533e-03
    endloop
  endfacet
  facet normal 8.75648911e-01 -4.08321793e-01 2.57899784e-01
    outer loop
      vertex 2.44139304e-02 -1.40953893e-02 1.02606043e-02
      vertex 2.77624974e-02 -1.01047227e-02 5.20944533e-03
      vertex 2.64906666e-02 -9.64181415e-03 1.02606043e-02
    endloop
  endfacet
  facet normal 9.33250171e-01 -2.50063630e-01 2.57899784e-01
    outer loop
      vertex 2.64906666e-02 -9.64181415e-03 1.02606043e-02
      vertex 2.77624974e-02 -1.01047227e-02 5.20944533e-03
      vertex 2.90953893e-02 -5.13030215e-03 5.20944533e-03
    endloop
  endfacet
  facet normal 9.33250171e-01 -2.50063630e-01 2.57899784e-01
    outer loop
      vertex 2.64906666e-02 -9.64181415e-03 1.02606043e-02
      vertex 2.90953893e-02 -5.13030215e-03 5.20944533e-03
      vertex 2.77624974e-02 -4.89527733e-03 1.02606043e-02
    endloop
  endfacet
  facet normal 9.62495098e-01 -8.42074098e-02 2.57899784e-01
    outer loop
      vertex 2.77624974e-02 -4.89527733e-03 1.02606043e-02
      vertex 2.90953893e-02 -5.13030215e-03 5.20944533e-03
      vertex 2.95442326e-02 0.00000000e+00 5.20944533e-03
    endloop
  endfacet
  facet normal 9.62495098e-01 -8.42074098e-02 2.57899784e-01
    outer loop
      vertex 2.77624974e-02 -4.89527733e-03 1.02606043e-02
      vertex 2.95442326e-02 0.00000000e+00 5.20944533e-03
      vertex 2.81907786e-02 0.00000000e+00 1.02606043e-02
    endloop
  endfacet
  facet normal 9.92432509e-01 8.68265939e-02 8.68265939e-02
    outer loop
      vertex 2.95442326e-02 0.00000000e+00 5.20944533e-03
      vertex 3.00000000e-02 0.00000000e+00 1.83697020e-18
      vertex 2.95442326e-02 5.20944533e-03 1.83697020e-18
    endloop
  endfacet
  facet normal 9.92432509e-01 8.68265939e-02 8.68265939e-02
    outer loop
      vertex 2.95442326e-02 0.00000000e+00 5.20944533e-03
      vertex 2.95442326e-02 5.20944533e-03 1.83697020e-18
      vertex 2.90953893e-02 5.13030215e-03 5.20944533e-03
    endloop
  endfacet
  facet normal 9.62277950e-01 2.57841599e-01 8.68265939e-02
    outer loop
      vertex 2.90953893e-02 5.13030215e-03 5.20944533e-03
      vertex 2.95442326e-02 5.20944533e-03 1.83697020e-18
      vertex 2.81907786e-02 1.02606043e-02 1.83697020e-18
    endloop
  endfacet
  facet normal 9.62277950e-01 2.57841599e-01 8.68265939e-02
    outer loop
      vertex 2.90953893e-02 5.13030215e-03 5.20944533e-03
      vertex 2.81907786e-02 1.02606043e-02 1.83697020e-18
      vertex 2.77624974e-02 1.01047227e-02 5.20944533e-03
    endloop
  endfacet
  facet normal 9.02885061e-01 4.21022219e-01 8.68265939e-02
    outer loop
      vertex 2.77624974e-02 1.01047227e-02 5.20944533e-03
      vertex 2.81907786e-02 1.02606043e-02 1.83697020e-18
      vertex 2.59807621e-02 1.50000000e-02 1.83697020e-18
    endloop
  endfacet
  facet normal 9.02885061e-01 4.21022219e-01 8.68265939e-02
    outer loop
      vertex 2.77624974e-02 1.01047227e-02 5.20944533e-03
      vertex 2.59807621e-02 1.50000000e-02 1.83697020e-18
      vertex 2.55860560e-02 1.47721163e-02 5.20944533e-03
    endloop
  endfacet
  facet normal 8.16058468e-01 5.71410291e-01 8.68265939e-02
    outer loop
      vertex 2.55860560e-02 1.47721163e-02 5.20944533e-03
      vertex 2.59807621e-02 1.50000000e-02 1.83697020e-18
      vertex 2.29813333e-02 1.92836283e-02 1.83697020e-18
    endloop
  endfacet
  facet normal 8.16058468e-01 5.71410291e-01 8.68265939e-02
    outer loop
      vertex 2.55860560e-02 1.47721163e-02 5.20944533e-03
      vertex 2.29813333e-02 1.92836283e-02 1.83697020e-18
      vertex 2.26321952e-02 1.89906666e-02 5.20944533e-03
    endloop
  endfacet
  facet normal 7.04436350e-01 7.04436350e-01 8.68265939e-02
    outer loop
      vertex 2.26321952e-02 1.89906666e-02 5.20944533e-03
      vertex 2.29813333e-02 1.92836283e-02 1.83697020e-18
      vertex 1.92836283e-02 2.29813333e-02 1.83697020e-18
    endloop
  endfacet
  facet normal 7.04436350e-01 7.04436350e-01 8.68265939e-02
    outer loop
      vertex 2.26321952e-02 1.89906666e-02 5.20944533e-03
      vertex 1.92836283e-02 2.29813333e-02 1.83697020e-18
      vertex 1.89906666e-02 2.26321952e-02 5.20944533e-03
    endloop
  endfacet
  facet normal 5.71410291e-01 8.16058468e-01 8.68265939e-02
    outer loop
      vertex 1.89906666e-02 2.26321952e-02 5.20944533e-03
      vertex 1.92836283e-02 2.29813333e-02 1.83697020e-18
      vertex 1.50000000e-02 2.59807621e-02 1.83697020e-18
    endloop
  endfacet
  facet normal 5.71410291e-01 8.16058468e-01 8.68265939e-02
    outer loop
      vertex 1.89906666e-02 2.26321952e-02 5.20944533e-03
      vertex 1.50000000e-02 2.59807621e-02 1.83697020e-18
      vertex 1.47721163e-02 2.55860560e-02 5.20944533e-03
    endloop
  endfacet
  facet normal 4.21022219e-01 9.02885061e-01 8.68265939e-02
    outer loop
      vertex 1.47721163e-02 2.55860560e-02 5.20944533e-03
      vertex 1.50000000e-02 2.59807621e-02 1.83697020e-18
      vertex 1.02606043e-02 2.81907786e-02 1.83697020e-18
    endloop
  endfacet
  facet normal 4.21022219e-01 9.02885061e-01 8.68265939e-02
    outer loop
      vertex 1.47721163e-02 2.55860560e-02 5.20944533e-03
      vertex 1.02606043e-02 2.81907786e-02 1.83697020e-18
      vertex 1.01047227e-02 2.77624974e-02 5.20944533e-03
    endloop
  endfacet
  facet normal 2.57841599e-01 9.62277950e-01 8.68265939e-02
    outer loop
      vertex 1.01047227e-02 2.77624974e-02 5.20944533e-03
      vertex 1.02606043e-02 2.81907786e-02 1.83697020e-18
      vertex 5.20944533e-03 2.95442326e-02 1.83697020e-18
    endloop
  endfacet
  facet normal 2.57841599e-01 9.62277950e-01 8.68265939e-02
    outer loop
      vertex 1.01047227e-02 2.77624974e-02 5.20944533e-03
      vertex 5.20944533e-03 2.95442326e-02 1.83697020e-18
      vertex 5.13030215e-03 2.90953893e-02 5.20944533e-03
    endloop
  endfacet
  facet normal 8.68265939e-02 9.92432509e-01 8.68265939e-02
    outer loop
      vertex 5.13030215e-03 2.90953893e-02 5.20944533e-03
      vertex 5.20944533e-03 2.95442326e-02 1.83697020e-18
      vertex 1.83697020e-18 3.00000000e-02 1.83697020e-18
    endloop
  endfacet
  facet normal 8.68265939e-02 9.92432509e-01 8.68265939e-02
    outer loop
      vertex 5.13030215e-03 2.90953893e-02 5.20944533e-03
      vertex 1.83697020e-18 3.00000000e-02 1.83697020e-18
      vertex 1.80906249e-18 2.95442326e-02 5.20944533e-03
    endloop
  endfacet
  facet normal -8.68265939e-02 9.92432509e-01 8.68265939e-02
    outer loop
      vertex 1.80906249e-18 2.95442326e-02 5.20944533e-03
      vertex 1.83697020e-18 3.00000000e-02 1.83697020e-18
      vertex -5.20944533e-03 2.95442326e-02 1.83697020e-18
    endloop
  endfacet
  facet normal -8.68265939e-02 9.92432509e-01 8.68265939e-02
    outer loop
      vertex 1.80906249e-18 2.95442326e-02 5.20944533e-03
      vertex -5.20944533e-03 2.95442326e-02 1.83697020e-18
      vertex -5.13030215e-03 2.90953893e-02 5.20944533e-03
    endloop
  endfacet
  facet normal -2.57841599e-01 9.62277950e-01 8.68265939e-02
    outer loop
      vertex -5.13030215e-03 2.90953893e-02 5.20944533e-03
      vertex -5.20944533e-03 2.95442326e-02 1.83697020e-18
      vertex -1.02606043e-02 2.81907786e-02 1.83697020e-18
    endloop
  endfacet
  facet normal -2.57841599e-01 9.62277950e-01 8.68265939e-02
    outer loop
      vertex -5.13030215e-03 2.90953893e-02 5.20944533e-03
      vertex -1.02606043e-02 2.81907786e-02 1.83697020e-18
      vertex -1.01047227e-02 2.77624974e-02 5.20944533e-03
    endloop
  endfacet
  facet normal -4.21022219e-01 9.02885061e-01 8.68265939e-02
    outer loop
      vertex -1.01047227e-02 2.77624974e-02 5.20944533e-03
      vertex -1.02606043e-02 2.81907786e-02 1.83697020e-18
      vertex -1.50000000e-02 2.59807621e-02 1.83697020e-18
    endloop
  endfacet
  facet normal -4.21022219e-01 9.02885061e-01 8.68265939e-02
    outer loop
      vertex -1.01047227e-02 2.77624974e-02 5.20944533e-03
      vertex -1.50000000e-02 2.59807621e-02 1.83697020e-18
      vertex -1.47721163e-02 2.55860560e-02 5.20944533e-03
    endloop
  endfacet
  facet normal -5.71410291e-01 8.16058468e-01 8.68265939e-02
    outer loop
      vertex -1.47721163e-02 2.55860560e-02 5.20944533e-03
      vertex -1.50000000e-02 2.59807621e-02 1.83697020e-18
      vertex -1.92836283e-02 2.29813333e-02 1.83697020e-18
    endloop
  endfacet
  facet normal -5.71410291e-01 8.16058468e-01 8.68265939e-02
    outer loop
      vertex -1.47721163e-02 2.55860560e-02 5.20944533e-03
      vertex -1.92836283e-02 2.29813333e-02 1.83697020e-18
      vertex -1.89906666e-02 2.26321952e-02 5.20944533e-03
    endloop
  endfacet
  facet normal -7.04436350e-01 7.04436350e-01 8.68265939e-02
    outer loop
      vertex -1.89906666e-02 2.26321952e-02 5.20944533e-03
      vertex -1.92836283e-02 2.29813333e-02 1.83697020e-18
      vertex -2.29813333e-02 1.92836283e-02 1.83697020e-18
    endloop
  endfacet
  facet normal -7.04436350e-01 7.04436350e-01 8.68265939e-02
    outer loop
      vertex -1.89906666e-02 2.26321952e-02 5.20944533e-03
      vertex -2.29813333e-02 1.92836283e-02 1.83697020e-18
      vertex -2.26321952e-02 1.89906666e-02 5.20944533e-03
    endloop
  endfacet
  facet normal -8.16058468e-01 5.71410291e-01 8.68265939e-02
    outer loop
      vertex -2.26321952e-02 1.89906666e-02 5.20944533e-03
      vertex -2.29813333e-02 1.92836283e-02 1.83697020e-18
      vertex -2.59807621e-02 1.50000000e-02 1.83697020e-18
    endloop
  endfacet
  facet normal -8.16058468e-01 5.71410291e-01 8.68265939e-02
    outer loop
      vertex -2.26321952e-02 1.89906666e-02 5.20944533e-03
      vertex -2.59807621e-02 1.50000000e-02 1.83697020e-18
      vertex -2.55860560e-02 1.47721163e-02 5.20944533e-03
    endloop
  endfacet
  facet normal -9.02885061e-01 4.21022219e-01 8.68265939e-02
    outer loop
      vertex -2.55860560e-02 1.47721163e-02 5.20944533e-03
      vertex -2.59807621e-02 1.50000000e-02 1.83697020e-18
      vertex -2.81907786e-02 1.02606043e-02 1.83697020e-18
    endloop
  endfacet
  facet normal -9.02885061e-01 4.21022219e-01 8.68265939e-02
    outer loop
      vertex -2.55860560e-02 1.47721163e-02 5.20944533e-03
      vertex -2.81907786e-02 1.02606043e-02 1.83697020e-18
      vertex -2.77624974e-02 1.01047227e-02 5.20944533e-03
    endloop
  endfacet
  facet normal -9.62277950e-01 2.57841599e-01 8.68265939e-02
    outer loop
      vertex -2.77624974e-02 1.01047227e-02 5.20944533e-03
      vertex -2.81907786e-02 1.02606043e-02 1.83697020e-18
      vertex -2.95442326e-02 5.20944533e-03 1.83697020e-18
    endloop
  endfacet
  facet normal -9.62277950e-01 2.57841599e-01 8.68265939e-02
    outer loop
      vertex -2.77624974e-02 1.01047227e-02 5.20944533e-03
      vertex -2.95442326e-02 5.20944533e-03 1.83697020e-18
      vertex -2.90953893e-02 5.13030215e-03 5.20944533e-03
    endloop
  endfacet
  facet normal -9.92432509e-01 8.68265939e-02 8.68265939e-02
    outer loop
      vertex -2.90953893e-02 5.13030215e-03 5.20944533e-03
      vertex -2.95442326e-02 5.20944533e-03 1.83697020e-18
      vertex -3.00000000e-02 3.67394040e-18 1.83697020e-18
    endloop
  endfacet
  facet normal -9.92432509e-01 8.68265939e-02 8.68265939e-02
    outer loop
      vertex -2.90953893e-02 5.13030215e-03 5.20944533e-03
      vertex -3.00000000e-02 3.67394040e-18 1.83697020e-18
      vertex -2.95442326e-02 3.61812499e-18 5.20944533e-03
    endloop
  endfacet
  facet normal -9.92432509e-01 -8.68265939e-02 8.68265939e-02
    outer loop
      vertex -2.95442326e-02 3.61812499e-18 5.20944533e-03
      vertex -3.00000000e-02 3.67394040e-18 1.83697020e-18
      vertex -2.95442326e-02 -5.20944533e-03 1.83697020e-18
    endloop
  endfacet
  facet normal -9.92432509e-01 -8.68265939e-02 8.68265939e-02
    outer loop
      vertex -2.95442326e-02 3.61812499e-18 5.20944533e-03
      vertex -2.95442326e-02 -5.20944533e-03 1.83697020e-18
      vertex -2.90953893e-02 -5.13030215e-03 5.20944533e-03
    endloop
  endfacet
  facet normal -9.62277950e-01 -2.57841599e-01 8.68265939e-02
    outer loop
      vertex -2.90953893e-02 -5.13030215e-03 5.20944533e-03
      vertex -2.95442326e-02 -5.20944533e-03 1.83697020e-18
      vertex -2.81907786e-02 -1.02606043e-02 1.83697020e-18
    endloop
  endfacet
  facet normal -9.62277950e-01 -2.57841599e-01 8.68265939e-02
    outer loop
      vertex -2.90953893e-02 -5.13030215e-03 5.20944533e-03
      vertex -2.81907786e-02 -1.02606043e-02 1.83697020e-18
      vertex -2.77624974e-02 -1.01047227e-02 5.20944533e-03
    endloop
  endfacet
  facet normal -9.02885061e-01 -4.21022219e-01 8.68265939e-02
    outer loop
      vertex -2.77624974e-02 -1.01047227e-02 5.20944533e-03
      vertex -2.81907786e-02 -1.02606043e-02 1.83697020e-18
      vertex -2.59807621e-02 -1.50000000e-02 1.83697020e-18
    endloop
  endfacet
  facet normal -9.02885061e-01 -4.21022219e-01 8.68265939e-02
    outer loop
      vertex -2.77624974e-02 -1.01047227e-02 5.20944533e-03
      vertex -2.59807621e-02 -1.50000000e-02 1.83697020e-18
      vertex -2.55860560e-02 -1.47721163e-02 5.20944533e-03
    endloop
  endfacet
  facet normal -8.16058468e-01 -5.71410291e-01 8.68265939e-02
    outer loop
      vertex -2.55860560e-02 -1.47721163e-02 5.20944533e-03
      vertex -2.59807621e-02 -1.50000000e-02 1.83697020e-18
      vertex -2.29813333e-02 -1.92836283e-02 1.83697020e-18
    endloop
  endfacet
  facet normal -8.16058468e-01 -5.71410291e-01 8.68265939e-02
    outer loop
      vertex -2.55860560e-02 -1.47721163e-02 5.20944533e-03
      vertex -2.29813333e-02 -1.92836283e-02 1.83697020e-18
      vertex -2.26321952e-02 -1.89906666e-02 5.20944533e-03
    endloop
  endfacet
  facet normal -7.04436350e-01 -7.04436350e-01 8.68265939e-02
    outer loop
      vertex -2.26321952e-02 -1.89906666e-02 5.20944533e-03
      vertex -2.29813333e-02 -1.92836283e-02 1.83697020e-18
      vertex -1.92836283e-02 -2.29813333e-02 1.83697020e-18
    endloop
  endfacet
  facet normal -7.04436350e-01 -7.04436350e-01 8.68265939e-02
    outer loop
      vertex -2.26321952e-02 -1.89906666e-02 5.20944533e-03
      vertex -1.92836283e-02 -2.29813333e-02 1.83697020e-18
      vertex -1.89906666e-02 -2.26321952e-02 5.20944533e-03
    endloop
  endfacet
  facet normal -5.71410291e-01 -8.16058468e-01 8.68265939e-02
    outer loop
      vertex -1.89906666e-02 -2.26321952e-02 5.20944533e-03
      vertex -1.92836283e-02 -2.29813333e-02 1.83697020e-18
      vertex -1.50000000e-02 -2.59807621e-02 1.83697020e-18
    endloop
  endfacet
  facet normal -5.71410291e-01 -8.16058468e-01 8.68265939e-02
    outer loop
      vertex -1.89906666e-02 -2.26321952e-02 5.20944533e-03
      vertex -1.50000000e-02 -2.59807621e-02 1.83697020e-18
      vertex -1.47721163e-02 -2.55860560e-02 5.20944533e-03
    endloop
  endfacet
  facet normal -4.21022219e-01 -9.02885061e-01 8.68265939e-02
    outer loop
      vertex -1.47721163e-02 -2.55860560e-02 5.20944533e-03
      vertex -1.50000000e-02 -2.59807621e-02 1.83697020e-18
      vertex -1.02606043e-02 -2.81907786e-02 1.83697020e-18
    endloop
  endfacet
  facet normal -4.21022219e-01 -9.02885061e-01 8.68265939e-02
    outer loop
      vertex -1.47721163e-02 -2.55860560e-02 5.20944533e-03
      vertex -1.02606043e-02 -2.81907786e-02 1.83697020e-18
      vertex -1.01047227e-02 -2.77624974e-02 5.20944533e-03
    endloop
  endfacet
  facet normal -2.57841599e-01 -9.62277950e-01 8.68265939e-02
    outer loop
      vertex -1.01047227e-02 -2.77624974e-02 5.20944533e-03
      vertex -1.02606043e-02 -2.81907786e-02 1.83697020e-18
      vertex -5.20944533e-03 -2.95442326e-02 1.83697020e-18
    endloop
  endfacet
  facet normal -2.57841599e-01 -9.62277950e-01 8.68265939e-02
    outer loop
      vertex -1.01047227e-02 -2.77624974e-02 5.20944533e-03
      vertex -5.20944533e-03 -2.95442326e-02 1.83697020e-18
      vertex -5.13030215e-03 -2.90953893e-02 5.20944533e-03
    endloop
  endfacet
  facet normal -8.68265939e-02 -9.92432509e-01 8.68265939e-02
    outer loop
      vertex -5.13030215e-03 -2.90953893e-02 5.20944533e-03
      vertex -5.20944533e-03 -2.95442326e-02 1.83697020e-18
      vertex -5.51091060e-18 -3.00000000e-02 1.83697020e-18
    endloop
  endfacet
  facet normal -8.68265939e-02 -9.92432509e-01 8.68265939e-02
    outer loop
      vertex -5.13030215e-03 -2.90953893e-02 5.20944533e-03
      vertex -5.51091060e-18 -3.00000000e-02 1.83697020e-18
      vertex -5.42718748e-18 -2.95442326e-02 5.20944533e-03
    endloop
  endfacet
  facet normal 8.68265939e-02 -9.92432509e-01 8.68265939e-02
    outer loop
      vertex -5.42718748e-18 -2.95442326e-02 5.20944533e-03
      vertex -5.51091060e-18 -3.00000000e-02 1.83697020e-18
      vertex 5.20944533e-03 -2.95442326e-02 1.83697020e-18
    endloop
  endfacet
  facet normal 8.68265939e-02 -9.92432509e-01 8.68265939e-02
    outer loop
      vertex -5.42718748e-18 -2.95442326e-02 5.20944533e-03
      vertex 5.20944533e-03 -2.95442326e-02 1.83697020e-18
      vertex 5.13030215e-03 -2.90953893e-02 5.20944533e-03
    endloop
  endfacet
  facet normal 2.57841599e-01 -9.62277950e-01 8.68265939e-02
    outer loop
      vertex 5.13030215e-03 -2.90953893e-02 5.20944533e-03
      vertex 5.20944533e-03 -2.95442326e-02 1.83697020e-18
      vertex 1.02606043e-02 -2.81907786e-02 1.83697020e-18
    endloop
  endfacet
  facet normal 2.57841599e-01 -9.62277950e-01 8.68265939e-02
    outer loop
      vertex 5.13030215e-03 -2.90953893e-02 5.20944533e-03
      vertex 1.02606043e-02 -2.81907786e-02 1.83697020e-18
      vertex 1.01047227e-02 -2.77624974e-02 5.20944533e-03
    endloop
  endfacet
  facet normal 4.21022219e-01 -9.02885061e-01 8.68265939e-02
    outer loop
      vertex 1.01047227e-02 -2.77624974e-02 5.20944533e-03
      vertex 1.02606043e-02 -2.81907786e-02 1.83697020e-18
      vertex 1.50000000e-02 -2.59807621e-02 1.83697020e-18
    endloop
  endfacet
  facet normal 4.21022219e-01 -9.02885061e-01 8.68265939e-02
    outer loop
      vertex 1.01047227e-02 -2.77624974e-02 5.20944533e-03
      vertex 1.50000000e-02 -2.59807621e-02 1.83697020e-18
      vertex 1.47721163e-02 -2.55860560e-02 5.20944533e-03
    endloop
  endfacet
  facet normal 5.71410291e-01 -8.16058468e-01 8.68265939e-02
    outer loop
      vertex 1.47721163e-02 -2.55860560e-02 5.20944533e-03
      vertex 1.50000000e-02 -2.59807621e-02 1.83697020e-18
      vertex 1.92836283e-02 -2.29813333e-02 1.83697020e-18
    endloop
  endfacet
  facet normal 5.71410291e-01 -8.16058468e-01 8.68265939e-02
    outer loop
      vertex 1.47721163e-02 -2.55860560e-02 5.20944533e-03
      vertex 1.92836283e-02 -2.29813333e-02 1.83697020e-18
      vertex 1.89906666e-02 -2.26321952e-02 5.20944533e-03
    endloop
  endfacet
  facet normal 7.04436350e-01 -7.04436350e-01 8.68265939e-02
    outer loop
      vertex 1.89906666e-02 -2.26321952e-02 5.20944533e-03
      vertex 1.92836283e-02 -2.29813333e-02 1.83697020e-18
      vertex 2.29813333e-02 -1.92836283e-02 1.83697020e-18
    endloop
  endfacet
  facet normal 7.04436350e-01 -7.04436350e-01 8.68265939e-02
    outer loop
      vertex 1.89906666e-02 -2.26321952e-02 5.20944533e-03
      vertex 2.29813333e-02 -1.92836283e-02 1.83697020e-18
      vertex 2.26321952e-02 -1.89906666e-02 5.20944533e-03
    endloop
  endfacet
  facet normal 8.16058468e-01 -5.71410291e-01 8.68265939e-02
    outer loop
      vertex 2.26321952e-02 -1.89906666e-02 5.20944533e-03
      vertex 2.29813333e-02 -1.92836283e-02 1.83697020e-18
      vertex 2.59807621e-02 -1.50000000e-02 1.83697020e-18
    endloop
  endfacet
  facet normal 8.16058468e-01 -5.71410291e-01 8.68265939e-02
    outer loop
      vertex 2.26321952e-02 -1.89906666e-02 5.20944533e-03
      vertex 2.59807621e-02 -1.50000000e-02 1.83697020e-18
      vertex 2.55860560e-02 -1.47721163e-02 5.20944533e-03
    endloop
  endfacet
  facet normal 9.02885061e-01 -4.21022219e-01 8.68265939e-02
    outer loop
      vertex 2.55860560e-02 -1.47721163e-02 5.20944533e-03
      vertex 2.59807621e-02 -1.50000000e-02 1.83697020e-18
      vertex 2.81907786e-02 -1.02606043e-02 1.83697020e-18
    endloop
  endfacet
  facet normal 9.02885061e-01 -4.21022219e-01 8.68265939e-02
    outer loop
      vertex 2.55860560e-02 -1.47721163e-02 5.20944533e-03
      vertex 2.81907786e-02 -1.02606043e-02 1.83697020e-18
      vertex 2.77624974e-02 -1.01047227e-02 5.20944533e-03
    endloop
  endfacet
  facet normal 9.62277950e-01 -2.57841599e-01 8.68265939e-02
    outer loop
      vertex 2.77624974e-02 -1.01047227e-02 5.20944533e-03
      vertex 2.81907786e-02 -1.02606043e-02 1.83697020e-18
      vertex 2.95442326e-02 -5.20944533e-03 1.83697020e-18
    endloop
  endfacet
  facet normal 9.62277950e-01 -2.57841599e-01 8.68265939e-02
    outer loop
      vertex 2.77624974e-02 -1.01047227e-02 5.20944533e-03
      vertex 2.95442326e-02 -5.20944533e-03 1.83697020e-18
      vertex 2.90953893e-02 -5.13030215e-03 5.20944533e-03
    endloop
  endfacet
  facet normal 9.92432509e-01 -8.68265939e-02 8.68265939e-02
    outer loop
      vertex 2.90953893e-02 -5.13030215e-03 5.20944533e-03
      vertex 2.95442326e-02 -5.20944533e-03 1.83697020e-18
      vertex 3.00000000e-02 0.00000000e+00 1.83697020e-18
    endloop
  endfacet
  facet normal 9.92432509e-01 -8.68265939e-02 8.68265939e-02
    outer loop
      vertex 2.90953893e-02 -5.13030215e-03 5.20944533e-03
      vertex 3.00000000e-02 0.00000000e+00 1.83697020e-18
      vertex 2.95442326e-02 0.00000000e+00 5.20944533e-03
    endloop
  endfacet
  facet normal 9.92432509e-01 8.68265939e-02 -8.68265939e-02
    outer loop
      vertex 3.00000000e-02 0.00000000e+00 1.83697020e-18
      vertex 2.95442326e-02 0.00000000e+00 -5.20944533e-03
      vertex 2.90953893e-02 5.13030215e-03 -5.20944533e-03
    endloop
  endfacet
  facet normal 9.92432509e-01 8.68265939e-02 -8.68265939e-02
    outer loop
      vertex 3.00000000e-02 0.00000000e+00 1.83697020e-18
      vertex 2.90953893e-02 5.13030215e-03 -5.20944533e-03
      vertex 2.95442326e-02 5.20944533e-03 1.83697020e-18
    endloop
  endfacet
  facet normal 9.62277950e-01 2.57841599e-01 -8.68265939e-02
    outer loop
      vertex 2.95442326e-02 5.20944533e-03 1.83697020e-18
      vertex 2.90953893e-02 5.13030215e-03 -5.20944533e-03
      vertex 2.77624974e-02 1.01047227e-02 -5.20944533e-03
    endloop
  endfacet
  facet normal 9.62277950e-01 2.57841599e-01 -8.68265939e-02
    outer loop
      vertex 2.95442326e-02 5.20944533e-03 1.83697020e-18
      vertex 2.77624974e-02 1.01047227e-02 -5.20944533e-03
      vertex 2.81907786e-02 1.02606043e-02 1.83697020e-18
    endloop
  endfacet
  facet normal 9.02885061e-01 4.21022219e-01 -8.68265939e-02
    outer loop
      vertex 2.81907786e-02 1.02606043e-02 1.83697020e-18
      vertex 2.77624974e-02 1.01047227e-02 -5.20944533e-03
      vertex 2.55860560e-02 1.47721163e-02 -5.20944533e-03
    endloop
  endfacet
  facet normal 9.02885061e-01 4.21022219e-01 -8.68265939e-02
    outer loop
      vertex 2.81907786e-02 1.02606043e-02 1.83697020e-18
      vertex 2.55860560e-02 1.47721163e-02 -5.20944533e-03
      vertex 2.59807621e-02 1.50000000e-02 1.83697020e-18
    endloop
  endfacet
  facet normal 8.16058468e-01 5.71410291e-01 -8.68265939e-02
    outer loop
      vertex 2.59807621e-02 1.50000000e-02 1.83697020e-18
      vertex 2.55860560e-02 1.47721163e-02 -5.20944533e-03
      vertex 2.26321952e-02 1.89906666e-02 -5.20944533e-03
    endloop
  endfacet
  facet normal 8.16058468e-01 5.71410291e-01 -8.68265939e-02
    outer loop
      vertex 2.59807621e-02 1.50000000e-02 1.83697020e-18
      vertex 2.26321952e-02 1.89906666e-02 -5.20944533e-03
      vertex 2.29813333e-02 1.92836283e-02 1.83697020e-18
    endloop
  endfacet
  facet normal 7.04436350e-01 7.04436350e-01 -8.68265939e-02
    outer loop
      vertex 2.29813333e-02 1.92836283e-02 1.83697020e-18
      vertex 2.26321952e-02 1.89906666e-02 -5.20944533e-03
      vertex 1.89906666e-02 2.26321952e-02 -5.20944533e-03
    endloop
  endfacet
  facet normal 7.04436350e-01 7.04436350e-01 -8.68265939e-02
    outer loop
      vertex 2.29813333e-02 1.92836283e-02 1.83697020e-18
      vertex 1.89906666e-02 2.26321952e-02 -5.20944533e-03
      vertex 1.92836283e-02 2.29813333e-02 1.83697020e-18
    endloop
  endfacet
  facet normal 5.71410291e-01 8.16058468e-01 -8.68265939e-02
    outer loop
      vertex 1.92836283e-02 2.29813333e-02 1.83697020e-18
      vertex 1.89906666e-02 2.26321952e-02 -5.20944533e-03
      vertex 1.47721163e-02 2.55860560e-02 -5.20944533e-03
    endloop
  endfacet
  facet normal 5.71410291e-01 8.16058468e-01 -8.68265939e-02
    outer loop
      vertex 1.92836283e-02 2.29813333e-02 1.83697020e-18
      vertex 1.47721163e-02 2.55860560e-02 -5.20944533e-03
      vertex 1.50000000e-02 2.59807621e-02 1.83697020e-18
    endloop
  endfacet
  facet normal 4.21022219e-01 9.02885061e-01 -8.68265939e-02
    outer loop
      vertex 1.50000000e-02 2.59807621e-02 1.83697020e-18
      vertex 1.47721163e-02 2.55860560e-02 -5.20944533e-03
      vertex 1.01047227e-02 2.77624974e-02 -5.20944533e-03
    endloop
  endfacet
  facet normal 4.21022219e-01 9.02885061e-01 -8.68265939e-02
    outer loop
      vertex 1.50000000e-02 2.59807621e-02 1.83697020e-18
      vertex 1.01047227e-02 2.77624974e-02 -5.20944533e-03
      vertex 1.02606043e-02 2.81907786e-02 1.83697020e-18
    endloop
  endfacet
  facet normal 2.57841599e-01 9.62277950e-01 -8.68265939e-02
    outer loop
      vertex 1.02606043e-02 2.81907786e-02 1.83697020e-18
      vertex 1.01047227e-02 2.77624974e-02 -5.20944533e-03
      vertex 5.13030215e-03 2.90953893e-02 -5.20944533e-03
    endloop
  endfacet
  facet normal 2.57841599e-01 9.62277950e-01 -8.68265939e-02
    outer loop
      vertex 1.02606043e-02 2.81907786e-02 1.83697020e-18
      vertex 5.13030215e-03 2.90953893e-02 -5.20944533e-03
      vertex 5.20944533e-03 2.95442326e-02 1.83697020e-18
    endloop
  endfacet
  facet normal 8.68265939e-02 9.92432509e-01 -8.68265939e-02
    outer loop
      vertex 5.20944533e-03 2.95442326e-02 1.83697020e-18
      vertex 5.13030215e-03 2.90953893e-02 -5.20944533e-03
      vertex 1.80906249e-18 2.95442326e-02 -5.20944533e-03
    endloop
  endfacet
  facet normal 8.68265939e-02 9.92432509e-01 -8.68265939e-02
    outer loop
      vertex 5.20944533e-03 2.95442326e-02 1.83697020e-18
      vertex 1.80906249e-18 2.95442326e-02 -5.20944533e-03
      vertex 1.83697020e-18 3.00000000e-02 1.83697020e-18
    endloop
  endfacet
  facet normal -8.68265939e-02 9.92432509e-01 -8.68265939e-02
    outer loop
      vertex 1.83697020e-18 3.00000000e-02 1.83697020e-18
      vertex 1.80906249e-18 2.95442326e-02 -5.20944533e-03
      vertex -5.13030215e-03 2.90953893e-02 -5.20944533e-03
    endloop
  endfacet
  facet normal -8.68265939e-02 9.92432509e-01 -8.68265939e-02
    outer loop
      vertex 1.83697020e-18 3.00000000e-02 1.83697020e-18
      vertex -5.13030215e-03 2.90953893e-02 -5.20944533e-03
      vertex -5.20944533e-03 2.95442326e-02 1.83697020e-18
    endloop
  endfacet
  facet normal -2.57841599e-01 9.62277950e-01 -8.68265939e-02
    outer loop
      vertex -5.20944533e-03 2.95442326e-02 1.83697020e-18
      vertex -5.13030215e-03 2.90953893e-02 -5.20944533e-03
      vertex -1.01047227e-02 2.77624974e-02 -5.20944533e-03
    endloop
  endfacet
  facet normal -2.57841599e-01 9.62277950e-01 -8.68265939e-02
    outer loop
      vertex -5.20944533e-03 2.95442326e-02 1.83697020e-18
      vertex -1.01047227e-02 2.77624974e-02 -5.20944533e-03
      vertex -1.02606043e-02 2.81907786e-02 1.83697020e-18
    endloop
  endfacet
  facet normal -4.21022219e-01 9.02885061e-01 -8.68265939e-02
    outer loop
      vertex -1.02606043e-02 2.81907786e-02 1.83697020e-18
      vertex -1.01047227e-02 2.77624974e-02 -5.20944533e-03
      vertex -1.47721163e-02 2.55860560e-02 -5.20944533e-03
    endloop
  endfacet
  facet normal -4.21022219e-01 9.02885061e-01 -8.68265939e-02
    outer loop
      vertex -1.02606043e-02 2.81907786e-02 1.83697020e-18
      vertex -1.47721163e-02 2.55860560e-02 -5.20944533e-03
      vertex -1.50000000e-02 2.59807621e-02 1.83697020e-18
    endloop
  endfacet
  facet normal -5.71410291e-01 8.16058468e-01 -8.68265939e-02
    outer loop
      vertex -1.50000000e-02 2.59807621e-02 1.83697020e-18
      vertex -1.47721163e-02 2.55860560e-02 -5.20944533e-03
      vertex -1.89906666e-02 2.26321952e-02 -5.20944533e-03
    endloop
  endfacet
  facet normal -5.71410291e-01 8.16058468e-01 -8.68265939e-02
    outer loop
      vertex -1.50000000e-02 2.59807621e-02 1.83697020e-18
      vertex -1.89906666e-02 2.26321952e-02 -5.20944533e-03
      vertex -1.92836283e-02 2.29813333e-02 1.83697020e-18
    endloop
  endfacet
  facet normal -7.04436350e-01 7.04436350e-01 -8.68265939e-02
    outer loop
      vertex -1.92836283e-02 2.29813333e-02 1.83697020e-18
      vertex -1.89906666e-02 2.26321952e-02 -5.20944533e-03
      vertex -2.26321952e-02 1.89906666e-02 -5.20944533e-03
    endloop
  endfacet
  facet normal -7.04436350e-01 7.04436350e-01 -8.68265939e-02
    outer loop
      vertex -1.92836283e-02 2.29813333e-02 1.83697020e-18
      vertex -2.26321952e-02 1.89906666e-02 -5.20944533e-03
      vertex -2.29813333e-02 1.92836283e-02 1.83697020e-18
    endloop
  endfacet
  facet normal -8.16058468e-01 5.71410291e-01 -8.68265939e-02
    outer loop
      vertex -2.29813333e-02 1.92836283e-02 1.83697020e-18
      vertex -2.26321952e-02 1.89906666e-02 -5.20944533e-03
      vertex -2.55860560e-02 1.47721163e-02 -5.20944533e-03
    endloop
  endfacet
  facet normal -8.16058468e-01 5.71410291e-01 -8.68265939e-02
    outer loop
      vertex -2.29813333e-02 1.92836283e-02 1.83697020e-18
      vertex -2.55860560e-02 1.47721163e-02 -5.20944533e-03
      vertex -2.59807621e-02 1.50000000e-02 1.83697020e-18
    endloop
  endfacet
  facet normal -9.02885061e-01 4.21022219e-01 -8.68265939e-02
    outer loop
      vertex -2.59807621e-02 1.50000000e-02 1.83697020e-18
      vertex -2.55860560e-02 1.47721163e-02 -5.20944533e-03
      vertex -2.77624974e-02 1.01047227e-02 -5.20944533e-03
    endloop
  endfacet
  facet normal -9.02885061e-01 4.21022219e-01 -8.68265939e-02
    outer loop
      vertex -2.59807621e-02 1.50000000e-02 1.83697020e-18
      vertex -2.77624974e-02 1.01047227e-02 -5.20944533e-03
      vertex -2.81907786e-02 1.02606043e-02 1.83697020e-18
    endloop
  endfacet
  facet normal -9.62277950e-01 2.57841599e-01 -8.68265939e-02
    outer loop
      vertex -2.81907786e-02 1.02606043e-02 1.83697020e-18
      vertex -2.77624974e-02 1.01047227e-02 -5.20944533e-03
      vertex -2.90953893e-02 5.13030215e-03 -5.20944533e-03
    endloop
  endfacet
  facet normal -9.62277950e-01 2.57841599e-01 -8.68265939e-02
    outer loop
      vertex -2.81907786e-02 1.02606043e-02 1.83697020e-18
      vertex -2.90953893e-02 5.13030215e-03 -5.20944533e-03
      vertex -2.95442326e-02 5.20944533e-03 1.83697020e-18
    endloop
  endfacet
  facet normal -9.92432509e-01 8.68265939e-02 -8.68265939e-02
    outer loop
      vertex -2.95442326e-02 5.20944533e-03 1.83697020e-18
      vertex -2.90953893e-02 5.13030215e-03 -5.20944533e-03
      vertex -2.95442326e-02 3.61812499e-18 -5.20944533e-03
    endloop
  endfacet
  facet normal -9.92432509e-01 8.68265939e-02 -8.68265939e-02
    outer loop
      vertex -2.95442326e-02 5.20944533e-03 1.83697020e-18
      vertex -2.95442326e-02 3.61812499e-18 -5.20944533e-03
      vertex -3.00000000e-02 3.67394040e-18 1.83697020e-18
    endloop
  endfacet
  facet normal -9.92432509e-01 -8.68265939e-02 -8.68265939e-02
    outer loop
      vertex -3.00000000e-02 3.67394040e-18 1.83697020e-18
      vertex -2.95442326e-02 3.61812499e-18 -5.20944533e-03
      vertex -2.90953893e-02 -5.13030215e-03 -5.20944533e-03
    endloop
  endfacet
  facet normal -9.92432509e-01 -8.68265939e-02 -8.68265939e-02
    outer loop
      vertex -3.00000000e-02 3.67394040e-18 1.83697020e-18
      vertex -2.90953893e-02 -5.13030215e-03 -5.20944533e-03
      vertex -2.95442326e-02 -5.20944533e-03 1.83697020e-18
    endloop
  endfacet
  facet normal -9.62277950e-01 -2.57841599e-01 -8.68265939e-02
    outer loop
      vertex -2.95442326e-02 -5.20944533e-03 1.83697020e-18
      vertex -2.90953893e-02 -5.13030215e-03 -5.20944533e-03
      vertex -2.77624974e-02 -1.01047227e-02 -5.20944533e-03
    endloop
  endfacet
  facet normal -9.62277950e-01 -2.57841599e-01 -8.68265939e-02
    outer loop
      vertex -2.95442326e-02 -5.20944533e-03 1.83697020e-18
      vertex -2.77624974e-02 -1.01047227e-02 -5.20944533e-03
      vertex -2.81907786e-02 -1.02606043e-02 1.83697020e-18
    endloop
  endfacet
  facet normal -9.02885061e-01 -4.21022219e-01 -8.68265939e-02
    outer loop
      vertex -2.81907786e-02 -1.02606043e-02 1.83697020e-18
      vertex -2.77624974e-02 -1.01047227e-02 -5.20944533e-03
      vertex -2.55860560e-02 -1.47721163e-02 -5.20944533e-03
    endloop
  endfacet
  facet normal -9.02885061e-01 -4.21022219e-01 -8.68265939e-02
    outer loop
      vertex -2.81907786e-02 -1.02606043e-02 1.83697020e-18
      vertex -2.55860560e-02 -1.47721163e-02 -5.20944533e-03
      vertex -2.59807621e-02 -1.50000000e-02 1.83697020e-18
    endloop
  endfacet
  facet normal -8.16058468e-01 -5.71410291e-01 -8.68265939e-02
    outer loop
      vertex -2.59807621e-02 -1.50000000e-02 1.83697020e-18
      vertex -2.55860560e-02 -1.47721163e-02 -5.20944533e-03
      vertex -2.26321952e-02 -1.89906666e-02 -5.20944533e-03
    endloop
  endfacet
  facet normal -8.16058468e-01 -5.71410291e-01 -8.68265939e-02
    outer loop
      vertex -2.59807621e-02 -1.50000000e-02 1.83697020e-18
      vertex -2.26321952e-02 -1.89906666e-02 -5.20944533e-03
      vertex -2.29813333e-02 -1.92836283e-02 1.83697020e-18
    endloop
  endfacet
  facet normal -7.04436350e-01 -7.04436350e-01 -8.68265939e-02
    outer loop
      vertex -2.29813333e-02 -1.92836283e-02 1.83697020e-18
      vertex -2.26321952e-02 -1.89906666e-02 -5.20944533e-03
      vertex -1.89906666e-02 -2.26321952e-02 -5.20944533e-03
    endloop
  endfacet
  facet normal -7.04436350e-01 -7.04436350e-01 -8.68265939e-02
    outer loop
      vertex -2.29813333e-02 -1.92836283e-02 1.83697020e-18
      vertex -1.89906666e-02 -2.26321952e-02 -5.20944533e-03
      vertex -1.92836283e-02 -2.29813333e-02 1.83697020e-18
    endloop
  endfacet
  facet normal -5.71410291e-01 -8.16058468e-01 -8.68265939e-02
    outer loop
      vertex -1.92836283e-02 -2.29813333e-02 1.83697020e-18
      vertex -1.89906666e-02 -2.26321952e-02 -5.20944533e-03
      vertex -1.47721163e-02 -2.55860560e-02 -5.20944533e-03
    endloop
  endfacet
  facet normal -5.71410291e-01 -8.16058468e-01 -8.68265939e-02
    outer loop
      vertex -1.92836283e-02 -2.29813333e-02 1.83697020e-18
      vertex -1.47721163e-02 -2.55860560e-02 -5.20944533e-03
      vertex -1.50000000e-02 -2.59807621e-02 1.83697020e-18
    endloop
  endfacet
  facet normal -4.21022219e-01 -9.02885061e-01 -8.68265939e-02
    outer loop
      vertex -1.50000000e-02 -2.59807621e-02 1.83697020e-18
      vertex -1.47721163e-02 -2.55860560e-02 -5.20944533e-03
      vertex -1.01047227e-02 -2.77624974e-02 -5.20944533e-03
    endloop
  endfacet
  facet normal -4.21022219e-01 -9.02885061e-01 -8.68265939e-02
    outer loop
      vertex -1.50000000e-02 -2.59807621e-02 1.83697020e-18
      vertex -1.01047227e-02 -2.77624974e-02 -5.20944533e-03
      vertex -1.02606043e-02 -2.81907786e-02 1.83697020e-18
    endloop
  endfacet
  facet normal -2.57841599e-01 -9.62277950e-01 -8.68265939e-02
    outer loop
      vertex -1.02606043e-02 -2.81907786e-02 1.83697020e-18
      vertex -1.01047227e-02 -2.77624974e-02 -5.20944533e-03
      vertex -5.13030215e-03 -2.90953893e-02 -5.20944533e-03
    endloop
  endfacet
  facet normal -2.57841599e-01 -9.62277950e-01 -8.68265939e-02
    outer loop
      vertex -1.02606043e-02 -2.81907786e-02 1.83697020e-18
      vertex -5.13030215e-03 -2.90953893e-02 -5.20944533e-03
      vertex -5.20944533e-03 -2.95442326e-02 1.83697020e-18
    endloop
  endfacet
  facet normal -8.68265939e-02 -9.92432509e-01 -8.68265939e-02
    outer loop
      vertex -5.20944533e-03 -2.95442326e-02 1.83697020e-18
      vertex -5.13030215e-03 -2.90953893e-02 -5.20944533e-03
      vertex -5.42718748e-18 -2.95442326e-02 -5.20944533e-03
    endloop
  endfacet
  facet normal -8.68265939e-02 -9.92432509e-01 -8.68265939e-02
    outer loop
      vertex -5.20944533e-03 -2.95442326e-02 1.83697020e-18
      vertex -5.42718748e-18 -2.95442326e-02 -5.20944533e-03
      vertex -5.51091060e-18 -3.00000000e-02 1.83697020e-18
    endloop
  endfacet
  facet normal 8.68265939e-02 -9.92432509e-01 -8.68265939e-02
    outer loop
      vertex -5.51091060e-18 -3.00000000e-02 1.83697020e-18
      vertex -5.42718748e-18 -2.95442326e-02 -5.20944533e-03
      vertex 5.13030215e-03 -2.90953893e-02 -5.20944533e-03
    endloop
  endfacet
  facet normal 8.68265939e-02 -9.92432509e-01 -8.68265939e-02
    outer loop
      vertex -5.51091060e-18 -3.00000000e-02 1.83697020e-18
      vertex 5.13030215e-03 -2.90953893e-02 -5.20944533e-03
      vertex 5.20944533e-03 -2.95442326e-02 1.83697020e-18
    endloop
  endfacet
  facet normal 2.57841599e-01 -9.62277950e-01 -8.68265939e-02
    outer loop
      vertex 5.20944533e-03 -2.95442326e-02 1.83697020e-18
      vertex 5.13030215e-03 -2.90953893e-02 -5.20944533e-03
      vertex 1.01047227e-02 -2.77624974e-02 -5.20944533e-03
    endloop
  endfacet
  facet normal 2.57841599e-01 -9.62277950e-01 -8.68265939e-02
    outer loop
      vertex 5.20944533e-03 -2.95442326e-02 1.83697020e-18
      vertex 1.01047227e-02 -2.77624974e-02 -5.20944533e-03
      vertex 1.02606043e-02 -2.81907786e-02 1.83697020e-18
    endloop
  endfacet
  facet normal 4.21022219e-01 -9.02885061e-01 -8.68265939e-02
    outer loop
      vertex 1.02606043e-02 -2.81907786e-02 1.83697020e-18
      vertex 1.01047227e-02 -2.77624974e-02 -5.20944533e-03
      vertex 1.47721163e-02 -2.55860560e-02 -5.20944533e-03
    endloop
  endfacet
  facet normal 4.21022219e-01 -9.02885061e-01 -8.68265939e-02
    outer loop
      vertex 1.02606043e-02 -2.81907786e-02 1.83697020e-18
      vertex 1.47721163e-02 -2.55860560e-02 -5.20944533e-03
      vertex 1.50000000e-02 -2.59807621e-02 1.83697020e-18
    endloop
  endfacet
  facet normal 5.71410291e-01 -8.16058468e-01 -8.68265939e-02
    outer loop
      vertex 1.50000000e-02 -2.59807621e-02 1.83697020e-18
      vertex 1.47721163e-02 -2.55860560e-02 -5.20944533e-03
      vertex 1.89906666e-02 -2.26321952e-02 -5.20944533e-03
    endloop
  endfacet
  facet normal 5.71410291e-01 -8.16058468e-01 -8.68265939e-02
    outer loop
      vertex 1.50000000e-02 -2.59807621e-02 1.83697020e-18
      vertex 1.89906666e-02 -2.26321952e-02 -5.20944533e-03
      vertex 1.92836283e-02 -2.29813333e-02 1.83697020e-18
    endloop
  endfacet
  facet normal 7.04436350e-01 -7.04436350e-01 -8.68265939e-02
    outer loop
      vertex 1.92836283e-02 -2.29813333e-02 1.83697020e-18
      vertex 1.89906666e-02 -2.26321952e-02 -5.20944533e-03
      vertex 2.26321952e-02 -1.89906666e-02 -5.20944533e-03
    endloop
  endfacet
  facet normal 7.04436350e-01 -7.04436350e-01 -8.68265939e-02
    outer loop
      vertex 1.92836283e-02 -2.29813333e-02 1.83697020e-18
      vertex 2.26321952e-02 -1.89906666e-02 -5.20944533e-03
      vertex 2.29813333e-02 -1.92836283e-02 1.83697020e-18
    endloop
  endfacet
  facet normal 8.16058468e-01 -5.71410291e-01 -8.68265939e-02
    outer loop
      vertex 2.29813333e-02 -1.92836283e-02 1.83697020e-18
      vertex 2.26321952e-02 -1.89906666e-02 -5.20944533e-03
      vertex 2.55860560e-02 -1.47721163e-02 -5.20944533e-03
    endloop
  endfacet
  facet normal 8.16058468e-01 -5.71410291e-01 -8.68265939e-02
    outer loop
      vertex 2.29813333e-02 -1.92836283e-02 1.83697020e-18
      vertex 2.55860560e-02 -1.47721163e-02 -5.20944533e-03
      vertex 2.59807621e-02 -1.50000000e-02 1.83697020e-18
    endloop
  endfacet
  facet normal 9.02885061e-01 -4.21022219e-01 -8.68265939e-02
    outer loop
      vertex 2.59807621e-02 -1.50000000e-02 1.83697020e-18
      vertex 2.55860560e-02 -1.47721163e-02 -5.20944533e-03
      vertex 2.77624974e-02 -1.01047227e-02 -5.20944533e-03
    endloop
  endfacet
  facet normal 9.02885061e-01 -4.21022219e-01 -8.68265939e-02
    outer loop
      vertex 2.59807621e-02 -1.50000000e-02 1.83697020e-18
      vertex 2.77624974e-02 -1.01047227e-02 -5.20944533e-03
      vertex 2.81907786e-02 -1.02606043e-02 1.83697020e-18
    endloop
  endfacet
  facet normal 9.62277950e-01 -2.57841599e-01 -8.68265939e-02
    outer loop
      vertex 2.81907786e-02 -1.02606043e-02 1.83697020e-18
      vertex 2.77624974e-02 -1.01047227e-02 -5.20944533e-03
      vertex 2.90953893e-02 -5.13030215e-03 -5.20944533e-03
    endloop
  endfacet
  facet normal 9.62277950e-01 -2.57841599e-01 -8.68265939e-02
    outer loop
      vertex 2.81907786e-02 -1.02606043e-02 1.83697020e-18
      vertex 2.90953893e-02 -5.13030215e-03 -5.20944533e-03
      vertex 2.95442326e-02 -5.20944533e-03 1.83697020e-18
    endloop
  endfacet
  facet normal 9.92432509e-01 -8.68265939e-02 -8.68265939e-02
    outer loop
      vertex 2.95442326e-02 -5.20944533e-03 1.83697020e-18
      vertex 2.90953893e-02 -5.13030215e-03 -5.20944533e-03
      vertex 2.95442326e-02 0.00000000e+00 -5.20944533e-03
    endloop
  endfacet
  facet normal 9.92432509e-01 -8.68265939e-02 -8.68265939e-02
    outer loop
      vertex 2.95442326e-02 -5.20944533e-03 1.83697020e-18
      vertex 2.95442326e-02 0.00000000e+00 -5.20944533e-03
      vertex 3.00000000e-02 0.00000000e+00 1.83697020e-18
    endloop
  endfacet
  facet normal 9.62495098e-01 8.42074098e-02 -2.57899784e-01
    outer loop
      vertex 2.95442326e-02 0.00000000e+00 -5.20944533e-03
      vertex 2.81907786e-02 0.00000000e+00 -1.02606043e-02
      vertex 2.77624974e-02 4.89527733e-03 -1.02606043e-02
    endloop
  endfacet
  facet normal 9.62495098e-01 8.42074098e-02 -2.57899784e-01
    outer loop
      vertex 2.95442326e-02 0.00000000e+00 -5.20944533e-03
      vertex 2.77624974e-02 4.89527733e-03 -1.02606043e-02
      vertex 2.90953893e-02 5.13030215e-03 -5.20944533e-03
    endloop
  endfacet
  facet normal 9.33250171e-01 2.50063630e-01 -2.57899784e-01
    outer loop
      vertex 2.90953893e-02 5.13030215e-03 -5.20944533e-03
      vertex 2.77624974e-02 4.89527733e-03 -1.02606043e-02
      vertex 2.64906666e-02 9.64181415e-03 -1.02606043e-02
    endloop
  endfacet
  facet normal 9.33250171e-01 2.50063630e-01 -2.57899784e-01
    outer loop
      vertex 2.90953893e-02 5.13030215e-03 -5.20944533e-03
      vertex 2.64906666e-02 9.64181415e-03 -1.02606043e-02
      vertex 2.77624974e-02 1.01047227e-02 -5.20944533e-03
    endloop
  endfacet
  facet normal 8.75648911e-01 4.08321793e-01 -2.57899784e-01
    outer loop
      vertex 2.77624974e-02 1.01047227e-02 -5.20944533e-03
      vertex 2.64906666e-02 9.64181415e-03 -1.02606043e-02
      vertex 2.44139304e-02 1.40953893e-02 -1.02606043e-02
    endloop
  endfacet
  facet normal 8.75648911e-01 4.08321793e-01 -2.57899784e-01
    outer loop
      vertex 2.77624974e-02 1.01047227e-02 -5.20944533e-03
      vertex 2.44139304e-02 1.40953893e-02 -1.02606043e-02
      vertex 2.55860560e-02 1.47721163e-02 -5.20944533e-03
    endloop
  endfacet
  facet normal 7.91441501e-01 5.54173305e-01 -2.57899784e-01
    outer loop
      vertex 2.55860560e-02 1.47721163e-02 -5.20944533e-03
      vertex 2.44139304e-02 1.40953893e-02 -1.02606043e-02
      vertex 2.15953893e-02 1.81206832e-02 -1.02606043e-02
    endloop
  endfacet
  facet normal 7.91441501e-01 5.54173305e-01 -2.57899784e-01
    outer loop
      vertex 2.55860560e-02 1.47721163e-02 -5.20944533e-03
      vertex 2.15953893e-02 1.81206832e-02 -1.02606043e-02
      vertex 2.26321952e-02 1.89906666e-02 -5.20944533e-03
    endloop
  endfacet
  facet normal 6.83186542e-01 6.83186542e-01 -2.57899784e-01
    outer loop
      vertex 2.26321952e-02 1.89906666e-02 -5.20944533e-03
      vertex 2.15953893e-02 1.81206832e-02 -1.02606043e-02
      vertex 1.81206832e-02 2.15953893e-02 -1.02606043e-02
    endloop
  endfacet
  facet normal 6.83186542e-01 6.83186542e-01 -2.57899784e-01
    outer loop
      vertex 2.26321952e-02 1.89906666e-02 -5.20944533e-03
      vertex 1.81206832e-02 2.15953893e-02 -1.02606043e-02
      vertex 1.89906666e-02 2.26321952e-02 -5.20944533e-03
    endloop
  endfacet
  facet normal 5.54173305e-01 7.91441501e-01 -2.57899784e-01
    outer loop
      vertex 1.89906666e-02 2.26321952e-02 -5.20944533e-03
      vertex 1.81206832e-02 2.15953893e-02 -1.02606043e-02
      vertex 1.40953893e-02 2.44139304e-02 -1.02606043e-02
    endloop
  endfacet
  facet normal 5.54173305e-01 7.91441501e-01 -2.57899784e-01
    outer loop
      vertex 1.89906666e-02 2.26321952e-02 -5.20944533e-03
      vertex 1.40953893e-02 2.44139304e-02 -1.02606043e-02
      vertex 1.47721163e-02 2.55860560e-02 -5.20944533e-03
    endloop
  endfacet
  facet normal 4.08321793e-01 8.75648911e-01 -2.57899784e-01
    outer loop
      vertex 1.47721163e-02 2.55860560e-02 -5.20944533e-03
      vertex 1.40953893e-02 2.44139304e-02 -1.02606043e-02
      vertex 9.64181415e-03 2.64906666e-02 -1.02606043e-02
    endloop
  endfacet
  facet normal 4.08321793e-01 8.75648911e-01 -2.57899784e-01
    outer loop
      vertex 1.47721163e-02 2.55860560e-02 -5.20944533e-03
      vertex 9.64181415e-03 2.64906666e-02 -1.02606043e-02
      vertex 1.01047227e-02 2.77624974e-02 -5.20944533e-03
    endloop
  endfacet
  facet normal 2.50063630e-01 9.33250171e-01 -2.57899784e-01
    outer loop
      vertex 1.01047227e-02 2.77624974e-02 -5.20944533e-03
      vertex 9.64181415e-03 2.64906666e-02 -1.02606043e-02
      vertex 4.89527733e-03 2.77624974e-02 -1.02606043e-02
    endloop
  endfacet
  facet normal 2.50063630e-01 9.33250171e-01 -2.57899784e-01
    outer loop
      vertex 1.01047227e-02 2.77624974e-02 -5.20944533e-03
      vertex 4.89527733e-03 2.77624974e-02 -1.02606043e-02
      vertex 5.13030215e-03 2.90953893e-02 -5.20944533e-03
    endloop
  endfacet
  facet normal 8.42074098e-02 9.62495098e-01 -2.57899784e-01
    outer loop
      vertex 5.13030215e-03 2.90953893e-02 -5.20944533e-03
      vertex 4.89527733e-03 2.77624974e-02 -1.02606043e-02
      vertex 1.72618734e-18 2.81907786e-02 -1.02606043e-02
    endloop
  endfacet
  facet normal 8.42074098e-02 9.62495098e-01 -2.57899784e-01
    outer loop
      vertex 5.13030215e-03 2.90953893e-02 -5.20944533e-03
      vertex 1.72618734e-18 2.81907786e-02 -1.02606043e-02
      vertex 1.80906249e-18 2.95442326e-02 -5.20944533e-03
    endloop
  endfacet
  facet normal -8.42074098e-02 9.62495098e-01 -2.57899784e-01
    outer loop
      vertex 1.80906249e-18 2.95442326e-02 -5.20944533e-03
      vertex 1.72618734e-18 2.81907786e-02 -1.02606043e-02
      vertex -4.89527733e-03 2.77624974e-02 -1.02606043e-02
    endloop
  endfacet
  facet normal -8.42074098e-02 9.62495098e-01 -2.57899784e-01
    outer loop
      vertex 1.80906249e-18 2.95442326e-02 -5.20944533e-03
      vertex -4.89527733e-03 2.77624974e-02 -1.02606043e-02
      vertex -5.13030215e-03 2.90953893e-02 -5.20944533e-03
    endloop
  endfacet
  facet normal -2.50063630e-01 9.33250171e-01 -2.57899784e-01
    outer loop
      vertex -5.13030215e-03 2.90953893e-02 -5.20944533e-03
      vertex -4.89527733e-03 2.77624974e-02 -1.02606043e-02
      vertex -9.64181415e-03 2.64906666e-02 -1.02606043e-02
    endloop
  endfacet
  facet normal -2.50063630e-01 9.33250171e-01 -2.57899784e-01
    outer loop
      vertex -5.13030215e-03 2.90953893e-02 -5.20944533e-03
      vertex -9.64181415e-03 2.64906666e-02 -1.02606043e-02
      vertex -1.01047227e-02 2.77624974e-02 -5.20944533e-03
    endloop
  endfacet
  facet normal -4.08321793e-01 8.75648911e-01 -2.57899784e-01
    outer loop
      vertex -1.01047227e-02 2.77624974e-02 -5.20944533e-03
      vertex -9.64181415e-03 2.64906666e-02 -1.02606043e-02
      vertex -1.40953893e-02 2.44139304e-02 -1.02606043e-02
    endloop
  endfacet
  facet normal -4.08321793e-01 8.75648911e-01 -2.57899784e-01
    outer loop
      vertex -1.01047227e-02 2.77624974e-02 -5.20944533e-03
      vertex -1.40953893e-02 2.44139304e-02 -1.02606043e-02
      vertex -1.47721163e-02 2.55860560e-02 -5.20944533e-03
    endloop
  endfacet
  facet normal -5.54173305e-01 7.91441501e-01 -2.57899784e-01
    outer loop
      vertex -1.47721163e-02 2.55860560e-02 -5.20944533e-03
      vertex -1.40953893e-02 2.44139304e-02 -1.02606043e-02
      vertex -1.81206832e-02 2.15953893e-02 -1.02606043e-02
    endloop
  endfacet
  facet normal -5.54173305e-01 7.91441501e-01 -2.57899784e-01
    outer loop
      vertex -1.47721163e-02 2.55860560e-02 -5.20944533e-03
      vertex -1.81206832e-02 2.15953893e-02 -1.02606043e-02
      vertex -1.89906666e-02 2.26321952e-02 -5.20944533e-03
    endloop
  endfacet
  facet normal -6.83186542e-01 6.83186542e-01 -2.57899784e-01
    outer loop
      vertex -1.89906666e-02 2.26321952e-02 -5.20944533e-03
      vertex -1.81206832e-02 2.15953893e-02 -1.02606043e-02
      vertex -2.15953893e-02 1.81206832e-02 -1.02606043e-02
    endloop
  endfacet
  facet normal -6.83186542e-01 6.83186542e-01 -2.57899784e-01
    outer loop
      vertex -1.89906666e-02 2.26321952e-02 -5.20944533e-03
      vertex -2.15953893e-02 1.81206832e-02 -1.02606043e-02
      vertex -2.26321952e-02 1.89906666e-02 -5.20944533e-03
    endloop
  endfacet
  facet normal -7.91441501e-01 5.54173305e-01 -2.57899784e-01
    outer loop
      vertex -2.26321952e-02 1.89906666e-02 -5.20944533e-03
      vertex -2.15953893e-02 1.81206832e-02 -1.02606043e-02
      vertex -2.44139304e-02 1.40953893e-02 -1.02606043e-02
    endloop
  endfacet
  facet normal -7.91441501e-01 5.54173305e-01 -2.57899784e-01
    outer loop
      vertex -2.26321952e-02 1.89906666e-02 -5.20944533e-03
      vertex -2.44139304e-02 1.40953893e-02 -1.02606043e-02
      vertex -2.55860560e-02 1.47721163e-02 -5.20944533e-03
    endloop
  endfacet
  facet normal -8.75648911e-01 4.08321793e-01 -2.57899784e-01
    outer loop
      vertex -2.55860560e-02 1.47721163e-02 -5.20944533e-03
      vertex -2.44139304e-02 1.40953893e-02 -1.02606043e-02
      vertex -2.64906666e-02 9.64181415e-03 -1.02606043e-02
    endloop
  endfacet
  facet normal -8.75648911e-01 4.08321793e-01 -2.57899784e-01
    outer loop
      vertex -2.55860560e-02 1.47721163e-02 -5.20944533e-03
      vertex -2.64906666e-02 9.64181415e-03 -1.02606043e-02
      vertex -2.77624974e-02 1.01047227e-02 -5.20944533e-03
    endloop
  endfacet
  facet normal -9.33250171e-01 2.50063630e-01 -2.57899784e-01
    outer loop
      vertex -2.77624974e-02 1.01047227e-02 -5.20944533e-03
      vertex -2.64906666e-02 9.64181415e-03 -1.02606043e-02
      vertex -2.77624974e-02 4.89527733e-03 -1.02606043e-02
    endloop
  endfacet
  facet normal -9.33250171e-01 2.50063630e-01 -2.57899784e-01
    outer loop
      vertex -2.77624974e-02 1.01047227e-02 -5.20944533e-03
      vertex -2.77624974e-02 4.89527733e-03 -1.02606043e-02
      vertex -2.90953893e-02 5.13030215e-03 -5.20944533e-03
    endloop
  endfacet
  facet normal -9.62495098e-01 8.42074098e-02 -2.57899784e-01
    outer loop
      vertex -2.90953893e-02 5.13030215e-03 -5.20944533e-03
      vertex -2.77624974e-02 4.89527733e-03 -1.02606043e-02
      vertex -2.81907786e-02 3.45237468e-18 -1.02606043e-02
    endloop
  endfacet
  facet normal -9.62495098e-01 8.42074098e-02 -2.57899784e-01
    outer loop
      vertex -2.90953893e-02 5.13030215e-03 -5.20944533e-03
      vertex -2.81907786e-02 3.45237468e-18 -1.02606043e-02
      vertex -2.95442326e-02 3.61812499e-18 -5.20944533e-03
    endloop
  endfacet
  facet normal -9.62495098e-01 -8.42074098e-02 -2.57899784e-01
    outer loop
      vertex -2.95442326e-02 3.61812499e-18 -5.20944533e-03
      vertex -2.81907786e-02 3.45237468e-18 -1.02606043e-02
      vertex -2.77624974e-02 -4.89527733e-03 -1.02606043e-02
    endloop
  endfacet
  facet normal -9.62495098e-01 -8.42074098e-02 -2.57899784e-01
    outer loop
      vertex -2.95442326e-02 3.61812499e-18 -5.20944533e-03
      vertex -2.77624974e-02 -4.89527733e-03 -1.02606043e-02
      vertex -2.90953893e-02 -5.13030215e-03 -5.20944533e-03
    endloop
  endfacet
  facet normal -9.33250171e-01 -2.50063630e-01 -2.57899784e-01
    outer loop
      vertex -2.90953893e-02 -5.13030215e-03 -5.20944533e-03
      vertex -2.77624974e-02 -4.89527733e-03 -1.02606043e-02
      vertex -2.64906666e-02 -9.64181415e-03 -1.02606043e-02
    endloop
  endfacet
  facet normal -9.33250171e-01 -2.50063630e-01 -2.57899784e-01
    outer loop
      vertex -2.90953893e-02 -5.13030215e-03 -5.20944533e-03
      vertex -2.64906666e-02 -9.64181415e-03 -1.02606043e-02
      vertex -2.77624974e-02 -1.01047227e-02 -5.20944533e-03
    endloop
  endfacet
  facet normal -8.75648911e-01 -4.08321793e-01 -2.57899784e-01
    outer loop
      vertex -2.77624974e-02 -1.01047227e-02 -5.20944533e-03
      vertex -2.64906666e-02 -9.64181415e-03 -1.02606043e-02
      vertex -2.44139304e-02 -1.40953893e-02 -1.02606043e-02
    endloop
  endfacet
  facet normal -8.75648911e-01 -4.08321793e-01 -2.57899784e-01
    outer loop
      vertex -2.77624974e-02 -1.01047227e-02 -5.20944533e-03
      vertex -2.44139304e-02 -1.40953893e-02 -1.02606043e-02
      vertex -2.55860560e-02 -1.47721163e-02 -5.20944533e-03
    endloop
  endfacet
  facet normal -7.91441501e-01 -5.54173305e-01 -2.57899784e-01
    outer loop
      vertex -2.55860560e-02 -1.47721163e-02 -5.20944533e-03
      vertex -2.44139304e-02 -1.40953893e-02 -1.02606043e-02
      vertex -2.15953893e-02 -1.81206832e-02 -1.02606043e-02
    endloop
  endfacet
  facet normal -7.91441501e-01 -5.54173305e-01 -2.57899784e-01
    outer loop
      vertex -2.55860560e-02 -1.47721163e-02 -5.20944533e-03
      vertex -2.15953893e-02 -1.81206832e-02 -1.02606043e-02
      vertex -2.26321952e-02 -1.89906666e-02 -5.20944533e-03
    endloop
  endfacet
  facet normal -6.83186542e-01 -6.83186542e-01 -2.57899784e-01
    outer loop
      vertex -2.26321952e-02 -1.89906666e-02 -5.20944533e-03
      vertex -2.15953893e-02 -1.81206832e-02 -1.02606043e-02
      vertex -1.81206832e-02 -2.15953893e-02 -1.02606043e-02
    endloop
  endfacet
  facet normal -6.83186542e-01 -6.83186542e-01 -2.57899784e-01
    outer loop
      vertex -2.26321952e-02 -1.89906666e-02 -5.20944533e-03
      vertex -1.81206832e-02 -2.15953893e-02 -1.02606043e-02
      vertex -1.89906666e-02 -2.26321952e-02 -5.20944533e-03
    endloop
  endfacet
  facet normal -5.54173305e-01 -7.91441501e-01 -2.57899784e-01
    outer loop
      vertex -1.89906666e-02 -2.26321952e-02 -5.20944533e-03
      vertex -1.81206832e-02 -2.15953893e-02 -1.02606043e-02
      vertex -1.40953893e-02 -2.44139304e-02 -1.02606043e-02
    endloop
  endfacet
  facet normal -5.54173305e-01 -7.91441501e-01 -2.57899784e-01
    outer loop
      vertex -1.89906666e-02 -2.26321952e-02 -5.20944533e-03
      vertex -1.40953893e-02 -2.44139304e-02 -1.02606043e-02
      vertex -1.47721163e-02 -2.55860560e-02 -5.20944533e-03
    endloop
  endfacet
  facet normal -4.08321793e-01 -8.75648911e-01 -2.57899784e-01
    outer loop
      vertex -1.47721163e-02 -2.55860560e-02 -5.20944533e-03
      vertex -1.40953893e-02 -2.44139304e-02 -1.02606043e-02
      vertex -9.64181415e-03 -2.64906666e-02 -1.02606043e-02
    endloop
  endfacet
  facet normal -4.08321793e-01 -8.75648911e-01 -2.57899784e-01
    outer loop
      vertex -1.47721163e-02 -2.55860560e-02 -5.20944533e-03
      vertex -9.64181415e-03 -2.64906666e-02 -1.02606043e-02
      vertex -1.01047227e-02 -2.77624974e-02 -5.20944533e-03
    endloop
  endfacet
  facet normal -2.50063630e-01 -9.33250171e-01 -2.57899784e-01
    outer loop
      vertex -1.01047227e-02 -2.77624974e-02 -5.20944533e-03
      vertex -9.64181415e-03 -2.64906666e-02 -1.02606043e-02
      vertex -4.89527733e-03 -2.77624974e-02 -1.02606043e-02
    endloop
  endfacet
  facet normal -2.50063630e-01 -9.33250171e-01 -2.57899784e-01
    outer loop
      vertex -1.01047227e-02 -2.77624974e-02 -5.20944533e-03
      vertex -4.89527733e-03 -2.77624974e-02 -1.02606043e-02
      vertex -5.13030215e-03 -2.90953893e-02 -5.20944533e-03
    endloop
  endfacet
  facet normal -8.42074098e-02 -9.62495098e-01 -2.57899784e-01
    outer loop
      vertex -5.13030215e-03 -2.90953893e-02 -5.20944533e-03
      vertex -4.89527733e-03 -2.77624974e-02 -1.02606043e-02
      vertex -5.17856202e-18 -2.81907786e-02 -1.02606043e-02
    endloop
  endfacet
  facet normal -8.42074098e-02 -9.62495098e-01 -2.57899784e-01
    outer loop
      vertex -5.13030215e-03 -2.90953893e-02 -5.20944533e-03
      vertex -5.17856202e-18 -2.81907786e-02 -1.02606043e-02
      vertex -5.42718748e-18 -2.95442326e-02 -5.20944533e-03
    endloop
  endfacet
  facet normal 8.42074098e-02 -9.62495098e-01 -2.57899784e-01
    outer loop
      vertex -5.42718748e-18 -2.95442326e-02 -5.20944533e-03
      vertex -5.17856202e-18 -2.81907786e-02 -1.02606043e-02
      vertex 4.89527733e-03 -2.77624974e-02 -1.02606043e-02
    endloop
  endfacet
  facet normal 8.42074098e-02 -9.62495098e-01 -2.57899784e-01
    outer loop
      vertex -5.42718748e-18 -2.95442326e-02 -5.20944533e-03
      vertex 4.89527733e-03 -2.77624974e-02 -1.02606043e-02
      vertex 5.13030215e-03 -2.90953893e-02 -5.20944533e-03
    endloop
  endfacet
  facet normal 2.50063630e-01 -9.33250171e-01 -2.57899784e-01
    outer loop
      vertex 5.13030215e-03 -2.90953893e-02 -5.20944533e-03
      vertex 4.89527733e-03 -2.77624974e-02 -1.02606043e-02
      vertex 9.64181415e-03 -2.64906666e-02 -1.02606043e-02
    endloop
  endfacet
  facet normal 2.50063630e-01 -9.33250171e-01 -2.57899784e-01
    outer loop
      vertex 5.13030215e-03 -2.90953893e-02 -5.20944533e-03
      vertex 9.64181415e-03 -2.64906666e-02 -1.02606043e-02
      vertex 1.01047227e-02 -2.77624974e-02 -5.20944533e-03
    endloop
  endfacet
  facet normal 4.08321793e-01 -8.75648911e-01 -2.57899784e-01
    outer loop
      vertex 1.01047227e-02 -2.77624974e-02 -5.20944533e-03
      vertex 9.64181415e-03 -2.64906666e-02 -1.02606043e-02
      vertex 1.40953893e-02 -2.44139304e-02 -1.02606043e-02
    endloop
  endfacet
  facet normal 4.08321793e-01 -8.75648911e-01 -2.57899784e-01
    outer loop
      vertex 1.01047227e-02 -2.77624974e-02 -5.20944533e-03
      vertex 1.40953893e-02 -2.44139304e-02 -1.02606043e-02
      vertex 1.47721163e-02 -2.55860560e-02 -5.20944533e-03
    endloop
  endfacet
  facet normal 5.54173305e-01 -7.91441501e-01 -2.57899784e-01
    outer loop
      vertex 1.47721163e-02 -2.55860560e-02 -5.20944533e-03
      vertex 1.40953893e-02 -2.44139304e-02 -1.02606043e-02
      vertex 1.81206832e-02 -2.15953893e-02 -1.02606043e-02
    endloop
  endfacet
  facet normal 5.54173305e-01 -7.91441501e-01 -2.57899784e-01
    outer loop
      vertex 1.47721163e-02 -2.55860560e-02 -5.20944533e-03
      vertex 1.81206832e-02 -2.15953893e-02 -1.02606043e-02
      vertex 1.89906666e-02 -2.26321952e-02 -5.20944533e-03
    endloop
  endfacet
  facet normal 6.83186542e-01 -6.83186542e-01 -2.57899784e-01
    outer loop
      vertex 1.89906666e-02 -2.26321952e-02 -5.20944533e-03
      vertex 1.81206832e-02 -2.15953893e-02 -1.02606043e-02
      vertex 2.15953893e-02 -1.81206832e-02 -1.02606043e-02
    endloop
  endfacet
  facet normal 6.83186542e-01 -6.83186542e-01 -2.57899784e-01
    outer loop
      vertex 1.89906666e-02 -2.26321952e-02 -5.20944533e-03
      vertex 2.15953893e-02 -1.81206832e-02 -1.02606043e-02
      vertex 2.26321952e-02 -1.89906666e-02 -5.20944533e-03
    endloop
  endfacet
  facet normal 7.91441501e-01 -5.54173305e-01 -2.57899784e-01
    outer loop
      vertex 2.26321952e-02 -1.89906666e-02 -5.20944533e-03
      vertex 2.15953893e-02 -1.81206832e-02 -1.02606043e-02
      vertex 2.44139304e-02 -1.40953893e-02 -1.02606043e-02
    endloop
  endfacet
  facet normal 7.91441501e-01 -5.54173305e-01 -2.57899784e-01
    outer loop
      vertex 2.26321952e-02 -1.89906666e-02 -5.20944533e-03
      vertex 2.44139304e-02 -1.40953893e-02 -1.02606043e-02
      vertex 2.55860560e-02 -1.47721163e-02 -5.20944533e-03
    endloop
  endfacet
  facet normal 8.75648911e-01 -4.08321793e-01 -2.57899784e-01
    outer loop
      vertex 2.55860560e-02 -1.47721163e-02 -5.20944533e-03
      vertex 2.44139304e-02 -1.40953893e-02 -1.02606043e-02
      vertex 2.64906666e-02 -9.64181415e-03 -1.02606043e-02
    endloop
  endfacet
  facet normal 8.75648911e-01 -4.08321793e-01 -2.57899784e-01
    outer loop
      vertex 2.55860560e-02 -1.47721163e-02 -5.20944533e-03
      vertex 2.64906666e-02 -9.64181415e-03 -1.02606043e-02
      vertex 2.77624974e-02 -1.01047227e-02 -5.20944533e-03
    endloop
  endfacet
  facet normal 9.33250171e-01 -2.50063630e-01 -2.57899784e-01
    outer loop
      vertex 2.77624974e-02 -1.01047227e-02 -5.20944533e-03
      vertex 2.64906666e-02 -9.64181415e-03 -1.02606043e-02
      vertex 2.77624974e-02 -4.89527733e-03 -1.02606043e-02
    endloop
  endfacet
  facet normal 9.33250171e-01 -2.50063630e-01 -2.57899784e-01
    outer loop
      vertex 2.77624974e-02 -1.01047227e-02 -5.20944533e-03
      vertex 2.77624974e-02 -4.89527733e-03 -1.02606043e-02
      vertex 2.90953893e-02 -5.13030215e-03 -5.20944533e-03
    endloop
  endfacet
  facet normal 9.62495098e-01 -8.42074098e-02 -2.57899784e-01
    outer loop
      vertex 2.90953893e-02 -5.13030215e-03 -5.20944533e-03
      vertex 2.77624974e-02 -4.89527733e-03 -1.02606043e-02
      vertex 2.81907786e-02 0.00000000e+00 -1.02606043e-02
    endloop
  endfacet
  facet normal 9.62495098e-01 -8.42074098e-02 -2.57899784e-01
    outer loop
      vertex 2.90953893e-02 -5.13030215e-03 -5.20944533e-03
      vertex 2.81907786e-02 0.00000000e+00 -1.02606043e-02
      vertex 2.95442326e-02 0.00000000e+00 -5.20944533e-03
    endloop
  endfacet
  facet normal 9.03472097e-01 7.90435663e-02 -4.21295958e-01
    outer loop
      vertex 2.81907786e-02 0.00000000e+00 -1.02606043e-02
      vertex 2.59807621e-02 0.00000000e+00 -1.50000000e-02
      vertex 2.55860560e-02 4.51151200e-03 -1.50000000e-02
    endloop
  endfacet
  facet normal 9.03472097e-01 7.90435663e-02 -4.21295958e-01
    outer loop
      vertex 2.81907786e-02 0.00000000e+00 -1.02606043e-02
      vertex 2.55860560e-02 4.51151200e-03 -1.50000000e-02
      vertex 2.77624974e-02 4.89527733e-03 -1.02606043e-02
    endloop
  endfacet
  facet normal 8.76020555e-01 2.34729000e-01 -4.21295958e-01
    outer loop
      vertex 2.77624974e-02 4.89527733e-03 -1.02606043e-02
      vertex 2.55860560e-02 4.51151200e-03 -1.50000000e-02
      vertex 2.44139304e-02 8.88594398e-03 -1.50000000e-02
    endloop
  endfacet
  facet normal 8.76020555e-01 2.34729000e-01 -4.21295958e-01
    outer loop
      vertex 2.77624974e-02 4.89527733e-03 -1.02606043e-02
      vertex 2.44139304e-02 8.88594398e-03 -1.50000000e-02
      vertex 2.64906666e-02 9.64181415e-03 -1.02606043e-02
    endloop
  endfacet
  facet normal 8.21951571e-01 3.83282312e-01 -4.21295958e-01
    outer loop
      vertex 2.64906666e-02 9.64181415e-03 -1.02606043e-02
      vertex 2.44139304e-02 8.88594398e-03 -1.50000000e-02
      vertex 2.25000000e-02 1.29903811e-02 -1.50000000e-02
    endloop
  endfacet
  facet normal 8.21951571e-01 3.83282312e-01 -4.21295958e-01
    outer loop
      vertex 2.64906666e-02 9.64181415e-03 -1.02606043e-02
      vertex 2.25000000e-02 1.29903811e-02 -1.50000000e-02
      vertex 2.44139304e-02 1.40953893e-02 -1.02606043e-02
    endloop
  endfacet
  facet normal 7.42908005e-01 5.20189785e-01 -4.21295958e-01
    outer loop
      vertex 2.44139304e-02 1.40953893e-02 -1.02606043e-02
      vertex 2.25000000e-02 1.29903811e-02 -1.50000000e-02
      vertex 1.99024184e-02 1.67001120e-02 -1.50000000e-02
    endloop
  endfacet
  facet normal 7.42908005e-01 5.20189785e-01 -4.21295958e-01
    outer loop
      vertex 2.44139304e-02 1.40953893e-02 -1.02606043e-02
      vertex 1.99024184e-02 1.67001120e-02 -1.50000000e-02
      vertex 2.15953893e-02 1.81206832e-02 -1.02606043e-02
    endloop
  endfacet
  facet normal 6.41291555e-01 6.41291555e-01 -4.21295958e-01
    outer loop
      vertex 2.15953893e-02 1.81206832e-02 -1.02606043e-02
      vertex 1.99024184e-02 1.67001120e-02 -1.50000000e-02
      vertex 1.67001120e-02 1.99024184e-02 -1.50000000e-02
    endloop
  endfacet
  facet normal 6.41291555e-01 6.41291555e-01 -4.21295958e-01
    outer loop
      vertex 2.15953893e-02 1.81206832e-02 -1.02606043e-02
      vertex 1.67001120e-02 1.99024184e-02 -1.50000000e-02
      vertex 1.81206832e-02 2.15953893e-02 -1.02606043e-02
    endloop
  endfacet
  facet normal 5.20189785e-01 7.42908005e-01 -4.21295958e-01
    outer loop
      vertex 1.81206832e-02 2.15953893e-02 -1.02606043e-02
      vertex 1.67001120e-02 1.99024184e-02 -1.50000000e-02
      vertex 1.29903811e-02 2.25000000e-02 -1.50000000e-02
    endloop
  endfacet
  facet normal 5.20189785e-01 7.42908005e-01 -4.21295958e-01
    outer loop
      vertex 1.81206832e-02 2.15953893e-02 -1.02606043e-02
      vertex 1.29903811e-02 2.25000000e-02 -1.50000000e-02
      vertex 1.40953893e-02 2.44139304e-02 -1.02606043e-02
    endloop
  endfacet
  facet normal 3.83282312e-01 8.21951571e-01 -4.21295958e-01
    outer loop
      vertex 1.40953893e-02 2.44139304e-02 -1.02606043e-02
      vertex 1.29903811e-02 2.25000000e-02 -1.50000000e-02
      vertex 8.88594398e-03 2.44139304e-02 -1.50000000e-02
    endloop
  endfacet
  facet normal 3.83282312e-01 8.21951571e-01 -4.21295958e-01
    outer loop
      vertex 1.40953893e-02 2.44139304e-02 -1.02606043e-02
      vertex 8.88594398e-03 2.44139304e-02 -1.50000000e-02
      vertex 9.64181415e-03 2.64906666e-02 -1.02606043e-02
    endloop
  endfacet
  facet normal 2.34729000e-01 8.76020555e-01 -4.21295958e-01
    outer loop
      vertex 9.64181415e-03 2.64906666e-02 -1.02606043e-02
      vertex 8.88594398e-03 2.44139304e-02 -1.50000000e-02
      vertex 4.51151200e-03 2.55860560e-02 -1.50000000e-02
    endloop
  endfacet
  facet normal 2.34729000e-01 8.76020555e-01 -4.21295958e-01
    outer loop
      vertex 9.64181415e-03 2.64906666e-02 -1.02606043e-02
      vertex 4.51151200e-03 2.55860560e-02 -1.50000000e-02
      vertex 4.89527733e-03 2.77624974e-02 -1.02606043e-02
    endloop
  endfacet
  facet normal 7.90435663e-02 9.03472097e-01 -4.21295958e-01
    outer loop
      vertex 4.89527733e-03 2.77624974e-02 -1.02606043e-02
      vertex 4.51151200e-03 2.55860560e-02 -1.50000000e-02
      vertex 1.59086286e-18 2.59807621e-02 -1.50000000e-02
    endloop
  endfacet
  facet normal 7.90435663e-02 9.03472097e-01 -4.21295958e-01
    outer loop
      vertex 4.89527733e-03 2.77624974e-02 -1.02606043e-02
      vertex 1.59086286e-18 2.59807621e-02 -1.50000000e-02
      vertex 1.72618734e-18 2.81907786e-02 -1.02606043e-02
    endloop
  endfacet
  facet normal -7.90435663e-02 9.03472097e-01 -4.21295958e-01
    outer loop
      vertex 1.72618734e-18 2.81907786e-02 -1.02606043e-02
      vertex 1.59086286e-18 2.59807621e-02 -1.50000000e-02
      vertex -4.51151200e-03 2.55860560e-02 -1.50000000e-02
    endloop
  endfacet
  facet normal -7.90435663e-02 9.03472097e-01 -4.21295958e-01
    outer loop
      vertex 1.72618734e-18 2.81907786e-02 -1.02606043e-02
      vertex -4.51151200e-03 2.55860560e-02 -1.50000000e-02
      vertex -4.89527733e-03 2.77624974e-02 -1.02606043e-02
    endloop
  endfacet
  facet normal -2.34729000e-01 8.76020555e-01 -4.21295958e-01
    outer loop
      vertex -4.89527733e-03 2.77624974e-02 -1.02606043e-02
      vertex -4.51151200e-03 2.55860560e-02 -1.50000000e-02
      vertex -8.88594398e-03 2.44139304e-02 -1.50000000e-02
    endloop
  endfacet
  facet normal -2.34729000e-01 8.76020555e-01 -4.21295958e-01
    outer loop
      vertex -4.89527733e-03 2.77624974e-02 -1.02606043e-02
      vertex -8.88594398e-03 2.44139304e-02 -1.50000000e-02
      vertex -9.64181415e-03 2.64906666e-02 -1.02606043e-02
    endloop
  endfacet
  facet normal -3.83282312e-01 8.21951571e-01 -4.21295958e-01
    outer loop
      vertex -9.64181415e-03 2.64906666e-02 -1.02606043e-02
      vertex -8.88594398e-03 2.44139304e-02 -1.50000000e-02
      vertex -1.29903811e-02 2.25000000e-02 -1.50000000e-02
    endloop
  endfacet
  facet normal -3.83282312e-01 8.21951571e-01 -4.21295958e-01
    outer loop
      vertex -9.64181415e-03 2.64906666e-02 -1.02606043e-02
      vertex -1.29903811e-02 2.25000000e-02 -1.50000000e-02
      vertex -1.40953893e-02 2.44139304e-02 -1.02606043e-02
    endloop
  endfacet
  facet normal -5.20189785e-01 7.42908005e-01 -4.21295958e-01
    outer loop
      vertex -1.40953893e-02 2.44139304e-02 -1.02606043e-02
      vertex -1.29903811e-02 2.25000000e-02 -1.50000000e-02
      vertex -1.67001120e-02 1.99024184e-02 -1.50000000e-02
    endloop
  endfacet
  facet normal -5.20189785e-01 7.42908005e-01 -4.21295958e-01
    outer loop
      vertex -1.40953893e-02 2.44139304e-02 -1.02606043e-02
      vertex -1.67001120e-02 1.99024184e-02 -1.50000000e-02
      vertex -1.81206832e-02 2.15953893e-02 -1.02606043e-02
    endloop
  endfacet
  facet normal -6.41291555e-01 6.41291555e-01 -4.21295958e-01
    outer loop
      vertex -1.81206832e-02 2.15953893e-02 -1.02606043e-02
      vertex -1.67001120e-02 1.99024184e-02 -1.50000000e-02
      vertex -1.99024184e-02 1.67001120e-02 -1.50000000e-02
    endloop
  endfacet
  facet normal -6.41291555e-01 6.41291555e-01 -4.21295958e-01
    outer loop
      vertex -1.81206832e-02 2.15953893e-02 -1.02606043e-02
      vertex -1.99024184e-02 1.67001120e-02 -1.50000000e-02
      vertex -2.15953893e-02 1.81206832e-02 -1.02606043e-02
    endloop
  endfacet
  facet normal -7.42908005e-01 5.20189785e-01 -4.21295958e-01
    outer loop
      vertex -2.15953893e-02 1.81206832e-02 -1.02606043e-02
      vertex -1.99024184e-02 1.67001120e-02 -1.50000000e-02
      vertex -2.25000000e-02 1.29903811e-02 -1.50000000e-02
    endloop
  endfacet
  facet normal -7.42908005e-01 5.20189785e-01 -4.21295958e-01
    outer loop
      vertex -2.15953893e-02 1.81206832e-02 -1.02606043e-02
      vertex -2.25000000e-02 1.29903811e-02 -1.50000000e-02
      vertex -2.44139304e-02 1.40953893e-02 -1.02606043e-02
    endloop
  endfacet
  facet normal -8.21951571e-01 3.83282312e-01 -4.21295958e-01
    outer loop
      vertex -2.44139304e-02 1.40953893e-02 -1.02606043e-02
      vertex -2.25000000e-02 1.29903811e-02 -1.50000000e-02
      vertex -2.44139304e-02 8.88594398e-03 -1.50000000e-02
    endloop
  endfacet
  facet normal -8.21951571e-01 3.83282312e-01 -4.21295958e-01
    outer loop
      vertex -2.44139304e-02 1.40953893e-02 -1.02606043e-02
      vertex -2.44139304e-02 8.88594398e-03 -1.50000000e-02
      vertex -2.64906666e-02 9.64181415e-03 -1.02606043e-02
    endloop
  endfacet
  facet normal -8.76020555e-01 2.34729000e-01 -4.21295958e-01
    outer loop
      vertex -2.64906666e-02 9.64181415e-03 -1.02606043e-02
      vertex -2.44139304e-02 8.88594398e-03 -1.50000000e-02
      vertex -2.55860560e-02 4.51151200e-03 -1.50000000e-02
    endloop
  endfacet
  facet normal -8.76020555e-01 2.34729000e-01 -4.21295958e-01
    outer loop
      vertex -2.64906666e-02 9.64181415e-03 -1.02606043e-02
      vertex -2.55860560e-02 4.51151200e-03 -1.50000000e-02
      vertex -2.77624974e-02 4.89527733e-03 -1.02606043e-02
    endloop
  endfacet
  facet normal -9.03472097e-01 7.90435663e-02 -4.21295958e-01
    outer loop
      vertex -2.77624974e-02 4.89527733e-03 -1.02606043e-02
      vertex -2.55860560e-02 4.51151200e-03 -1.50000000e-02
      vertex -2.59807621e-02 3.18172572e-18 -1.50000000e-02
    endloop
  endfacet
  facet normal -9.03472097e-01 7.90435663e-02 -4.21295958e-01
    outer loop
      vertex -2.77624974e-02 4.89527733e-03 -1.02606043e-02
      vertex -2.59807621e-02 3.18172572e-18 -1.50000000e-02
      vertex -2.81907786e-02 3.45237468e-18 -1.02606043e-02
    endloop
  endfacet
  facet normal -9.03472097e-01 -7.90435663e-02 -4.21295958e-01
    outer loop
      vertex -2.81907786e-02 3.45237468e-18 -1.02606043e-02
      vertex -2.59807621e-02 3.18172572e-18 -1.50000000e-02
      vertex -2.55860560e-02 -4.51151200e-03 -1.50000000e-02
    endloop
  endfacet
  facet normal -9.03472097e-01 -7.90435663e-02 -4.21295958e-01
    outer loop
      vertex -2.81907786e-02 3.45237468e-18 -1.02606043e-02
      vertex -2.55860560e-02 -4.51151200e-03 -1.50000000e-02
      vertex -2.77624974e-02 -4.89527733e-03 -1.02606043e-02
    endloop
  endfacet
  facet normal -8.76020555e-01 -2.34729000e-01 -4.21295958e-01
    outer loop
      vertex -2.77624974e-02 -4.89527733e-03 -1.02606043e-02
      vertex -2.55860560e-02 -4.51151200e-03 -1.50000000e-02
      vertex -2.44139304e-02 -8.88594398e-03 -1.50000000e-02
    endloop
  endfacet
  facet normal -8.76020555e-01 -2.34729000e-01 -4.21295958e-01
    outer loop
      vertex -2.77624974e-02 -4.89527733e-03 -1.02606043e-02
      vertex -2.44139304e-02 -8.88594398e-03 -1.50000000e-02
      vertex -2.64906666e-02 -9.64181415e-03 -1.02606043e-02
    endloop
  endfacet
  facet normal -8.21951571e-01 -3.83282312e-01 -4.21295958e-01
    outer loop
      vertex -2.64906666e-02 -9.64181415e-03 -1.02606043e-02
      vertex -2.44139304e-02 -8.88594398e-03 -1.50000000e-02
      vertex -2.25000000e-02 -1.29903811e-02 -1.50000000e-02
    endloop
  endfacet
  facet normal -8.21951571e-01 -3.83282312e-01 -4.21295958e-01
    outer loop
      vertex -2.64906666e-02 -9.64181415e-03 -1.02606043e-02
      vertex -2.25000000e-02 -1.29903811e-02 -1.50000000e-02
      vertex -2.44139304e-02 -1.40953893e-02 -1.02606043e-02
    endloop
  endfacet
  facet normal -7.42908005e-01 -5.20189785e-01 -4.21295958e-01
    outer loop
      vertex -2.44139304e-02 -1.40953893e-02 -1.02606043e-02
      vertex -2.25000000e-02 -1.29903811e-02 -1.50000000e-02
      vertex -1.99024184e-02 -1.67001120e-02 -1.50000000e-02
    endloop
  endfacet
  facet normal -7.42908005e-01 -5.20189785e-01 -4.21295958e-01
    outer loop
      vertex -2.44139304e-02 -1.40953893e-02 -1.02606043e-02
      vertex -1.99024184e-02 -1.67001120e-02 -1.50000000e-02
      vertex -2.15953893e-02 -1.81206832e-02 -1.02606043e-02
    endloop
  endfacet
  facet normal -6.41291555e-01 -6.41291555e-01 -4.21295958e-01
    outer loop
      vertex -2.15953893e-02 -1.81206832e-02 -1.02606043e-02
      vertex -1.99024184e-02 -1.67001120e-02 -1.50000000e-02
      vertex -1.67001120e-02 -1.99024184e-02 -1.50000000e-02
    endloop
  endfacet
  facet normal -6.41291555e-01 -6.41291555e-01 -4.21295958e-01
    outer loop
      vertex -2.15953893e-02 -1.81206832e-02 -1.02606043e-02
      vertex -1.67001120e-02 -1.99024184e-02 -1.50000000e-02
      vertex -1.81206832e-02 -2.15953893e-02 -1.02606043e-02
    endloop
  endfacet
  facet normal -5.20189785e-01 -7.42908005e-01 -4.21295958e-01
    outer loop
      vertex -1.81206832e-02 -2.15953893e-02 -1.02606043e-02
      vertex -1.67001120e-02 -1.99024184e-02 -1.50000000e-02
      vertex -1.29903811e-02 -2.25000000e-02 -1.50000000e-02
    endloop
  endfacet
  facet normal -5.20189785e-01 -7.42908005e-01 -4.21295958e-01
    outer loop
      vertex -1.81206832e-02 -2.15953893e-02 -1.02606043e-02
      vertex -1.29903811e-02 -2.25000000e-02 -1.50000000e-02
      vertex -1.40953893e-02 -2.44139304e-02 -1.02606043e-02
    endloop
  endfacet
  facet normal -3.83282312e-01 -8.21951571e-01 -4.21295958e-01
    outer loop
      vertex -1.40953893e-02 -2.44139304e-02 -1.02606043e-02
      vertex -1.29903811e-02 -2.25000000e-02 -1.50000000e-02
      vertex -8.88594398e-03 -2.44139304e-02 -1.50000000e-02
    endloop
  endfacet
  facet normal -3.83282312e-01 -8.21951571e-01 -4.21295958e-01
    outer loop
      vertex -1.40953893e-02 -2.44139304e-02 -1.02606043e-02
      vertex -8.88594398e-03 -2.44139304e-02 -1.50000000e-02
      vertex -9.64181415e-03 -2.64906666e-02 -1.02606043e-02
    endloop
  endfacet
  facet normal -2.34729000e-01 -8.76020555e-01 -4.21295958e-01
    outer loop
      vertex -9.64181415e-03 -2.64906666e-02 -1.02606043e-02
      vertex -8.88594398e-03 -2.44139304e-02 -1.50000000e-02
      vertex -4.51151200e-03 -2.55860560e-02 -1.50000000e-02
    endloop
  endfacet
  facet normal -2.34729000e-01 -8.76020555e-01 -4.21295958e-01
    outer loop
      vertex -9.64181415e-03 -2.64906666e-02 -1.02606043e-02
      vertex -4.51151200e-03 -2.55860560e-02 -1.50000000e-02
      vertex -4.89527733e-03 -2.77624974e-02 -1.02606043e-02
    endloop
  endfacet
  facet normal -7.90435663e-02 -9.03472097e-01 -4.21295958e-01
    outer loop
      vertex -4.89527733e-03 -2.77624974e-02 -1.02606043e-02
      vertex -4.51151200e-03 -2.55860560e-02 -1.50000000e-02
      vertex -4.77258857e-18 -2.59807621e-02 -1.50000000e-02
    endloop
  endfacet
  facet normal -7.90435663e-02 -9.03472097e-01 -4.21295958e-01
    outer loop
      vertex -4.89527733e-03 -2.77624974e-02 -1.02606043e-02
      vertex -4.77258857e-18 -2.59807621e-02 -1.50000000e-02
      vertex -5.17856202e-18 -2.81907786e-02 -1.02606043e-02
    endloop
  endfacet
  facet normal 7.90435663e-02 -9.03472097e-01 -4.21295958e-01
    outer loop
      vertex -5.17856202e-18 -2.81907786e-02 -1.02606043e-02
      vertex -4.77258857e-18 -2.59807621e-02 -1.50000000e-02
      vertex 4.51151200e-03 -2.55860560e-02 -1.50000000e-02
    endloop
  endfacet
  facet normal 7.90435663e-02 -9.03472097e-01 -4.21295958e-01
    outer loop
      vertex -5.17856202e-18 -2.81907786e-02 -1.02606043e-02
      vertex 4.51151200e-03 -2.55860560e-02 -1.50000000e-02
      vertex 4.89527733e-03 -2.77624974e-02 -1.02606043e-02
    endloop
  endfacet
  facet normal 2.34729000e-01 -8.76020555e-01 -4.21295958e-01
    outer loop
      vertex 4.89527733e-03 -2.77624974e-02 -1.02606043e-02
      vertex 4.51151200e-03 -2.55860560e-02 -1.50000000e-02
      vertex 8.88594398e-03 -2.44139304e-02 -1.50000000e-02
    endloop
  endfacet
  facet normal 2.34729000e-01 -8.76020555e-01 -4.21295958e-01
    outer loop
      vertex 4.89527733e-03 -2.77624974e-02 -1.02606043e-02
      vertex 8.88594398e-03 -2.44139304e-02 -1.50000000e-02
      vertex 9.64181415e-03 -2.64906666e-02 -1.02606043e-02
    endloop
  endfacet
  facet normal 3.83282312e-01 -8.21951571e-01 -4.21295958e-01
    outer loop
      vertex 9.64181415e-03 -2.64906666e-02 -1.02606043e-02
      vertex 8.88594398e-03 -2.44139304e-02 -1.50000000e-02
      vertex 1.29903811e-02 -2.25000000e-02 -1.50000000e-02
    endloop
  endfacet
  facet normal 3.83282312e-01 -8.21951571e-01 -4.21295958e-01
    outer loop
      vertex 9.64181415e-03 -2.64906666e-02 -1.02606043e-02
      vertex 1.29903811e-02 -2.25000000e-02 -1.50000000e-02
      vertex 1.40953893e-02 -2.44139304e-02 -1.02606043e-02
    endloop
  endfacet
  facet normal 5.20189785e-01 -7.42908005e-01 -4.21295958e-01
    outer loop
      vertex 1.40953893e-02 -2.44139304e-02 -1.02606043e-02
      vertex 1.29903811e-02 -2.25000000e-02 -1.50000000e-02
      vertex 1.67001120e-02 -1.99024184e-02 -1.50000000e-02
    endloop
  endfacet
  facet normal 5.20189785e-01 -7.42908005e-01 -4.21295958e-01
    outer loop
      vertex 1.40953893e-02 -2.44139304e-02 -1.02606043e-02
      vertex 1.67001120e-02 -1.99024184e-02 -1.50000000e-02
      vertex 1.81206832e-02 -2.15953893e-02 -1.02606043e-02
    endloop
  endfacet
  facet normal 6.41291555e-01 -6.41291555e-01 -4.21295958e-01
    outer loop
      vertex 1.81206832e-02 -2.15953893e-02 -1.02606043e-02
      vertex 1.67001120e-02 -1.99024184e-02 -1.50000000e-02
      vertex 1.99024184e-02 -1.67001120e-02 -1.50000000e-02
    endloop
  endfacet
  facet normal 6.41291555e-01 -6.41291555e-01 -4.21295958e-01
    outer loop
      vertex 1.81206832e-02 -2.15953893e-02 -1.02606043e-02
      vertex 1.99024184e-02 -1.67001120e-02 -1.50000000e-02
      vertex 2.15953893e-02 -1.81206832e-02 -1.02606043e-02
    endloop
  endfacet
  facet normal 7.42908005e-01 -5.20189785e-01 -4.21295958e-01
    outer loop
      vertex 2.15953893e-02 -1.81206832e-02 -1.02606043e-02
      vertex 1.99024184e-02 -1.67001120e-02 -1.50000000e-02
      vertex 2.25000000e-02 -1.29903811e-02 -1.50000000e-02
    endloop
  endfacet
  facet normal 7.42908005e-01 -5.20189785e-01 -4.21295958e-01
    outer loop
      vertex 2.15953893e-02 -1.81206832e-02 -1.02606043e-02
      vertex 2.25000000e-02 -1.29903811e-02 -1.50000000e-02
      vertex 2.44139304e-02 -1.40953893e-02 -1.02606043e-02
    endloop
  endfacet
  facet normal 8.21951571e-01 -3.83282312e-01 -4.21295958e-01
    outer loop
      vertex 2.44139304e-02 -1.40953893e-02 -1.02606043e-02
      vertex 2.25000000e-02 -1.29903811e-02 -1.50000000e-02
      vertex 2.44139304e-02 -8.88594398e-03 -1.50000000e-02
    endloop
  endfacet
  facet normal 8.21951571e-01 -3.83282312e-01 -4.21295958e-01
    outer loop
      vertex 2.44139304e-02 -1.40953893e-02 -1.02606043e-02
      vertex 2.44139304e-02 -8.88594398e-03 -1.50000000e-02
      vertex 2.64906666e-02 -9.64181415e-03 -1.02606043e-02
    endloop
  endfacet
  facet normal 8.76020555e-01 -2.34729000e-01 -4.21295958e-01
    outer loop
      vertex 2.64906666e-02 -9.64181415e-03 -1.02606043e-02
      vertex 2.44139304e-02 -8.88594398e-03 -1.50000000e-02
      vertex 2.55860560e-02 -4.51151200e-03 -1.50000000e-02
    endloop
  endfacet
  facet normal 8.76020555e-01 -2.34729000e-01 -4.21295958e-01
    outer loop
      vertex 2.64906666e-02 -9.64181415e-03 -1.02606043e-02
      vertex 2.55860560e-02 -4.51151200e-03 -1.50000000e-02
      vertex 2.77624974e-02 -4.89527733e-03 -1.02606043e-02
    endloop
  endfacet
  facet normal 9.03472097e-01 -7.90435663e-02 -4.21295958e-01
    outer loop
      vertex 2.77624974e-02 -4.89527733e-03 -1.02606043e-02
      vertex 2.55860560e-02 -4.51151200e-03 -1.50000000e-02
      vertex 2.59807621e-02 0.00000000e+00 -1.50000000e-02
    endloop
  endfacet
  facet normal 9.03472097e-01 -7.90435663e-02 -4.21295958e-01
    outer loop
      vertex 2.77624974e-02 -4.89527733e-03 -1.02606043e-02
      vertex 2.59807621e-02 0.00000000e+00 -1.50000000e-02
      vertex 2.81907786e-02 0.00000000e+00 -1.02606043e-02
    endloop
  endfacet
  facet normal 8.17056494e-01 7.14831807e-02 -5.72109116e-01
    outer loop
      vertex 2.59807621e-02 0.00000000e+00 -1.50000000e-02
      vertex 2.29813333e-02 0.00000000e+00 -1.92836283e-02
      vertex 2.26321952e-02 3.99066665e-03 -1.92836283e-02
    endloop
  endfacet
  facet normal 8.17056494e-01 7.14831807e-02 -5.72109116e-01
    outer loop
      vertex 2.59807621e-02 0.00000000e+00 -1.50000000e-02
      vertex 2.26321952e-02 3.99066665e-03 -1.92836283e-02
      vertex 2.55860560e-02 4.51151200e-03 -1.50000000e-02
    endloop
  endfacet
  facet normal 7.92230646e-01 2.12277562e-01 -5.72109116e-01
    outer loop
      vertex 2.55860560e-02 4.51151200e-03 -1.50000000e-02
      vertex 2.26321952e-02 3.99066665e-03 -1.92836283e-02
      vertex 2.15953893e-02 7.86007891e-03 -1.92836283e-02
    endloop
  endfacet
  facet normal 7.92230646e-01 2.12277562e-01 -5.72109116e-01
    outer loop
      vertex 2.55860560e-02 4.51151200e-03 -1.50000000e-02
      vertex 2.15953893e-02 7.86007891e-03 -1.92836283e-02
      vertex 2.44139304e-02 8.88594398e-03 -1.50000000e-02
    endloop
  endfacet
  facet normal 7.43333270e-01 3.46621997e-01 -5.72109116e-01
    outer loop
      vertex 2.44139304e-02 8.88594398e-03 -1.50000000e-02
      vertex 2.15953893e-02 7.86007891e-03 -1.92836283e-02
      vertex 1.99024184e-02 1.14906666e-02 -1.92836283e-02
    endloop
  endfacet
  facet normal 7.43333270e-01 3.46621997e-01 -5.72109116e-01
    outer loop
      vertex 2.44139304e-02 8.88594398e-03 -1.50000000e-02
      vertex 1.99024184e-02 1.14906666e-02 -1.92836283e-02
      vertex 2.25000000e-02 1.29903811e-02 -1.50000000e-02
    endloop
  endfacet
  facet normal 6.71850090e-01 4.70434497e-01 -5.72109116e-01
    outer loop
      vertex 2.25000000e-02 1.29903811e-02 -1.50000000e-02
      vertex 1.99024184e-02 1.14906666e-02 -1.92836283e-02
      vertex 1.76047227e-02 1.47721163e-02 -1.92836283e-02
    endloop
  endfacet
  facet normal 6.71850090e-01 4.70434497e-01 -5.72109116e-01
    outer loop
      vertex 2.25000000e-02 1.29903811e-02 -1.50000000e-02
      vertex 1.76047227e-02 1.47721163e-02 -1.92836283e-02
      vertex 1.99024184e-02 1.67001120e-02 -1.50000000e-02
    endloop
  endfacet
  facet normal 5.79953084e-01 5.79953084e-01 -5.72109116e-01
    outer loop
      vertex 1.99024184e-02 1.67001120e-02 -1.50000000e-02
      vertex 1.76047227e-02 1.47721163e-02 -1.92836283e-02
      vertex 1.47721163e-02 1.76047227e-02 -1.92836283e-02
    endloop
  endfacet
  facet normal 5.79953084e-01 5.79953084e-01 -5.72109116e-01
    outer loop
      vertex 1.99024184e-02 1.67001120e-02 -1.50000000e-02
      vertex 1.47721163e-02 1.76047227e-02 -1.92836283e-02
      vertex 1.67001120e-02 1.99024184e-02 -1.50000000e-02
    endloop
  endfacet
  facet normal 4.70434497e-01 6.71850090e-01 -5.72109116e-01
    outer loop
      vertex 1.67001120e-02 1.99024184e-02 -1.50000000e-02
      vertex 1.47721163e-02 1.76047227e-02 -1.92836283e-02
      vertex 1.14906666e-02 1.99024184e-02 -1.92836283e-02
    endloop
  endfacet
  facet normal 4.70434497e-01 6.71850090e-01 -5.72109116e-01
    outer loop
      vertex 1.67001120e-02 1.99024184e-02 -1.50000000e-02
      vertex 1.14906666e-02 1.99024184e-02 -1.92836283e-02
      vertex 1.29903811e-02 2.25000000e-02 -1.50000000e-02
    endloop
  endfacet
  facet normal 3.46621997e-01 7.43333270e-01 -5.72109116e-01
    outer loop
      vertex 1.29903811e-02 2.25000000e-02 -1.50000000e-02
      vertex 1.14906666e-02 1.99024184e-02 -1.92836283e-02
      vertex 7.86007891e-03 2.15953893e-02 -1.92836283e-02
    endloop
  endfacet
  facet normal 3.46621997e-01 7.43333270e-01 -5.72109116e-01
    outer loop
      vertex 1.29903811e-02 2.25000000e-02 -1.50000000e-02
      vertex 7.86007891e-03 2.15953893e-02 -1.92836283e-02
      vertex 8.88594398e-03 2.44139304e-02 -1.50000000e-02
    endloop
  endfacet
  facet normal 2.12277562e-01 7.92230646e-01 -5.72109116e-01
    outer loop
      vertex 8.88594398e-03 2.44139304e-02 -1.50000000e-02
      vertex 7.86007891e-03 2.15953893e-02 -1.92836283e-02
      vertex 3.99066665e-03 2.26321952e-02 -1.92836283e-02
    endloop
  endfacet
  facet normal 2.12277562e-01 7.92230646e-01 -5.72109116e-01
    outer loop
      vertex 8.88594398e-03 2.44139304e-02 -1.50000000e-02
      vertex 3.99066665e-03 2.26321952e-02 -1.92836283e-02
      vertex 4.51151200e-03 2.55860560e-02 -1.50000000e-02
    endloop
  endfacet
  facet normal 7.14831807e-02 8.17056494e-01 -5.72109116e-01
    outer loop
      vertex 4.51151200e-03 2.55860560e-02 -1.50000000e-02
      vertex 3.99066665e-03 2.26321952e-02 -1.92836283e-02
      vertex 1.40720081e-18 2.29813333e-02 -1.92836283e-02
    endloop
  endfacet
  facet normal 7.14831807e-02 8.17056494e-01 -5.72109116e-01
    outer loop
      vertex 4.51151200e-03 2.55860560e-02 -1.50000000e-02
      vertex 1.40720081e-18 2.29813333e-02 -1.92836283e-02
      vertex 1.59086286e-18 2.59807621e-02 -1.50000000e-02
    endloop
  endfacet
  facet normal -7.14831807e-02 8.17056494e-01 -5.72109116e-01
    outer loop
      vertex 1.59086286e-18 2.59807621e-02 -1.50000000e-02
      vertex 1.40720081e-18 2.29813333e-02 -1.92836283e-02
      vertex -3.99066665e-03 2.26321952e-02 -1.92836283e-02
    endloop
  endfacet
  facet normal -7.14831807e-02 8.17056494e-01 -5.72109116e-01
    outer loop
      vertex 1.59086286e-18 2.59807621e-02 -1.50000000e-02
      vertex -3.99066665e-03 2.26321952e-02 -1.92836283e-02
      vertex -4.51151200e-03 2.55860560e-02 -1.50000000e-02
    endloop
  endfacet
  facet normal -2.12277562e-01 7.92230646e-01 -5.72109116e-01
    outer loop
      vertex -4.51151200e-03 2.55860560e-02 -1.50000000e-02
      vertex -3.99066665e-03 2.26321952e-02 -1.92836283e-02
      vertex -7.86007891e-03 2.15953893e-02 -1.92836283e-02
    endloop
  endfacet
  facet normal -2.12277562e-01 7.92230646e-01 -5.72109116e-01
    outer loop
      vertex -4.51151200e-03 2.55860560e-02 -1.50000000e-02
      vertex -7.86007891e-03 2.15953893e-02 -1.92836283e-02
      vertex -8.88594398e-03 2.44139304e-02 -1.50000000e-02
    endloop
  endfacet
  facet normal -3.46621997e-01 7.43333270e-01 -5.72109116e-01
    outer loop
      vertex -8.88594398e-03 2.44139304e-02 -1.50000000e-02
      vertex -7.86007891e-03 2.15953893e-02 -1.92836283e-02
      vertex -1.14906666e-02 1.99024184e-02 -1.92836283e-02
    endloop
  endfacet
  facet normal -3.46621997e-01 7.43333270e-01 -5.72109116e-01
    outer loop
      vertex -8.88594398e-03 2.44139304e-02 -1.50000000e-02
      vertex -1.14906666e-02 1.99024184e-02 -1.92836283e-02
      vertex -1.29903811e-02 2.25000000e-02 -1.50000000e-02
    endloop
  endfacet
  facet normal -4.70434497e-01 6.71850090e-01 -5.72109116e-01
    outer loop
      vertex -1.29903811e-02 2.25000000e-02 -1.50000000e-02
      vertex -1.14906666e-02 1.99024184e-02 -1.92836283e-02
      vertex -1.47721163e-02 1.76047227e-02 -1.92836283e-02
    endloop
  endfacet
  facet normal -4.70434497e-01 6.71850090e-01 -5.72109116e-01
    outer loop
      vertex -1.29903811e-02 2.25000000e-02 -1.50000000e-02
      vertex -1.47721163e-02 1.76047227e-02 -1.92836283e-02
      vertex -1.67001120e-02 1.99024184e-02 -1.50000000e-02
    endloop
  endfacet
  facet normal -5.79953084e-01 5.79953084e-01 -5.72109116e-01
    outer loop
      vertex -1.67001120e-02 1.99024184e-02 -1.50000000e-02
      vertex -1.47721163e-02 1.76047227e-02 -1.92836283e-02
      vertex -1.76047227e-02 1.47721163e-02 -1.92836283e-02
    endloop
  endfacet
  facet normal -5.79953084e-01 5.79953084e-01 -5.72109116e-01
    outer loop
      vertex -1.67001120e-02 1.99024184e-02 -1.50000000e-02
      vertex -1.76047227e-02 1.47721163e-02 -1.92836283e-02
      vertex -1.99024184e-02 1.67001120e-02 -1.50000000e-02
    endloop
  endfacet
  facet normal -6.71850090e-01 4.70434497e-01 -5.72109116e-01
    outer loop
      vertex -1.99024184e-02 1.67001120e-02 -1.50000000e-02
      vertex -1.76047227e-02 1.47721163e-02 -1.92836283e-02
      vertex -1.99024184e-02 1.14906666e-02 -1.92836283e-02
    endloop
  endfacet
  facet normal -6.71850090e-01 4.70434497e-01 -5.72109116e-01
    outer loop
      vertex -1.99024184e-02 1.67001120e-02 -1.50000000e-02
      vertex -1.99024184e-02 1.14906666e-02 -1.92836283e-02
      vertex -2.25000000e-02 1.29903811e-02 -1.50000000e-02
    endloop
  endfacet
  facet normal -7.43333270e-01 3.46621997e-01 -5.72109116e-01
    outer loop
      vertex -2.25000000e-02 1.29903811e-02 -1.50000000e-02
      vertex -1.99024184e-02 1.14906666e-02 -1.92836283e-02
      vertex -2.15953893e-02 7.86007891e-03 -1.92836283e-02
    endloop
  endfacet
  facet normal -7.43333270e-01 3.46621997e-01 -5.72109116e-01
    outer loop
      vertex -2.25000000e-02 1.29903811e-02 -1.50000000e-02
      vertex -2.15953893e-02 7.86007891e-03 -1.92836283e-02
      vertex -2.44139304e-02 8.88594398e-03 -1.50000000e-02
    endloop
  endfacet
  facet normal -7.92230646e-01 2.12277562e-01 -5.72109116e-01
    outer loop
      vertex -2.44139304e-02 8.88594398e-03 -1.50000000e-02
      vertex -2.15953893e-02 7.86007891e-03 -1.92836283e-02
      vertex -2.26321952e-02 3.99066665e-03 -1.92836283e-02
    endloop
  endfacet
  facet normal -7.92230646e-01 2.12277562e-01 -5.72109116e-01
    outer loop
      vertex -2.44139304e-02 8.88594398e-03 -1.50000000e-02
      vertex -2.26321952e-02 3.99066665e-03 -1.92836283e-02
      vertex -2.55860560e-02 4.51151200e-03 -1.50000000e-02
    endloop
  endfacet
  facet normal -8.17056494e-01 7.14831807e-02 -5.72109116e-01
    outer loop
      vertex -2.55860560e-02 4.51151200e-03 -1.50000000e-02
      vertex -2.26321952e-02 3.99066665e-03 -1.92836283e-02
      vertex -2.29813333e-02 2.81440163e-18 -1.92836283e-02
    endloop
  endfacet
  facet normal -8.17056494e-01 7.14831807e-02 -5.72109116e-01
    outer loop
      vertex -2.55860560e-02 4.51151200e-03 -1.50000000e-02
      vertex -2.29813333e-02 2.81440163e-18 -1.92836283e-02
      vertex -2.59807621e-02 3.18172572e-18 -1.50000000e-02
    endloop
  endfacet
  facet normal -8.17056494e-01 -7.14831807e-02 -5.72109116e-01
    outer loop
      vertex -2.59807621e-02 3.18172572e-18 -1.50000000e-02
      vertex -2.29813333e-02 2.81440163e-18 -1.92836283e-02
      vertex -2.26321952e-02 -3.99066665e-03 -1.92836283e-02
    endloop
  endfacet
  facet normal -8.17056494e-01 -7.14831807e-02 -5.72109116e-01
    outer loop
      vertex -2.59807621e-02 3.18172572e-18 -1.50000000e-02
      vertex -2.26321952e-02 -3.99066665e-03 -1.92836283e-02
      vertex -2.55860560e-02 -4.51151200e-03 -1.50000000e-02
    endloop
  endfacet
  facet normal -7.92230646e-01 -2.12277562e-01 -5.72109116e-01
    outer loop
      vertex -2.55860560e-02 -4.51151200e-03 -1.50000000e-02
      vertex -2.26321952e-02 -3.99066665e-03 -1.92836283e-02
      vertex -2.15953893e-02 -7.86007891e-03 -1.92836283e-02
    endloop
  endfacet
  facet normal -7.92230646e-01 -2.12277562e-01 -5.72109116e-01
    outer loop
      vertex -2.55860560e-02 -4.51151200e-03 -1.50000000e-02
      vertex -2.15953893e-02 -7.86007891e-03 -1.92836283e-02
      vertex -2.44139304e-02 -8.88594398e-03 -1.50000000e-02
    endloop
  endfacet
  facet normal -7.43333270e-01 -3.46621997e-01 -5.72109116e-01
    outer loop
      vertex -2.44139304e-02 -8.88594398e-03 -1.50000000e-02
      vertex -2.15953893e-02 -7.86007891e-03 -1.92836283e-02
      vertex -1.99024184e-02 -1.14906666e-02 -1.92836283e-02
    endloop
  endfacet
  facet normal -7.43333270e-01 -3.46621997e-01 -5.72109116e-01
    outer loop
      vertex -2.44139304e-02 -8.88594398e-03 -1.50000000e-02
      vertex -1.99024184e-02 -1.14906666e-02 -1.92836283e-02
      vertex -2.25000000e-02 -1.29903811e-02 -1.50000000e-02
    endloop
  endfacet
  facet normal -6.71850090e-01 -4.70434497e-01 -5.72109116e-01
    outer loop
      vertex -2.25000000e-02 -1.29903811e-02 -1.50000000e-02
      vertex -1.99024184e-02 -1.14906666e-02 -1.92836283e-02
      vertex -1.76047227e-02 -1.47721163e-02 -1.92836283e-02
    endloop
  endfacet
  facet normal -6.71850090e-01 -4.70434497e-01 -5.72109116e-01
    outer loop
      vertex -2.25000000e-02 -1.29903811e-02 -1.50000000e-02
      vertex -1.76047227e-02 -1.47721163e-02 -1.92836283e-02
      vertex -1.99024184e-02 -1.67001120e-02 -1.50000000e-02
    endloop
  endfacet
  facet normal -5.79953084e-01 -5.79953084e-01 -5.72109116e-01
    outer loop
      vertex -1.99024184e-02 -1.67001120e-02 -1.50000000e-02
      vertex -1.76047227e-02 -1.47721163e-02 -1.92836283e-02
      vertex -1.47721163e-02 -1.76047227e-02 -1.92836283e-02
    endloop
  endfacet
  facet normal -5.79953084e-01 -5.79953084e-01 -5.72109116e-01
    outer loop
      vertex -1.99024184e-02 -1.67001120e-02 -1.50000000e-02
      vertex -1.47721163e-02 -1.76047227e-02 -1.92836283e-02
      vertex -1.67001120e-02 -1.99024184e-02 -1.50000000e-02
    endloop
  endfacet
  facet normal -4.70434497e-01 -6.71850090e-01 -5.72109116e-01
    outer loop
      vertex -1.67001120e-02 -1.99024184e-02 -1.50000000e-02
      vertex -1.47721163e-02 -1.76047227e-02 -1.92836283e-02
      vertex -1.14906666e-02 -1.99024184e-02 -1.92836283e-02
    endloop
  endfacet
  facet normal -4.70434497e-01 -6.71850090e-01 -5.72109116e-01
    outer loop
      vertex -1.67001120e-02 -1.99024184e-02 -1.50000000e-02
      vertex -1.14906666e-02 -1.99024184e-02 -1.92836283e-02
      vertex -1.29903811e-02 -2.25000000e-02 -1.50000000e-02
    endloop
  endfacet
  facet normal -3.46621997e-01 -7.43333270e-01 -5.72109116e-01
    outer loop
      vertex -1.29903811e-02 -2.25000000e-02 -1.50000000e-02
      vertex -1.14906666e-02 -1.99024184e-02 -1.92836283e-02
      vertex -7.86007891e-03 -2.15953893e-02 -1.92836283e-02
    endloop
  endfacet
  facet normal -3.46621997e-01 -7.43333270e-01 -5.72109116e-01
    outer loop
      vertex -1.29903811e-02 -2.25000000e-02 -1.50000000e-02
      vertex -7.86007891e-03 -2.15953893e-02 -1.92836283e-02
      vertex -8.88594398e-03 -2.44139304e-02 -1.50000000e-02
    endloop
  endfacet
  facet normal -2.12277562e-01 -7.92230646e-01 -5.72109116e-01
    outer loop
      vertex -8.88594398e-03 -2.44139304e-02 -1.50000000e-02
      vertex -7.86007891e-03 -2.15953893e-02 -1.92836283e-02
      vertex -3.99066665e-03 -2.26321952e-02 -1.92836283e-02
    endloop
  endfacet
  facet normal -2.12277562e-01 -7.92230646e-01 -5.72109116e-01
    outer loop
      vertex -8.88594398e-03 -2.44139304e-02 -1.50000000e-02
      vertex -3.99066665e-03 -2.26321952e-02 -1.92836283e-02
      vertex -4.51151200e-03 -2.55860560e-02 -1.50000000e-02
    endloop
  endfacet
  facet normal -7.14831807e-02 -8.17056494e-01 -5.72109116e-01
    outer loop
      vertex -4.51151200e-03 -2.55860560e-02 -1.50000000e-02
      vertex -3.99066665e-03 -2.26321952e-02 -1.92836283e-02
      vertex -4.22160244e-18 -2.29813333e-02 -1.92836283e-02
    endloop
  endfacet
  facet normal -7.14831807e-02 -8.17056494e-01 -5.72109116e-01
    outer loop
      vertex -4.51151200e-03 -2.55860560e-02 -1.50000000e-02
      vertex -4.22160244e-18 -2.29813333e-02 -1.92836283e-02
      vertex -4.77258857e-18 -2.59807621e-02 -1.50000000e-02
    endloop
  endfacet
  facet normal 7.14831807e-02 -8.17056494e-01 -5.72109116e-01
    outer loop
      vertex -4.77258857e-18 -2.59807621e-02 -1.50000000e-02
      vertex -4.22160244e-18 -2.29813333e-02 -1.92836283e-02
      vertex 3.99066665e-03 -2.26321952e-02 -1.92836283e-02
    endloop
  endfacet
  facet normal 7.14831807e-02 -8.17056494e-01 -5.72109116e-01
    outer loop
      vertex -4.77258857e-18 -2.59807621e-02 -1.50000000e-02
      vertex 3.99066665e-03 -2.26321952e-02 -1.92836283e-02
      vertex 4.51151200e-03 -2.55860560e-02 -1.50000000e-02
    endloop
  endfacet
  facet normal 2.12277562e-01 -7.92230646e-01 -5.72109116e-01
    outer loop
      vertex 4.51151200e-03 -2.55860560e-02 -1.50000000e-02
      vertex 3.99066665e-03 -2.26321952e-02 -1.92836283e-02
      vertex 7.86007891e-03 -2.15953893e-02 -1.92836283e-02
    endloop
  endfacet
  facet normal 2.12277562e-01 -7.92230646e-01 -5.72109116e-01
    outer loop
      vertex 4.51151200e-03 -2.55860560e-02 -1.50000000e-02
      vertex 7.86007891e-03 -2.15953893e-02 -1.92836283e-02
      vertex 8.88594398e-03 -2.44139304e-02 -1.50000000e-02
    endloop
  endfacet
  facet normal 3.46621997e-01 -7.43333270e-01 -5.72109116e-01
    outer loop
      vertex 8.88594398e-03 -2.44139304e-02 -1.50000000e-02
      vertex 7.86007891e-03 -2.15953893e-02 -1.92836283e-02
      vertex 1.14906666e-02 -1.99024184e-02 -1.92836283e-02
    endloop
  endfacet
  facet normal 3.46621997e-01 -7.43333270e-01 -5.72109116e-01
    outer loop
      vertex 8.88594398e-03 -2.44139304e-02 -1.50000000e-02
      vertex 1.14906666e-02 -1.99024184e-02 -1.92836283e-02
      vertex 1.29903811e-02 -2.25000000e-02 -1.50000000e-02
    endloop
  endfacet
  facet normal 4.70434497e-01 -6.71850090e-01 -5.72109116e-01
    outer loop
      vertex 1.29903811e-02 -2.25000000e-02 -1.50000000e-02
      vertex 1.14906666e-02 -1.99024184e-02 -1.92836283e-02
      vertex 1.47721163e-02 -1.76047227e-02 -1.92836283e-02
    endloop
  endfacet
  facet normal 4.70434497e-01 -6.71850090e-01 -5.72109116e-01
    outer loop
      vertex 1.29903811e-02 -2.25000000e-02 -1.50000000e-02
      vertex 1.47721163e-02 -1.76047227e-02 -1.92836283e-02
      vertex 1.67001120e-02 -1.99024184e-02 -1.50000000e-02
    endloop
  endfacet
  facet normal 5.79953084e-01 -5.79953084e-01 -5.72109116e-01
    outer loop
      vertex 1.67001120e-02 -1.99024184e-02 -1.50000000e-02
      vertex 1.47721163e-02 -1.76047227e-02 -1.92836283e-02
      vertex 1.76047227e-02 -1.47721163e-02 -1.92836283e-02
    endloop
  endfacet
  facet normal 5.79953084e-01 -5.79953084e-01 -5.72109116e-01
    outer loop
      vertex 1.67001120e-02 -1.99024184e-02 -1.50000000e-02
      vertex 1.76047227e-02 -1.47721163e-02 -1.92836283e-02
      vertex 1.99024184e-02 -1.67001120e-02 -1.50000000e-02
    endloop
  endfacet
  facet normal 6.71850090e-01 -4.70434497e-01 -5.72109116e-01
    outer loop
      vertex 1.99024184e-02 -1.67001120e-02 -1.50000000e-02
      vertex 1.76047227e-02 -1.47721163e-02 -1.92836283e-02
      vertex 1.99024184e-02 -1.14906666e-02 -1.92836283e-02
    endloop
  endfacet
  facet normal 6.71850090e-01 -4.70434497e-01 -5.72109116e-01
    outer loop
      vertex 1.99024184e-02 -1.67001120e-02 -1.50000000e-02
      vertex 1.99024184e-02 -1.14906666e-02 -1.92836283e-02
      vertex 2.25000000e-02 -1.29903811e-02 -1.50000000e-02
    endloop
  endfacet
  facet normal 7.43333270e-01 -3.46621997e-01 -5.72109116e-01
    outer loop
      vertex 2.25000000e-02 -1.29903811e-02 -1.50000000e-02
      vertex 1.99024184e-02 -1.14906666e-02 -1.92836283e-02
      vertex 2.15953893e-02 -7.86007891e-03 -1.92836283e-02
    endloop
  endfacet
  facet normal 7.43333270e-01 -3.46621997e-01 -5.72109116e-01
    outer loop
      vertex 2.25000000e-02 -1.29903811e-02 -1.50000000e-02
      vertex 2.15953893e-02 -7.86007891e-03 -1.92836283e-02
      vertex 2.44139304e-02 -8.88594398e-03 -1.50000000e-02
    endloop
  endfacet
  facet normal 7.92230646e-01 -2.12277562e-01 -5.72109116e-01
    outer loop
      vertex 2.44139304e-02 -8.88594398e-03 -1.50000000e-02
      vertex 2.15953893e-02 -7.86007891e-03 -1.92836283e-02
      vertex 2.26321952e-02 -3.99066665e-03 -1.92836283e-02
    endloop
  endfacet
  facet normal 7.92230646e-01 -2.12277562e-01 -5.72109116e-01
    outer loop
      vertex 2.44139304e-02 -8.88594398e-03 -1.50000000e-02
      vertex 2.26321952e-02 -3.99066665e-03 -1.92836283e-02
      vertex 2.55860560e-02 -4.51151200e-03 -1.50000000e-02
    endloop
  endfacet
  facet normal 8.17056494e-01 -7.14831807e-02 -5.72109116e-01
    outer loop
      vertex 2.55860560e-02 -4.51151200e-03 -1.50000000e-02
      vertex 2.26321952e-02 -3.99066665e-03 -1.92836283e-02
      vertex 2.29813333e-02 0.00000000e+00 -1.92836283e-02
    endloop
  endfacet
  facet normal 8.17056494e-01 -7.14831807e-02 -5.72109116e-01
    outer loop
      vertex 2.55860560e-02 -4.51151200e-03 -1.50000000e-02
      vertex 2.29813333e-02 0.00000000e+00 -1.92836283e-02
      vertex 2.59807621e-02 0.00000000e+00 -1.50000000e-02
    endloop
  endfacet
  facet normal 7.05757557e-01 6.17457854e-02 -7.05757557e-01
    outer loop
      vertex 2.29813333e-02 0.00000000e+00 -1.92836283e-02
      vertex 1.92836283e-02 0.00000000e+00 -2.29813333e-02
      vertex 1.89906666e-02 3.34856691e-03 -2.29813333e-02
    endloop
  endfacet
  facet normal 7.05757557e-01 6.17457854e-02 -7.05757557e-01
    outer loop
      vertex 2.29813333e-02 0.00000000e+00 -1.92836283e-02
      vertex 1.89906666e-02 3.34856691e-03 -2.29813333e-02
      vertex 2.26321952e-02 3.99066665e-03 -1.92836283e-02
    endloop
  endfacet
  facet normal 6.84313471e-01 1.83361242e-01 -7.05757557e-01
    outer loop
      vertex 2.26321952e-02 3.99066665e-03 -1.92836283e-02
      vertex 1.89906666e-02 3.34856691e-03 -2.29813333e-02
      vertex 1.81206832e-02 6.59538931e-03 -2.29813333e-02
    endloop
  endfacet
  facet normal 6.84313471e-01 1.83361242e-01 -7.05757557e-01
    outer loop
      vertex 2.26321952e-02 3.99066665e-03 -1.92836283e-02
      vertex 1.81206832e-02 6.59538931e-03 -2.29813333e-02
      vertex 2.15953893e-02 7.86007891e-03 -1.92836283e-02
    endloop
  endfacet
  facet normal 6.42076866e-01 2.99405360e-01 -7.05757557e-01
    outer loop
      vertex 2.15953893e-02 7.86007891e-03 -1.92836283e-02
      vertex 1.81206832e-02 6.59538931e-03 -2.29813333e-02
      vertex 1.67001120e-02 9.64181415e-03 -2.29813333e-02
    endloop
  endfacet
  facet normal 6.42076866e-01 2.99405360e-01 -7.05757557e-01
    outer loop
      vertex 2.15953893e-02 7.86007891e-03 -1.92836283e-02
      vertex 1.67001120e-02 9.64181415e-03 -2.29813333e-02
      vertex 1.99024184e-02 1.14906666e-02 -1.92836283e-02
    endloop
  endfacet
  facet normal 5.80331080e-01 4.06352197e-01 -7.05757557e-01
    outer loop
      vertex 1.99024184e-02 1.14906666e-02 -1.92836283e-02
      vertex 1.67001120e-02 9.64181415e-03 -2.29813333e-02
      vertex 1.47721163e-02 1.23952773e-02 -2.29813333e-02
    endloop
  endfacet
  facet normal 5.80331080e-01 4.06352197e-01 -7.05757557e-01
    outer loop
      vertex 1.99024184e-02 1.14906666e-02 -1.92836283e-02
      vertex 1.47721163e-02 1.23952773e-02 -2.29813333e-02
      vertex 1.76047227e-02 1.47721163e-02 -1.92836283e-02
    endloop
  endfacet
  facet normal 5.00952229e-01 5.00952229e-01 -7.05757557e-01
    outer loop
      vertex 1.76047227e-02 1.47721163e-02 -1.92836283e-02
      vertex 1.47721163e-02 1.23952773e-02 -2.29813333e-02
      vertex 1.23952773e-02 1.47721163e-02 -2.29813333e-02
    endloop
  endfacet
  facet normal 5.00952229e-01 5.00952229e-01 -7.05757557e-01
    outer loop
      vertex 1.76047227e-02 1.47721163e-02 -1.92836283e-02
      vertex 1.23952773e-02 1.47721163e-02 -2.29813333e-02
      vertex 1.47721163e-02 1.76047227e-02 -1.92836283e-02
    endloop
  endfacet
  facet normal 4.06352197e-01 5.80331080e-01 -7.05757557e-01
    outer loop
      vertex 1.47721163e-02 1.76047227e-02 -1.92836283e-02
      vertex 1.23952773e-02 1.47721163e-02 -2.29813333e-02
      vertex 9.64181415e-03 1.67001120e-02 -2.29813333e-02
    endloop
  endfacet
  facet normal 4.06352197e-01 5.80331080e-01 -7.05757557e-01
    outer loop
      vertex 1.47721163e-02 1.76047227e-02 -1.92836283e-02
      vertex 9.64181415e-03 1.67001120e-02 -2.29813333e-02
      vertex 1.14906666e-02 1.99024184e-02 -1.92836283e-02
    endloop
  endfacet
  facet normal 2.99405360e-01 6.42076866e-01 -7.05757557e-01
    outer loop
      vertex 1.14906666e-02 1.99024184e-02 -1.92836283e-02
      vertex 9.64181415e-03 1.67001120e-02 -2.29813333e-02
      vertex 6.59538931e-03 1.81206832e-02 -2.29813333e-02
    endloop
  endfacet
  facet normal 2.99405360e-01 6.42076866e-01 -7.05757557e-01
    outer loop
      vertex 1.14906666e-02 1.99024184e-02 -1.92836283e-02
      vertex 6.59538931e-03 1.81206832e-02 -2.29813333e-02
      vertex 7.86007891e-03 2.15953893e-02 -1.92836283e-02
    endloop
  endfacet
  facet normal 1.83361242e-01 6.84313471e-01 -7.05757557e-01
    outer loop
      vertex 7.86007891e-03 2.15953893e-02 -1.92836283e-02
      vertex 6.59538931e-03 1.81206832e-02 -2.29813333e-02
      vertex 3.34856691e-03 1.89906666e-02 -2.29813333e-02
    endloop
  endfacet
  facet normal 1.83361242e-01 6.84313471e-01 -7.05757557e-01
    outer loop
      vertex 7.86007891e-03 2.15953893e-02 -1.92836283e-02
      vertex 3.34856691e-03 1.89906666e-02 -2.29813333e-02
      vertex 3.99066665e-03 2.26321952e-02 -1.92836283e-02
    endloop
  endfacet
  facet normal 6.17457854e-02 7.05757557e-01 -7.05757557e-01
    outer loop
      vertex 3.99066665e-03 2.26321952e-02 -1.92836283e-02
      vertex 3.34856691e-03 1.89906666e-02 -2.29813333e-02
      vertex 1.18078168e-18 1.92836283e-02 -2.29813333e-02
    endloop
  endfacet
  facet normal 6.17457854e-02 7.05757557e-01 -7.05757557e-01
    outer loop
      vertex 3.99066665e-03 2.26321952e-02 -1.92836283e-02
      vertex 1.18078168e-18 1.92836283e-02 -2.29813333e-02
      vertex 1.40720081e-18 2.29813333e-02 -1.92836283e-02
    endloop
  endfacet
  facet normal -6.17457854e-02 7.05757557e-01 -7.05757557e-01
    outer loop
      vertex 1.40720081e-18 2.29813333e-02 -1.92836283e-02
      vertex 1.18078168e-18 1.92836283e-02 -2.29813333e-02
      vertex -3.34856691e-03 1.89906666e-02 -2.29813333e-02
    endloop
  endfacet
  facet normal -6.17457854e-02 7.05757557e-01 -7.05757557e-01
    outer loop
      vertex 1.40720081e-18 2.29813333e-02 -1.92836283e-02
      vertex -3.34856691e-03 1.89906666e-02 -2.29813333e-02
      vertex -3.99066665e-03 2.26321952e-02 -1.92836283e-02
    endloop
  endfacet
  facet normal -1.83361242e-01 6.84313471e-01 -7.05757557e-01
    outer loop
      vertex -3.99066665e-03 2.26321952e-02 -1.92836283e-02
      vertex -3.34856691e-03 1.89906666e-02 -2.29813333e-02
      vertex -6.59538931e-03 1.81206832e-02 -2.29813333e-02
    endloop
  endfacet
  facet normal -1.83361242e-01 6.84313471e-01 -7.05757557e-01
    outer loop
      vertex -3.99066665e-03 2.26321952e-02 -1.92836283e-02
      vertex -6.59538931e-03 1.81206832e-02 -2.29813333e-02
      vertex -7.86007891e-03 2.15953893e-02 -1.92836283e-02
    endloop
  endfacet
  facet normal -2.99405360e-01 6.42076866e-01 -7.05757557e-01
    outer loop
      vertex -7.86007891e-03 2.15953893e-02 -1.92836283e-02
      vertex -6.59538931e-03 1.81206832e-02 -2.29813333e-02
      vertex -9.64181415e-03 1.67001120e-02 -2.29813333e-02
    endloop
  endfacet
  facet normal -2.99405360e-01 6.42076866e-01 -7.05757557e-01
    outer loop
      vertex -7.86007891e-03 2.15953893e-02 -1.92836283e-02
      vertex -9.64181415e-03 1.67001120e-02 -2.29813333e-02
      vertex -1.14906666e-02 1.99024184e-02 -1.92836283e-02
    endloop
  endfacet
  facet normal -4.06352197e-01 5.80331080e-01 -7.05757557e-01
    outer loop
      vertex -1.14906666e-02 1.99024184e-02 -1.92836283e-02
      vertex -9.64181415e-03 1.67001120e-02 -2.29813333e-02
      vertex -1.23952773e-02 1.47721163e-02 -2.29813333e-02
    endloop
  endfacet
  facet normal -4.06352197e-01 5.80331080e-01 -7.05757557e-01
    outer loop
      vertex -1.14906666e-02 1.99024184e-02 -1.92836283e-02
      vertex -1.23952773e-02 1.47721163e-02 -2.29813333e-02
      vertex -1.47721163e-02 1.76047227e-02 -1.92836283e-02
    endloop
  endfacet
  facet normal -5.00952229e-01 5.00952229e-01 -7.05757557e-01
    outer loop
      vertex -1.47721163e-02 1.76047227e-02 -1.92836283e-02
      vertex -1.23952773e-02 1.47721163e-02 -2.29813333e-02
      vertex -1.47721163e-02 1.23952773e-02 -2.29813333e-02
    endloop
  endfacet
  facet normal -5.00952229e-01 5.00952229e-01 -7.05757557e-01
    outer loop
      vertex -1.47721163e-02 1.76047227e-02 -1.92836283e-02
      vertex -1.47721163e-02 1.23952773e-02 -2.29813333e-02
      vertex -1.76047227e-02 1.47721163e-02 -1.92836283e-02
    endloop
  endfacet
  facet normal -5.80331080e-01 4.06352197e-01 -7.05757557e-01
    outer loop
      vertex -1.76047227e-02 1.47721163e-02 -1.92836283e-02
      vertex -1.47721163e-02 1.23952773e-02 -2.29813333e-02
      vertex -1.67001120e-02 9.64181415e-03 -2.29813333e-02
    endloop
  endfacet
  facet normal -5.80331080e-01 4.06352197e-01 -7.05757557e-01
    outer loop
      vertex -1.76047227e-02 1.47721163e-02 -1.92836283e-02
      vertex -1.67001120e-02 9.64181415e-03 -2.29813333e-02
      vertex -1.99024184e-02 1.14906666e-02 -1.92836283e-02
    endloop
  endfacet
  facet normal -6.42076866e-01 2.99405360e-01 -7.05757557e-01
    outer loop
      vertex -1.99024184e-02 1.14906666e-02 -1.92836283e-02
      vertex -1.67001120e-02 9.64181415e-03 -2.29813333e-02
      vertex -1.81206832e-02 6.59538931e-03 -2.29813333e-02
    endloop
  endfacet
  facet normal -6.42076866e-01 2.99405360e-01 -7.05757557e-01
    outer loop
      vertex -1.99024184e-02 1.14906666e-02 -1.92836283e-02
      vertex -1.81206832e-02 6.59538931e-03 -2.29813333e-02
      vertex -2.15953893e-02 7.86007891e-03 -1.92836283e-02
    endloop
  endfacet
  facet normal -6.84313471e-01 1.83361242e-01 -7.05757557e-01
    outer loop
      vertex -2.15953893e-02 7.86007891e-03 -1.92836283e-02
      vertex -1.81206832e-02 6.59538931e-03 -2.29813333e-02
      vertex -1.89906666e-02 3.34856691e-03 -2.29813333e-02
    endloop
  endfacet
  facet normal -6.84313471e-01 1.83361242e-01 -7.05757557e-01
    outer loop
      vertex -2.15953893e-02 7.86007891e-03 -1.92836283e-02
      vertex -1.89906666e-02 3.34856691e-03 -2.29813333e-02
      vertex -2.26321952e-02 3.99066665e-03 -1.92836283e-02
    endloop
  endfacet
  facet normal -7.05757557e-01 6.17457854e-02 -7.05757557e-01
    outer loop
      vertex -2.26321952e-02 3.99066665e-03 -1.92836283e-02
      vertex -1.89906666e-02 3.34856691e-03 -2.29813333e-02
      vertex -1.92836283e-02 2.36156337e-18 -2.29813333e-02
    endloop
  endfacet
  facet normal -7.05757557e-01 6.17457854e-02 -7.05757557e-01
    outer loop
      vertex -2.26321952e-02 3.99066665e-03 -1.92836283e-02
      vertex -1.92836283e-02 2.36156337e-18 -2.29813333e-02
      vertex -2.29813333e-02 2.81440163e-18 -1.92836283e-02
    endloop
  endfacet
  facet normal -7.05757557e-01 -6.17457854e-02 -7.05757557e-01
    outer loop
      vertex -2.29813333e-02 2.81440163e-18 -1.92836283e-02
      vertex -1.92836283e-02 2.36156337e-18 -2.29813333e-02
      vertex -1.89906666e-02 -3.34856691e-03 -2.29813333e-02
    endloop
  endfacet
  facet normal -7.05757557e-01 -6.17457854e-02 -7.05757557e-01
    outer loop
      vertex -2.29813333e-02 2.81440163e-18 -1.92836283e-02
      vertex -1.89906666e-02 -3.34856691e-03 -2.29813333e-02
      vertex -2.26321952e-02 -3.99066665e-03 -1.92836283e-02
    endloop
  endfacet
  facet normal -6.84313471e-01 -1.83361242e-01 -7.05757557e-01
    outer loop
      vertex -2.26321952e-02 -3.99066665e-03 -1.92836283e-02
      vertex -1.89906666e-02 -3.34856691e-03 -2.29813333e-02
      vertex -1.81206832e-02 -6.59538931e-03 -2.29813333e-02
    endloop
  endfacet
  facet normal -6.84313471e-01 -1.83361242e-01 -7.05757557e-01
    outer loop
      vertex -2.26321952e-02 -3.99066665e-03 -1.92836283e-02
      vertex -1.81206832e-02 -6.59538931e-03 -2.29813333e-02
      vertex -2.15953893e-02 -7.86007891e-03 -1.92836283e-02
    endloop
  endfacet
  facet normal -6.42076866e-01 -2.99405360e-01 -7.05757557e-01
    outer loop
      vertex -2.15953893e-02 -7.86007891e-03 -1.92836283e-02
      vertex -1.81206832e-02 -6.59538931e-03 -2.29813333e-02
      vertex -1.67001120e-02 -9.64181415e-03 -2.29813333e-02
    endloop
  endfacet
  facet normal -6.42076866e-01 -2.99405360e-01 -7.05757557e-01
    outer loop
      vertex -2.15953893e-02 -7.86007891e-03 -1.92836283e-02
      vertex -1.67001120e-02 -9.64181415e-03 -2.29813333e-02
      vertex -1.99024184e-02 -1.14906666e-02 -1.92836283e-02
    endloop
  endfacet
  facet normal -5.80331080e-01 -4.06352197e-01 -7.05757557e-01
    outer loop
      vertex -1.99024184e-02 -1.14906666e-02 -1.92836283e-02
      vertex -1.67001120e-02 -9.64181415e-03 -2.29813333e-02
      vertex -1.47721163e-02 -1.23952773e-02 -2.29813333e-02
    endloop
  endfacet
  facet normal -5.80331080e-01 -4.06352197e-01 -7.05757557e-01
    outer loop
      vertex -1.99024184e-02 -1.14906666e-02 -1.92836283e-02
      vertex -1.47721163e-02 -1.23952773e-02 -2.29813333e-02
      vertex -1.76047227e-02 -1.47721163e-02 -1.92836283e-02
    endloop
  endfacet
  facet normal -5.00952229e-01 -5.00952229e-01 -7.05757557e-01
    outer loop
      vertex -1.76047227e-02 -1.47721163e-02 -1.92836283e-02
      vertex -1.47721163e-02 -1.23952773e-02 -2.29813333e-02
      vertex -1.23952773e-02 -1.47721163e-02 -2.29813333e-02
    endloop
  endfacet
  facet normal -5.00952229e-01 -5.00952229e-01 -7.05757557e-01
    outer loop
      vertex -1.76047227e-02 -1.47721163e-02 -1.92836283e-02
      vertex -1.23952773e-02 -1.47721163e-02 -2.29813333e-02
      vertex -1.47721163e-02 -1.76047227e-02 -1.92836283e-02
    endloop
  endfacet
  facet normal -4.06352197e-01 -5.80331080e-01 -7.05757557e-01
    outer loop
      vertex -1.47721163e-02 -1.76047227e-02 -1.92836283e-02
      vertex -1.23952773e-02 -1.47721163e-02 -2.29813333e-02
      vertex -9.64181415e-03 -1.67001120e-02 -2.29813333e-02
    endloop
  endfacet
  facet normal -4.06352197e-01 -5.80331080e-01 -7.05757557e-01
    outer loop
      vertex -1.47721163e-02 -1.76047227e-02 -1.92836283e-02
      vertex -9.64181415e-03 -1.67001120e-02 -2.29813333e-02
      vertex -1.14906666e-02 -1.99024184e-02 -1.92836283e-02
    endloop
  endfacet
  facet normal -2.99405360e-01 -6.42076866e-01 -7.05757557e-01
    outer loop
      vertex -1.14906666e-02 -1.99024184e-02 -1.92836283e-02
      vertex -9.64181415e-03 -1.67001120e-02 -2.29813333e-02
      vertex -6.59538931e-03 -1.81206832e-02 -2.29813333e-02
    endloop
  endfacet
  facet normal -2.99405360e-01 -6.42076866e-01 -7.05757557e-01
    outer loop
      vertex -1.14906666e-02 -1.99024184e-02 -1.92836283e-02
      vertex -6.59538931e-03 -1.81206832e-02 -2.29813333e-02
      vertex -7.86007891e-03 -2.15953893e-02 -1.92836283e-02
    endloop
  endfacet
  facet normal -1.83361242e-01 -6.84313471e-01 -7.05757557e-01
    outer loop
      vertex -7.86007891e-03 -2.15953893e-02 -1.92836283e-02
      vertex -6.59538931e-03 -1.81206832e-02 -2.29813333e-02
      vertex -3.34856691e-03 -1.89906666e-02 -2.29813333e-02
    endloop
  endfacet
  facet normal -1.83361242e-01 -6.84313471e-01 -7.05757557e-01
    outer loop
      vertex -7.86007891e-03 -2.15953893e-02 -1.92836283e-02
      vertex -3.34856691e-03 -1.89906666e-02 -2.29813333e-02
      vertex -3.99066665e-03 -2.26321952e-02 -1.92836283e-02
    endloop
  endfacet
  facet normal -6.17457854e-02 -7.05757557e-01 -7.05757557e-01
    outer loop
      vertex -3.99066665e-03 -2.26321952e-02 -1.92836283e-02
      vertex -3.34856691e-03 -1.89906666e-02 -2.29813333e-02
      vertex -3.54234505e-18 -1.92836283e-02 -2.29813333e-02
    endloop
  endfacet
  facet normal -6.17457854e-02 -7.05757557e-01 -7.05757557e-01
    outer loop
      vertex -3.99066665e-03 -2.26321952e-02 -1.92836283e-02
      vertex -3.54234505e-18 -1.92836283e-02 -2.29813333e-02
      vertex -4.22160244e-18 -2.29813333e-02 -1.92836283e-02
    endloop
  endfacet
  facet normal 6.17457854e-02 -7.05757557e-01 -7.05757557e-01
    outer loop
      vertex -4.22160244e-18 -2.29813333e-02 -1.92836283e-02
      vertex -3.54234505e-18 -1.92836283e-02 -2.29813333e-02
      vertex 3.34856691e-03 -1.89906666e-02 -2.29813333e-02
    endloop
  endfacet
  facet normal 6.17457854e-02 -7.05757557e-01 -7.05757557e-01
    outer loop
      vertex -4.22160244e-18 -2.29813333e-02 -1.92836283e-02
      vertex 3.34856691e-03 -1.89906666e-02 -2.29813333e-02
      vertex 3.99066665e-03 -2.26321952e-02 -1.92836283e-02
    endloop
  endfacet
  facet normal 1.83361242e-01 -6.84313471e-01 -7.05757557e-01
    outer loop
      vertex 3.99066665e-03 -2.26321952e-02 -1.92836283e-02
      vertex 3.34856691e-03 -1.89906666e-02 -2.29813333e-02
      vertex 6.59538931e-03 -1.81206832e-02 -2.29813333e-02
    endloop
  endfacet
  facet normal 1.83361242e-01 -6.84313471e-01 -7.05757557e-01
    outer loop
      vertex 3.99066665e-03 -2.26321952e-02 -1.92836283e-02
      vertex 6.59538931e-03 -1.81206832e-02 -2.29813333e-02
      vertex 7.86007891e-03 -2.15953893e-02 -1.92836283e-02
    endloop
  endfacet
  facet normal 2.99405360e-01 -6.42076866e-01 -7.05757557e-01
    outer loop
      vertex 7.86007891e-03 -2.15953893e-02 -1.92836283e-02
      vertex 6.59538931e-03 -1.81206832e-02 -2.29813333e-02
      vertex 9.64181415e-03 -1.67001120e-02 -2.29813333e-02
    endloop
  endfacet
  facet normal 2.99405360e-01 -6.42076866e-01 -7.05757557e-01
    outer loop
      vertex 7.86007891e-03 -2.15953893e-02 -1.92836283e-02
      vertex 9.64181415e-03 -1.67001120e-02 -2.29813333e-02
      vertex 1.14906666e-02 -1.99024184e-02 -1.92836283e-02
    endloop
  endfacet
  facet normal 4.06352197e-01 -5.80331080e-01 -7.05757557e-01
    outer loop
      vertex 1.14906666e-02 -1.99024184e-02 -1.92836283e-02
      vertex 9.64181415e-03 -1.67001120e-02 -2.29813333e-02
      vertex 1.23952773e-02 -1.47721163e-02 -2.29813333e-02
    endloop
  endfacet
  facet normal 4.06352197e-01 -5.80331080e-01 -7.05757557e-01
    outer loop
      vertex 1.14906666e-02 -1.99024184e-02 -1.92836283e-02
      vertex 1.23952773e-02 -1.47721163e-02 -2.29813333e-02
      vertex 1.47721163e-02 -1.76047227e-02 -1.92836283e-02
    endloop
  endfacet
  facet normal 5.00952229e-01 -5.00952229e-01 -7.05757557e-01
    outer loop
      vertex 1.47721163e-02 -1.76047227e-02 -1.92836283e-02
      vertex 1.23952773e-02 -1.47721163e-02 -2.29813333e-02
      vertex 1.47721163e-02 -1.23952773e-02 -2.29813333e-02
    endloop
  endfacet
  facet normal 5.00952229e-01 -5.00952229e-01 -7.05757557e-01
    outer loop
      vertex 1.47721163e-02 -1.76047227e-02 -1.92836283e-02
      vertex 1.47721163e-02 -1.23952773e-02 -2.29813333e-02
      vertex 1.76047227e-02 -1.47721163e-02 -1.92836283e-02
    endloop
  endfacet
  facet normal 5.80331080e-01 -4.06352197e-01 -7.05757557e-01
    outer loop
      vertex 1.76047227e-02 -1.47721163e-02 -1.92836283e-02
      vertex 1.47721163e-02 -1.23952773e-02 -2.29813333e-02
      vertex 1.67001120e-02 -9.64181415e-03 -2.29813333e-02
    endloop
  endfacet
  facet normal 5.80331080e-01 -4.06352197e-01 -7.05757557e-01
    outer loop
      vertex 1.76047227e-02 -1.47721163e-02 -1.92836283e-02
      vertex 1.67001120e-02 -9.64181415e-03 -2.29813333e-02
      vertex 1.99024184e-02 -1.14906666e-02 -1.92836283e-02
    endloop
  endfacet
  facet normal 6.42076866e-01 -2.99405360e-01 -7.05757557e-01
    outer loop
      vertex 1.99024184e-02 -1.14906666e-02 -1.92836283e-02
      vertex 1.67001120e-02 -9.64181415e-03 -2.29813333e-02
      vertex 1.81206832e-02 -6.59538931e-03 -2.29813333e-02
    endloop
  endfacet
  facet normal 6.42076866e-01 -2.99405360e-01 -7.05757557e-01
    outer loop
      vertex 1.99024184e-02 -1.14906666e-02 -1.92836283e-02
      vertex 1.81206832e-02 -6.59538931e-03 -2.29813333e-02
      vertex 2.15953893e-02 -7.86007891e-03 -1.92836283e-02
    endloop
  endfacet
  facet normal 6.84313471e-01 -1.83361242e-01 -7.05757557e-01
    outer loop
      vertex 2.15953893e-02 -7.86007891e-03 -1.92836283e-02
      vertex 1.81206832e-02 -6.59538931e-03 -2.29813333e-02
      vertex 1.89906666e-02 -3.34856691e-03 -2.29813333e-02
    endloop
  endfacet
  facet normal 6.84313471e-01 -1.83361242e-01 -7.05757557e-01
    outer loop
      vertex 2.15953893e-02 -7.86007891e-03 -1.92836283e-02
      vertex 1.89906666e-02 -3.34856691e-03 -2.29813333e-02
      vertex 2.26321952e-02 -3.99066665e-03 -1.92836283e-02
    endloop
  endfacet
  facet normal 7.05757557e-01 -6.17457854e-02 -7.05757557e-01
    outer loop
      vertex 2.26321952e-02 -3.99066665e-03 -1.92836283e-02
      vertex 1.89906666e-02 -3.34856691e-03 -2.29813333e-02
      vertex 1.92836283e-02 0.00000000e+00 -2.29813333e-02
    endloop
  endfacet
  facet normal 7.05757557e-01 -6.17457854e-02 -7.05757557e-01
    outer loop
      vertex 2.26321952e-02 -3.99066665e-03 -1.92836283e-02
      vertex 1.92836283e-02 0.00000000e+00 -2.29813333e-02
      vertex 2.29813333e-02 0.00000000e+00 -1.92836283e-02
    endloop
  endfacet
  facet normal 5.72855614e-01 5.01183721e-02 -8.18122603e-01
    outer loop
      vertex 1.92836283e-02 0.00000000e+00 -2.29813333e-02
      vertex 1.50000000e-02 0.00000000e+00 -2.59807621e-02
      vertex 1.47721163e-02 2.60472267e-03 -2.59807621e-02
    endloop
  endfacet
  facet normal 5.72855614e-01 5.01183721e-02 -8.18122603e-01
    outer loop
      vertex 1.92836283e-02 0.00000000e+00 -2.29813333e-02
      vertex 1.47721163e-02 2.60472267e-03 -2.59807621e-02
      vertex 1.89906666e-02 3.34856691e-03 -2.29813333e-02
    endloop
  endfacet
  facet normal 5.55449686e-01 1.48832295e-01 -8.18122603e-01
    outer loop
      vertex 1.89906666e-02 3.34856691e-03 -2.29813333e-02
      vertex 1.47721163e-02 2.60472267e-03 -2.59807621e-02
      vertex 1.40953893e-02 5.13030215e-03 -2.59807621e-02
    endloop
  endfacet
  facet normal 5.55449686e-01 1.48832295e-01 -8.18122603e-01
    outer loop
      vertex 1.89906666e-02 3.34856691e-03 -2.29813333e-02
      vertex 1.40953893e-02 5.13030215e-03 -2.59807621e-02
      vertex 1.81206832e-02 6.59538931e-03 -2.29813333e-02
    endloop
  endfacet
  facet normal 5.21166701e-01 2.43024024e-01 -8.18122603e-01
    outer loop
      vertex 1.81206832e-02 6.59538931e-03 -2.29813333e-02
      vertex 1.40953893e-02 5.13030215e-03 -2.59807621e-02
      vertex 1.29903811e-02 7.50000000e-03 -2.59807621e-02
    endloop
  endfacet
  facet normal 5.21166701e-01 2.43024024e-01 -8.18122603e-01
    outer loop
      vertex 1.81206832e-02 6.59538931e-03 -2.29813333e-02
      vertex 1.29903811e-02 7.50000000e-03 -2.59807621e-02
      vertex 1.67001120e-02 9.64181415e-03 -2.29813333e-02
    endloop
  endfacet
  facet normal 4.71048328e-01 3.29831590e-01 -8.18122603e-01
    outer loop
      vertex 1.67001120e-02 9.64181415e-03 -2.29813333e-02
      vertex 1.29903811e-02 7.50000000e-03 -2.59807621e-02
      vertex 1.14906666e-02 9.64181415e-03 -2.59807621e-02
    endloop
  endfacet
  facet normal 4.71048328e-01 3.29831590e-01 -8.18122603e-01
    outer loop
      vertex 1.67001120e-02 9.64181415e-03 -2.29813333e-02
      vertex 1.14906666e-02 9.64181415e-03 -2.59807621e-02
      vertex 1.47721163e-02 1.23952773e-02 -2.29813333e-02
    endloop
  endfacet
  facet normal 4.06617391e-01 4.06617391e-01 -8.18122603e-01
    outer loop
      vertex 1.47721163e-02 1.23952773e-02 -2.29813333e-02
      vertex 1.14906666e-02 9.64181415e-03 -2.59807621e-02
      vertex 9.64181415e-03 1.14906666e-02 -2.59807621e-02
    endloop
  endfacet
  facet normal 4.06617391e-01 4.06617391e-01 -8.18122603e-01
    outer loop
      vertex 1.47721163e-02 1.23952773e-02 -2.29813333e-02
      vertex 9.64181415e-03 1.14906666e-02 -2.59807621e-02
      vertex 1.23952773e-02 1.47721163e-02 -2.29813333e-02
    endloop
  endfacet
  facet normal 3.29831590e-01 4.71048328e-01 -8.18122603e-01
    outer loop
      vertex 1.23952773e-02 1.47721163e-02 -2.29813333e-02
      vertex 9.64181415e-03 1.14906666e-02 -2.59807621e-02
      vertex 7.50000000e-03 1.29903811e-02 -2.59807621e-02
    endloop
  endfacet
  facet normal 3.29831590e-01 4.71048328e-01 -8.18122603e-01
    outer loop
      vertex 1.23952773e-02 1.47721163e-02 -2.29813333e-02
      vertex 7.50000000e-03 1.29903811e-02 -2.59807621e-02
      vertex 9.64181415e-03 1.67001120e-02 -2.29813333e-02
    endloop
  endfacet
  facet normal 2.43024024e-01 5.21166701e-01 -8.18122603e-01
    outer loop
      vertex 9.64181415e-03 1.67001120e-02 -2.29813333e-02
      vertex 7.50000000e-03 1.29903811e-02 -2.59807621e-02
      vertex 5.13030215e-03 1.40953893e-02 -2.59807621e-02
    endloop
  endfacet
  facet normal 2.43024024e-01 5.21166701e-01 -8.18122603e-01
    outer loop
      vertex 9.64181415e-03 1.67001120e-02 -2.29813333e-02
      vertex 5.13030215e-03 1.40953893e-02 -2.59807621e-02
      vertex 6.59538931e-03 1.81206832e-02 -2.29813333e-02
    endloop
  endfacet
  facet normal 1.48832295e-01 5.55449686e-01 -8.18122603e-01
    outer loop
      vertex 6.59538931e-03 1.81206832e-02 -2.29813333e-02
      vertex 5.13030215e-03 1.40953893e-02 -2.59807621e-02
      vertex 2.60472267e-03 1.47721163e-02 -2.59807621e-02
    endloop
  endfacet
  facet normal 1.48832295e-01 5.55449686e-01 -8.18122603e-01
    outer loop
      vertex 6.59538931e-03 1.81206832e-02 -2.29813333e-02
      vertex 2.60472267e-03 1.47721163e-02 -2.59807621e-02
      vertex 3.34856691e-03 1.89906666e-02 -2.29813333e-02
    endloop
  endfacet
  facet normal 5.01183721e-02 5.72855614e-01 -8.18122603e-01
    outer loop
      vertex 3.34856691e-03 1.89906666e-02 -2.29813333e-02
      vertex 2.60472267e-03 1.47721163e-02 -2.59807621e-02
      vertex 9.18485099e-19 1.50000000e-02 -2.59807621e-02
    endloop
  endfacet
  facet normal 5.01183721e-02 5.72855614e-01 -8.18122603e-01
    outer loop
      vertex 3.34856691e-03 1.89906666e-02 -2.29813333e-02
      vertex 9.18485099e-19 1.50000000e-02 -2.59807621e-02
      vertex 1.18078168e-18 1.92836283e-02 -2.29813333e-02
    endloop
  endfacet
  facet normal -5.01183721e-02 5.72855614e-01 -8.18122603e-01
    outer loop
      vertex 1.18078168e-18 1.92836283e-02 -2.29813333e-02
      vertex 9.18485099e-19 1.50000000e-02 -2.59807621e-02
      vertex -2.60472267e-03 1.47721163e-02 -2.59807621e-02
    endloop
  endfacet
  facet normal -5.01183721e-02 5.72855614e-01 -8.18122603e-01
    outer loop
      vertex 1.18078168e-18 1.92836283e-02 -2.29813333e-02
      vertex -2.60472267e-03 1.47721163e-02 -2.59807621e-02
      vertex -3.34856691e-03 1.89906666e-02 -2.29813333e-02
    endloop
  endfacet
  facet normal -1.48832295e-01 5.55449686e-01 -8.18122603e-01
    outer loop
      vertex -3.34856691e-03 1.89906666e-02 -2.29813333e-02
      vertex -2.60472267e-03 1.47721163e-02 -2.59807621e-02
      vertex -5.13030215e-03 1.40953893e-02 -2.59807621e-02
    endloop
  endfacet
  facet normal -1.48832295e-01 5.55449686e-01 -8.18122603e-01
    outer loop
      vertex -3.34856691e-03 1.89906666e-02 -2.29813333e-02
      vertex -5.13030215e-03 1.40953893e-02 -2.59807621e-02
      vertex -6.59538931e-03 1.81206832e-02 -2.29813333e-02
    endloop
  endfacet
  facet normal -2.43024024e-01 5.21166701e-01 -8.18122603e-01
    outer loop
      vertex -6.59538931e-03 1.81206832e-02 -2.29813333e-02
      vertex -5.13030215e-03 1.40953893e-02 -2.59807621e-02
      vertex -7.50000000e-03 1.29903811e-02 -2.59807621e-02
    endloop
  endfacet
  facet normal -2.43024024e-01 5.21166701e-01 -8.18122603e-01
    outer loop
      vertex -6.59538931e-03 1.81206832e-02 -2.29813333e-02
      vertex -7.50000000e-03 1.29903811e-02 -2.59807621e-02
      vertex -9.64181415e-03 1.67001120e-02 -2.29813333e-02
    endloop
  endfacet
  facet normal -3.29831590e-01 4.71048328e-01 -8.18122603e-01
    outer loop
      vertex -9.64181415e-03 1.67001120e-02 -2.29813333e-02
      vertex -7.50000000e-03 1.29903811e-02 -2.59807621e-02
      vertex -9.64181415e-03 1.14906666e-02 -2.59807621e-02
    endloop
  endfacet
  facet normal -3.29831590e-01 4.71048328e-01 -8.18122603e-01
    outer loop
      vertex -9.64181415e-03 1.67001120e-02 -2.29813333e-02
      vertex -9.64181415e-03 1.14906666e-02 -2.59807621e-02
      vertex -1.23952773e-02 1.47721163e-02 -2.29813333e-02
    endloop
  endfacet
  facet normal -4.06617391e-01 4.06617391e-01 -8.18122603e-01
    outer loop
      vertex -1.23952773e-02 1.47721163e-02 -2.29813333e-02
      vertex -9.64181415e-03 1.14906666e-02 -2.59807621e-02
      vertex -1.14906666e-02 9.64181415e-03 -2.59807621e-02
    endloop
  endfacet
  facet normal -4.06617391e-01 4.06617391e-01 -8.18122603e-01
    outer loop
      vertex -1.23952773e-02 1.47721163e-02 -2.29813333e-02
      vertex -1.14906666e-02 9.64181415e-03 -2.59807621e-02
      vertex -1.47721163e-02 1.23952773e-02 -2.29813333e-02
    endloop
  endfacet
  facet normal -4.71048328e-01 3.29831590e-01 -8.18122603e-01
    outer loop
      vertex -1.47721163e-02 1.23952773e-02 -2.29813333e-02
      vertex -1.14906666e-02 9.64181415e-03 -2.59807621e-02
      vertex -1.29903811e-02 7.50000000e-03 -2.59807621e-02
    endloop
  endfacet
  facet normal -4.71048328e-01 3.29831590e-01 -8.18122603e-01
    outer loop
      vertex -1.47721163e-02 1.23952773e-02 -2.29813333e-02
      vertex -1.29903811e-02 7.50000000e-03 -2.59807621e-02
      vertex -1.67001120e-02 9.64181415e-03 -2.29813333e-02
    endloop
  endfacet
  facet normal -5.21166701e-01 2.43024024e-01 -8.18122603e-01
    outer loop
      vertex -1.67001120e-02 9.64181415e-03 -2.29813333e-02
      vertex -1.29903811e-02 7.50000000e-03 -2.59807621e-02
      vertex -1.40953893e-02 5.13030215e-03 -2.59807621e-02
    endloop
  endfacet
  facet normal -5.21166701e-01 2.43024024e-01 -8.18122603e-01
    outer loop
      vertex -1.67001120e-02 9.64181415e-03 -2.29813333e-02
      vertex -1.40953893e-02 5.13030215e-03 -2.59807621e-02
      vertex -1.81206832e-02 6.59538931e-03 -2.29813333e-02
    endloop
  endfacet
  facet normal -5.55449686e-01 1.48832295e-01 -8.18122603e-01
    outer loop
      vertex -1.81206832e-02 6.59538931e-03 -2.29813333e-02
      vertex -1.40953893e-02 5.13030215e-03 -2.59807621e-02
      vertex -1.47721163e-02 2.60472267e-03 -2.59807621e-02
    endloop
  endfacet
  facet normal -5.55449686e-01 1.48832295e-01 -8.18122603e-01
    outer loop
      vertex -1.81206832e-02 6.59538931e-03 -2.29813333e-02
      vertex -1.47721163e-02 2.60472267e-03 -2.59807621e-02
      vertex -1.89906666e-02 3.34856691e-03 -2.29813333e-02
    endloop
  endfacet
  facet normal -5.72855614e-01 5.01183721e-02 -8.18122603e-01
    outer loop
      vertex -1.89906666e-02 3.34856691e-03 -2.29813333e-02
      vertex -1.47721163e-02 2.60472267e-03 -2.59807621e-02
      vertex -1.50000000e-02 1.83697020e-18 -2.59807621e-02
    endloop
  endfacet
  facet normal -5.72855614e-01 5.01183721e-02 -8.18122603e-01
    outer loop
      vertex -1.89906666e-02 3.34856691e-03 -2.29813333e-02
      vertex -1.50000000e-02 1.83697020e-18 -2.59807621e-02
      vertex -1.92836283e-02 2.36156337e-18 -2.29813333e-02
    endloop
  endfacet
  facet normal -5.72855614e-01 -5.01183721e-02 -8.18122603e-01
    outer loop
      vertex -1.92836283e-02 2.36156337e-18 -2.29813333e-02
      vertex -1.50000000e-02 1.83697020e-18 -2.59807621e-02
      vertex -1.47721163e-02 -2.60472267e-03 -2.59807621e-02
    endloop
  endfacet
  facet normal -5.72855614e-01 -5.01183721e-02 -8.18122603e-01
    outer loop
      vertex -1.92836283e-02 2.36156337e-18 -2.29813333e-02
      vertex -1.47721163e-02 -2.60472267e-03 -2.59807621e-02
      vertex -1.89906666e-02 -3.34856691e-03 -2.29813333e-02
    endloop
  endfacet
  facet normal -5.55449686e-01 -1.48832295e-01 -8.18122603e-01
    outer loop
      vertex -1.89906666e-02 -3.34856691e-03 -2.29813333e-02
      vertex -1.47721163e-02 -2.60472267e-03 -2.59807621e-02
      vertex -1.40953893e-02 -5.13030215e-03 -2.59807621e-02
    endloop
  endfacet
  facet normal -5.55449686e-01 -1.48832295e-01 -8.18122603e-01
    outer loop
      vertex -1.89906666e-02 -3.34856691e-03 -2.29813333e-02
      vertex -1.40953893e-02 -5.13030215e-03 -2.59807621e-02
      vertex -1.81206832e-02 -6.59538931e-03 -2.29813333e-02
    endloop
  endfacet
  facet normal -5.21166701e-01 -2.43024024e-01 -8.18122603e-01
    outer loop
      vertex -1.81206832e-02 -6.59538931e-03 -2.29813333e-02
      vertex -1.40953893e-02 -5.13030215e-03 -2.59807621e-02
      vertex -1.29903811e-02 -7.50000000e-03 -2.59807621e-02
    endloop
  endfacet
  facet normal -5.21166701e-01 -2.43024024e-01 -8.18122603e-01
    outer loop
      vertex -1.81206832e-02 -6.59538931e-03 -2.29813333e-02
      vertex -1.29903811e-02 -7.50000000e-03 -2.59807621e-02
      vertex -1.67001120e-02 -9.64181415e-03 -2.29813333e-02
    endloop
  endfacet
  facet normal -4.71048328e-01 -3.29831590e-01 -8.18122603e-01
    outer loop
      vertex -1.67001120e-02 -9.64181415e-03 -2.29813333e-02
      vertex -1.29903811e-02 -7.50000000e-03 -2.59807621e-02
      vertex -1.14906666e-02 -9.64181415e-03 -2.59807621e-02
    endloop
  endfacet
  facet normal -4.71048328e-01 -3.29831590e-01 -8.18122603e-01
    outer loop
      vertex -1.67001120e-02 -9.64181415e-03 -2.29813333e-02
      vertex -1.14906666e-02 -9.64181415e-03 -2.59807621e-02
      vertex -1.47721163e-02 -1.23952773e-02 -2.29813333e-02
    endloop
  endfacet
  facet normal -4.06617391e-01 -4.06617391e-01 -8.18122603e-01
    outer loop
      vertex -1.47721163e-02 -1.23952773e-02 -2.29813333e-02
      vertex -1.14906666e-02 -9.64181415e-03 -2.59807621e-02
      vertex -9.64181415e-03 -1.14906666e-02 -2.59807621e-02
    endloop
  endfacet
  facet normal -4.06617391e-01 -4.06617391e-01 -8.18122603e-01
    outer loop
      vertex -1.47721163e-02 -1.23952773e-02 -2.29813333e-02
      vertex -9.64181415e-03 -1.14906666e-02 -2.59807621e-02
      vertex -1.23952773e-02 -1.47721163e-02 -2.29813333e-02
    endloop
  endfacet
  facet normal -3.29831590e-01 -4.71048328e-01 -8.18122603e-01
    outer loop
      vertex -1.23952773e-02 -1.47721163e-02 -2.29813333e-02
      vertex -9.64181415e-03 -1.14906666e-02 -2.59807621e-02
      vertex -7.50000000e-03 -1.29903811e-02 -2.59807621e-02
    endloop
  endfacet
  facet normal -3.29831590e-01 -4.71048328e-01 -8.18122603e-01
    outer loop
      vertex -1.23952773e-02 -1.47721163e-02 -2.29813333e-02
      vertex -7.50000000e-03 -1.29903811e-02 -2.59807621e-02
      vertex -9.64181415e-03 -1.67001120e-02 -2.29813333e-02
    endloop
  endfacet
  facet normal -2.43024024e-01 -5.21166701e-01 -8.18122603e-01
    outer loop
      vertex -9.64181415e-03 -1.67001120e-02 -2.29813333e-02
      vertex -7.50000000e-03 -1.29903811e-02 -2.59807621e-02
      vertex -5.13030215e-03 -1.40953893e-02 -2.59807621e-02
    endloop
  endfacet
  facet normal -2.43024024e-01 -5.21166701e-01 -8.18122603e-01
    outer loop
      vertex -9.64181415e-03 -1.67001120e-02 -2.29813333e-02
      vertex -5.13030215e-03 -1.40953893e-02 -2.59807621e-02
      vertex -6.59538931e-03 -1.81206832e-02 -2.29813333e-02
    endloop
  endfacet
  facet normal -1.48832295e-01 -5.55449686e-01 -8.18122603e-01
    outer loop
      vertex -6.59538931e-03 -1.81206832e-02 -2.29813333e-02
      vertex -5.13030215e-03 -1.40953893e-02 -2.59807621e-02
      vertex -2.60472267e-03 -1.47721163e-02 -2.59807621e-02
    endloop
  endfacet
  facet normal -1.48832295e-01 -5.55449686e-01 -8.18122603e-01
    outer loop
      vertex -6.59538931e-03 -1.81206832e-02 -2.29813333e-02
      vertex -2.60472267e-03 -1.47721163e-02 -2.59807621e-02
      vertex -3.34856691e-03 -1.89906666e-02 -2.29813333e-02
    endloop
  endfacet
  facet normal -5.01183721e-02 -5.72855614e-01 -8.18122603e-01
    outer loop
      vertex -3.34856691e-03 -1.89906666e-02 -2.29813333e-02
      vertex -2.60472267e-03 -1.47721163e-02 -2.59807621e-02
      vertex -2.75545530e-18 -1.50000000e-02 -2.59807621e-02
    endloop
  endfacet
  facet normal -5.01183721e-02 -5.72855614e-01 -8.18122603e-01
    outer loop
      vertex -3.34856691e-03 -1.89906666e-02 -2.29813333e-02
      vertex -2.75545530e-18 -1.50000000e-02 -2.59807621e-02
      vertex -3.54234505e-18 -1.92836283e-02 -2.29813333e-02
    endloop
  endfacet
  facet normal 5.01183721e-02 -5.72855614e-01 -8.18122603e-01
    outer loop
      vertex -3.54234505e-18 -1.92836283e-02 -2.29813333e-02
      vertex -2.75545530e-18 -1.50000000e-02 -2.59807621e-02
      vertex 2.60472267e-03 -1.47721163e-02 -2.59807621e-02
    endloop
  endfacet
  facet normal 5.01183721e-02 -5.72855614e-01 -8.18122603e-01
    outer loop
      vertex -3.54234505e-18 -1.92836283e-02 -2.29813333e-02
      vertex 2.60472267e-03 -1.47721163e-02 -2.59807621e-02
      vertex 3.34856691e-03 -1.89906666e-02 -2.29813333e-02
    endloop
  endfacet
  facet normal 1.48832295e-01 -5.55449686e-01 -8.18122603e-01
    outer loop
      vertex 3.34856691e-03 -1.89906666e-02 -2.29813333e-02
      vertex 2.60472267e-03 -1.47721163e-02 -2.59807621e-02
      vertex 5.13030215e-03 -1.40953893e-02 -2.59807621e-02
    endloop
  endfacet
  facet normal 1.48832295e-01 -5.55449686e-01 -8.18122603e-01
    outer loop
      vertex 3.34856691e-03 -1.89906666e-02 -2.29813333e-02
      vertex 5.13030215e-03 -1.40953893e-02 -2.59807621e-02
      vertex 6.59538931e-03 -1.81206832e-02 -2.29813333e-02
    endloop
  endfacet
  facet normal 2.43024024e-01 -5.21166701e-01 -8.18122603e-01
    outer loop
      vertex 6.59538931e-03 -1.81206832e-02 -2.29813333e-02
      vertex 5.13030215e-03 -1.40953893e-02 -2.59807621e-02
      vertex 7.50000000e-03 -1.29903811e-02 -2.59807621e-02
    endloop
  endfacet
  facet normal 2.43024024e-01 -5.21166701e-01 -8.18122603e-01
    outer loop
      vertex 6.59538931e-03 -1.81206832e-02 -2.29813333e-02
      vertex 7.50000000e-03 -1.29903811e-02 -2.59807621e-02
      vertex 9.64181415e-03 -1.67001120e-02 -2.29813333e-02
    endloop
  endfacet
  facet normal 3.29831590e-01 -4.71048328e-01 -8.18122603e-01
    outer loop
      vertex 9.64181415e-03 -1.67001120e-02 -2.29813333e-02
      vertex 7.50000000e-03 -1.29903811e-02 -2.59807621e-02
      vertex 9.64181415e-03 -1.14906666e-02 -2.59807621e-02
    endloop
  endfacet
  facet normal 3.29831590e-01 -4.71048328e-01 -8.18122603e-01
    outer loop
      vertex 9.64181415e-03 -1.67001120e-02 -2.29813333e-02
      vertex 9.64181415e-03 -1.14906666e-02 -2.59807621e-02
      vertex 1.23952773e-02 -1.47721163e-02 -2.29813333e-02
    endloop
  endfacet
  facet normal 4.06617391e-01 -4.06617391e-01 -8.18122603e-01
    outer loop
      vertex 1.23952773e-02 -1.47721163e-02 -2.29813333e-02
      vertex 9.64181415e-03 -1.14906666e-02 -2.59807621e-02
      vertex 1.14906666e-02 -9.64181415e-03 -2.59807621e-02
    endloop
  endfacet
  facet normal 4.06617391e-01 -4.06617391e-01 -8.18122603e-01
    outer loop
      vertex 1.23952773e-02 -1.47721163e-02 -2.29813333e-02
      vertex 1.14906666e-02 -9.64181415e-03 -2.59807621e-02
      vertex 1.47721163e-02 -1.23952773e-02 -2.29813333e-02
    endloop
  endfacet
  facet normal 4.71048328e-01 -3.29831590e-01 -8.18122603e-01
    outer loop
      vertex 1.47721163e-02 -1.23952773e-02 -2.29813333e-02
      vertex 1.14906666e-02 -9.64181415e-03 -2.59807621e-02
      vertex 1.29903811e-02 -7.50000000e-03 -2.59807621e-02
    endloop
  endfacet
  facet normal 4.71048328e-01 -3.29831590e-01 -8.18122603e-01
    outer loop
      vertex 1.47721163e-02 -1.23952773e-02 -2.29813333e-02
      vertex 1.29903811e-02 -7.50000000e-03 -2.59807621e-02
      vertex 1.67001120e-02 -9.64181415e-03 -2.29813333e-02
    endloop
  endfacet
  facet normal 5.21166701e-01 -2.43024024e-01 -8.18122603e-01
    outer loop
      vertex 1.67001120e-02 -9.64181415e-03 -2.29813333e-02
      vertex 1.29903811e-02 -7.50000000e-03 -2.59807621e-02
      vertex 1.40953893e-02 -5.13030215e-03 -2.59807621e-02
    endloop
  endfacet
  facet normal 5.21166701e-01 -2.43024024e-01 -8.18122603e-01
    outer loop
      vertex 1.67001120e-02 -9.64181415e-03 -2.29813333e-02
      vertex 1.40953893e-02 -5.13030215e-03 -2.59807621e-02
      vertex 1.81206832e-02 -6.59538931e-03 -2.29813333e-02
    endloop
  endfacet
  facet normal 5.55449686e-01 -1.48832295e-01 -8.18122603e-01
    outer loop
      vertex 1.81206832e-02 -6.59538931e-03 -2.29813333e-02
      vertex 1.40953893e-02 -5.13030215e-03 -2.59807621e-02
      vertex 1.47721163e-02 -2.60472267e-03 -2.59807621e-02
    endloop
  endfacet
  facet normal 5.55449686e-01 -1.48832295e-01 -8.18122603e-01
    outer loop
      vertex 1.81206832e-02 -6.59538931e-03 -2.29813333e-02
      vertex 1.47721163e-02 -2.60472267e-03 -2.59807621e-02
      vertex 1.89906666e-02 -3.34856691e-03 -2.29813333e-02
    endloop
  endfacet
  facet normal 5.72855614e-01 -5.01183721e-02 -8.18122603e-01
    outer loop
      vertex 1.89906666e-02 -3.34856691e-03 -2.29813333e-02
      vertex 1.47721163e-02 -2.60472267e-03 -2.59807621e-02
      vertex 1.50000000e-02 0.00000000e+00 -2.59807621e-02
    endloop
  endfacet
  facet normal 5.72855614e-01 -5.01183721e-02 -8.18122603e-01
    outer loop
      vertex 1.89906666e-02 -3.34856691e-03 -2.29813333e-02
      vertex 1.50000000e-02 0.00000000e+00 -2.59807621e-02
      vertex 1.92836283e-02 0.00000000e+00 -2.29813333e-02
    endloop
  endfacet
  facet normal 4.22329677e-01 3.69490590e-02 -9.05688915e-01
    outer loop
      vertex 1.50000000e-02 0.00000000e+00 -2.59807621e-02
      vertex 1.02606043e-02 0.00000000e+00 -2.81907786e-02
      vertex 1.01047227e-02 1.78173524e-03 -2.81907786e-02
    endloop
  endfacet
  facet normal 4.22329677e-01 3.69490590e-02 -9.05688915e-01
    outer loop
      vertex 1.50000000e-02 0.00000000e+00 -2.59807621e-02
      vertex 1.01047227e-02 1.78173524e-03 -2.81907786e-02
      vertex 1.47721163e-02 2.60472267e-03 -2.59807621e-02
    endloop
  endfacet
  facet normal 4.09497403e-01 1.09724499e-01 -9.05688915e-01
    outer loop
      vertex 1.47721163e-02 2.60472267e-03 -2.59807621e-02
      vertex 1.01047227e-02 1.78173524e-03 -2.81907786e-02
      vertex 9.64181415e-03 3.50933335e-03 -2.81907786e-02
    endloop
  endfacet
  facet normal 4.09497403e-01 1.09724499e-01 -9.05688915e-01
    outer loop
      vertex 1.47721163e-02 2.60472267e-03 -2.59807621e-02
      vertex 9.64181415e-03 3.50933335e-03 -2.81907786e-02
      vertex 1.40953893e-02 5.13030215e-03 -2.59807621e-02
    endloop
  endfacet
  facet normal 3.84222759e-01 1.79166015e-01 -9.05688915e-01
    outer loop
      vertex 1.40953893e-02 5.13030215e-03 -2.59807621e-02
      vertex 9.64181415e-03 3.50933335e-03 -2.81907786e-02
      vertex 8.88594398e-03 5.13030215e-03 -2.81907786e-02
    endloop
  endfacet
  facet normal 3.84222759e-01 1.79166015e-01 -9.05688915e-01
    outer loop
      vertex 1.40953893e-02 5.13030215e-03 -2.59807621e-02
      vertex 8.88594398e-03 5.13030215e-03 -2.81907786e-02
      vertex 1.29903811e-02 7.50000000e-03 -2.59807621e-02
    endloop
  endfacet
  facet normal 3.47273700e-01 2.43163662e-01 -9.05688915e-01
    outer loop
      vertex 1.29903811e-02 7.50000000e-03 -2.59807621e-02
      vertex 8.88594398e-03 5.13030215e-03 -2.81907786e-02
      vertex 7.86007891e-03 6.59538931e-03 -2.81907786e-02
    endloop
  endfacet
  facet normal 3.47273700e-01 2.43163662e-01 -9.05688915e-01
    outer loop
      vertex 1.29903811e-02 7.50000000e-03 -2.59807621e-02
      vertex 7.86007891e-03 6.59538931e-03 -2.81907786e-02
      vertex 1.14906666e-02 9.64181415e-03 -2.59807621e-02
    endloop
  endfacet
  facet normal 2.99772905e-01 2.99772905e-01 -9.05688915e-01
    outer loop
      vertex 1.14906666e-02 9.64181415e-03 -2.59807621e-02
      vertex 7.86007891e-03 6.59538931e-03 -2.81907786e-02
      vertex 6.59538931e-03 7.86007891e-03 -2.81907786e-02
    endloop
  endfacet
  facet normal 2.99772905e-01 2.99772905e-01 -9.05688915e-01
    outer loop
      vertex 1.14906666e-02 9.64181415e-03 -2.59807621e-02
      vertex 6.59538931e-03 7.86007891e-03 -2.81907786e-02
      vertex 9.64181415e-03 1.14906666e-02 -2.59807621e-02
    endloop
  endfacet
  facet normal 2.43163662e-01 3.47273700e-01 -9.05688915e-01
    outer loop
      vertex 9.64181415e-03 1.14906666e-02 -2.59807621e-02
      vertex 6.59538931e-03 7.86007891e-03 -2.81907786e-02
      vertex 5.13030215e-03 8.88594398e-03 -2.81907786e-02
    endloop
  endfacet
  facet normal 2.43163662e-01 3.47273700e-01 -9.05688915e-01
    outer loop
      vertex 9.64181415e-03 1.14906666e-02 -2.59807621e-02
      vertex 5.13030215e-03 8.88594398e-03 -2.81907786e-02
      vertex 7.50000000e-03 1.29903811e-02 -2.59807621e-02
    endloop
  endfacet
  facet normal 1.79166015e-01 3.84222759e-01 -9.05688915e-01
    outer loop
      vertex 7.50000000e-03 1.29903811e-02 -2.59807621e-02
      vertex 5.13030215e-03 8.88594398e-03 -2.81907786e-02
      vertex 3.50933335e-03 9.64181415e-03 -2.81907786e-02
    endloop
  endfacet
  facet normal 1.79166015e-01 3.84222759e-01 -9.05688915e-01
    outer loop
      vertex 7.50000000e-03 1.29903811e-02 -2.59807621e-02
      vertex 3.50933335e-03 9.64181415e-03 -2.81907786e-02
      vertex 5.13030215e-03 1.40953893e-02 -2.59807621e-02
    endloop
  endfacet
  facet normal 1.09724499e-01 4.09497403e-01 -9.05688915e-01
    outer loop
      vertex 5.13030215e-03 1.40953893e-02 -2.59807621e-02
      vertex 3.50933335e-03 9.64181415e-03 -2.81907786e-02
      vertex 1.78173524e-03 1.01047227e-02 -2.81907786e-02
    endloop
  endfacet
  facet normal 1.09724499e-01 4.09497403e-01 -9.05688915e-01
    outer loop
      vertex 5.13030215e-03 1.40953893e-02 -2.59807621e-02
      vertex 1.78173524e-03 1.01047227e-02 -2.81907786e-02
      vertex 2.60472267e-03 1.47721163e-02 -2.59807621e-02
    endloop
  endfacet
  facet normal 3.69490590e-02 4.22329677e-01 -9.05688915e-01
    outer loop
      vertex 2.60472267e-03 1.47721163e-02 -2.59807621e-02
      vertex 1.78173524e-03 1.01047227e-02 -2.81907786e-02
      vertex 6.28280811e-19 1.02606043e-02 -2.81907786e-02
    endloop
  endfacet
  facet normal 3.69490590e-02 4.22329677e-01 -9.05688915e-01
    outer loop
      vertex 2.60472267e-03 1.47721163e-02 -2.59807621e-02
      vertex 6.28280811e-19 1.02606043e-02 -2.81907786e-02
      vertex 9.18485099e-19 1.50000000e-02 -2.59807621e-02
    endloop
  endfacet
  facet normal -3.69490590e-02 4.22329677e-01 -9.05688915e-01
    outer loop
      vertex 9.18485099e-19 1.50000000e-02 -2.59807621e-02
      vertex 6.28280811e-19 1.02606043e-02 -2.81907786e-02
      vertex -1.78173524e-03 1.01047227e-02 -2.81907786e-02
    endloop
  endfacet
  facet normal -3.69490590e-02 4.22329677e-01 -9.05688915e-01
    outer loop
      vertex 9.18485099e-19 1.50000000e-02 -2.59807621e-02
      vertex -1.78173524e-03 1.01047227e-02 -2.81907786e-02
      vertex -2.60472267e-03 1.47721163e-02 -2.59807621e-02
    endloop
  endfacet
  facet normal -1.09724499e-01 4.09497403e-01 -9.05688915e-01
    outer loop
      vertex -2.60472267e-03 1.47721163e-02 -2.59807621e-02
      vertex -1.78173524e-03 1.01047227e-02 -2.81907786e-02
      vertex -3.50933335e-03 9.64181415e-03 -2.81907786e-02
    endloop
  endfacet
  facet normal -1.09724499e-01 4.09497403e-01 -9.05688915e-01
    outer loop
      vertex -2.60472267e-03 1.47721163e-02 -2.59807621e-02
      vertex -3.50933335e-03 9.64181415e-03 -2.81907786e-02
      vertex -5.13030215e-03 1.40953893e-02 -2.59807621e-02
    endloop
  endfacet
  facet normal -1.79166015e-01 3.84222759e-01 -9.05688915e-01
    outer loop
      vertex -5.13030215e-03 1.40953893e-02 -2.59807621e-02
      vertex -3.50933335e-03 9.64181415e-03 -2.81907786e-02
      vertex -5.13030215e-03 8.88594398e-03 -2.81907786e-02
    endloop
  endfacet
  facet normal -1.79166015e-01 3.84222759e-01 -9.05688915e-01
    outer loop
      vertex -5.13030215e-03 1.40953893e-02 -2.59807621e-02
      vertex -5.13030215e-03 8.88594398e-03 -2.81907786e-02
      vertex -7.50000000e-03 1.29903811e-02 -2.59807621e-02
    endloop
  endfacet
  facet normal -2.43163662e-01 3.47273700e-01 -9.05688915e-01
    outer loop
      vertex -7.50000000e-03 1.29903811e-02 -2.59807621e-02
      vertex -5.13030215e-03 8.88594398e-03 -2.81907786e-02
      vertex -6.59538931e-03 7.86007891e-03 -2.81907786e-02
    endloop
  endfacet
  facet normal -2.43163662e-01 3.47273700e-01 -9.05688915e-01
    outer loop
      vertex -7.50000000e-03 1.29903811e-02 -2.59807621e-02
      vertex -6.59538931e-03 7.86007891e-03 -2.81907786e-02
      vertex -9.64181415e-03 1.14906666e-02 -2.59807621e-02
    endloop
  endfacet
  facet normal -2.99772905e-01 2.99772905e-01 -9.05688915e-01
    outer loop
      vertex -9.64181415e-03 1.14906666e-02 -2.59807621e-02
      vertex -6.59538931e-03 7.86007891e-03 -2.81907786e-02
      vertex -7.86007891e-03 6.59538931e-03 -2.81907786e-02
    endloop
  endfacet
  facet normal -2.99772905e-01 2.99772905e-01 -9.05688915e-01
    outer loop
      vertex -9.64181415e-03 1.14906666e-02 -2.59807621e-02
      vertex -7.86007891e-03 6.59538931e-03 -2.81907786e-02
      vertex -1.14906666e-02 9.64181415e-03 -2.59807621e-02
    endloop
  endfacet
  facet normal -3.47273700e-01 2.43163662e-01 -9.05688915e-01
    outer loop
      vertex -1.14906666e-02 9.64181415e-03 -2.59807621e-02
      vertex -7.86007891e-03 6.59538931e-03 -2.81907786e-02
      vertex -8.88594398e-03 5.13030215e-03 -2.81907786e-02
    endloop
  endfacet
  facet normal -3.47273700e-01 2.43163662e-01 -9.05688915e-01
    outer loop
      vertex -1.14906666e-02 9.64181415e-03 -2.59807621e-02
      vertex -8.88594398e-03 5.13030215e-03 -2.81907786e-02
      vertex -1.29903811e-02 7.50000000e-03 -2.59807621e-02
    endloop
  endfacet
  facet normal -3.84222759e-01 1.79166015e-01 -9.05688915e-01
    outer loop
      vertex -1.29903811e-02 7.50000000e-03 -2.59807621e-02
      vertex -8.88594398e-03 5.13030215e-03 -2.81907786e-02
      vertex -9.64181415e-03 3.50933335e-03 -2.81907786e-02
    endloop
  endfacet
  facet normal -3.84222759e-01 1.79166015e-01 -9.05688915e-01
    outer loop
      vertex -1.29903811e-02 7.50000000e-03 -2.59807621e-02
      vertex -9.64181415e-03 3.50933335e-03 -2.81907786e-02
      vertex -1.40953893e-02 5.13030215e-03 -2.59807621e-02
    endloop
  endfacet
  facet normal -4.09497403e-01 1.09724499e-01 -9.05688915e-01
    outer loop
      vertex -1.40953893e-02 5.13030215e-03 -2.59807621e-02
      vertex -9.64181415e-03 3.50933335e-03 -2.81907786e-02
      vertex -1.01047227e-02 1.78173524e-03 -2.81907786e-02
    endloop
  endfacet
  facet normal -4.09497403e-01 1.09724499e-01 -9.05688915e-01
    outer loop
      vertex -1.40953893e-02 5.13030215e-03 -2.59807621e-02
      vertex -1.01047227e-02 1.78173524e-03 -2.81907786e-02
      vertex -1.47721163e-02 2.60472267e-03 -2.59807621e-02
    endloop
  endfacet
  facet normal -4.22329677e-01 3.69490590e-02 -9.05688915e-01
    outer loop
      vertex -1.47721163e-02 2.60472267e-03 -2.59807621e-02
      vertex -1.01047227e-02 1.78173524e-03 -2.81907786e-02
      vertex -1.02606043e-02 1.25656162e-18 -2.81907786e-02
    endloop
  endfacet
  facet normal -4.22329677e-01 3.69490590e-02 -9.05688915e-01
    outer loop
      vertex -1.47721163e-02 2.60472267e-03 -2.59807621e-02
      vertex -1.02606043e-02 1.25656162e-18 -2.81907786e-02
      vertex -1.50000000e-02 1.83697020e-18 -2.59807621e-02
    endloop
  endfacet
  facet normal -4.22329677e-01 -3.69490590e-02 -9.05688915e-01
    outer loop
      vertex -1.50000000e-02 1.83697020e-18 -2.59807621e-02
      vertex -1.02606043e-02 1.25656162e-18 -2.81907786e-02
      vertex -1.01047227e-02 -1.78173524e-03 -2.81907786e-02
    endloop
  endfacet
  facet normal -4.22329677e-01 -3.69490590e-02 -9.05688915e-01
    outer loop
      vertex -1.50000000e-02 1.83697020e-18 -2.59807621e-02
      vertex -1.01047227e-02 -1.78173524e-03 -2.81907786e-02
      vertex -1.47721163e-02 -2.60472267e-03 -2.59807621e-02
    endloop
  endfacet
  facet normal -4.09497403e-01 -1.09724499e-01 -9.05688915e-01
    outer loop
      vertex -1.47721163e-02 -2.60472267e-03 -2.59807621e-02
      vertex -1.01047227e-02 -1.78173524e-03 -2.81907786e-02
      vertex -9.64181415e-03 -3.50933335e-03 -2.81907786e-02
    endloop
  endfacet
  facet normal -4.09497403e-01 -1.09724499e-01 -9.05688915e-01
    outer loop
      vertex -1.47721163e-02 -2.60472267e-03 -2.59807621e-02
      vertex -9.64181415e-03 -3.50933335e-03 -2.81907786e-02
      vertex -1.40953893e-02 -5.13030215e-03 -2.59807621e-02
    endloop
  endfacet
  facet normal -3.84222759e-01 -1.79166015e-01 -9.05688915e-01
    outer loop
      vertex -1.40953893e-02 -5.13030215e-03 -2.59807621e-02
      vertex -9.64181415e-03 -3.50933335e-03 -2.81907786e-02
      vertex -8.88594398e-03 -5.13030215e-03 -2.81907786e-02
    endloop
  endfacet
  facet normal -3.84222759e-01 -1.79166015e-01 -9.05688915e-01
    outer loop
      vertex -1.40953893e-02 -5.13030215e-03 -2.59807621e-02
      vertex -8.88594398e-03 -5.13030215e-03 -2.81907786e-02
      vertex -1.29903811e-02 -7.50000000e-03 -2.59807621e-02
    endloop
  endfacet
  facet normal -3.47273700e-01 -2.43163662e-01 -9.05688915e-01
    outer loop
      vertex -1.29903811e-02 -7.50000000e-03 -2.59807621e-02
      vertex -8.88594398e-03 -5.13030215e-03 -2.81907786e-02
      vertex -7.86007891e-03 -6.59538931e-03 -2.81907786e-02
    endloop
  endfacet
  facet normal -3.47273700e-01 -2.43163662e-01 -9.05688915e-01
    outer loop
      vertex -1.29903811e-02 -7.50000000e-03 -2.59807621e-02
      vertex -7.86007891e-03 -6.59538931e-03 -2.81907786e-02
      vertex -1.14906666e-02 -9.64181415e-03 -2.59807621e-02
    endloop
  endfacet
  facet normal -2.99772905e-01 -2.99772905e-01 -9.05688915e-01
    outer loop
      vertex -1.14906666e-02 -9.64181415e-03 -2.59807621e-02
      vertex -7.86007891e-03 -6.59538931e-03 -2.81907786e-02
      vertex -6.59538931e-03 -7.86007891e-03 -2.81907786e-02
    endloop
  endfacet
  facet normal -2.99772905e-01 -2.99772905e-01 -9.05688915e-01
    outer loop
      vertex -1.14906666e-02 -9.64181415e-03 -2.59807621e-02
      vertex -6.59538931e-03 -7.86007891e-03 -2.81907786e-02
      vertex -9.64181415e-03 -1.14906666e-02 -2.59807621e-02
    endloop
  endfacet
  facet normal -2.43163662e-01 -3.47273700e-01 -9.05688915e-01
    outer loop
      vertex -9.64181415e-03 -1.14906666e-02 -2.59807621e-02
      vertex -6.59538931e-03 -7.86007891e-03 -2.81907786e-02
      vertex -5.13030215e-03 -8.88594398e-03 -2.81907786e-02
    endloop
  endfacet
  facet normal -2.43163662e-01 -3.47273700e-01 -9.05688915e-01
    outer loop
      vertex -9.64181415e-03 -1.14906666e-02 -2.59807621e-02
      vertex -5.13030215e-03 -8.88594398e-03 -2.81907786e-02
      vertex -7.50000000e-03 -1.29903811e-02 -2.59807621e-02
    endloop
  endfacet
  facet normal -1.79166015e-01 -3.84222759e-01 -9.05688915e-01
    outer loop
      vertex -7.50000000e-03 -1.29903811e-02 -2.59807621e-02
      vertex -5.13030215e-03 -8.88594398e-03 -2.81907786e-02
      vertex -3.50933335e-03 -9.64181415e-03 -2.81907786e-02
    endloop
  endfacet
  facet normal -1.79166015e-01 -3.84222759e-01 -9.05688915e-01
    outer loop
      vertex -7.50000000e-03 -1.29903811e-02 -2.59807621e-02
      vertex -3.50933335e-03 -9.64181415e-03 -2.81907786e-02
      vertex -5.13030215e-03 -1.40953893e-02 -2.59807621e-02
    endloop
  endfacet
  facet normal -1.09724499e-01 -4.09497403e-01 -9.05688915e-01
    outer loop
      vertex -5.13030215e-03 -1.40953893e-02 -2.59807621e-02
      vertex -3.50933335e-03 -9.64181415e-03 -2.81907786e-02
      vertex -1.78173524e-03 -1.01047227e-02 -2.81907786e-02
    endloop
  endfacet
  facet normal -1.09724499e-01 -4.09497403e-01 -9.05688915e-01
    outer loop
      vertex -5.13030215e-03 -1.40953893e-02 -2.59807621e-02
      vertex -1.78173524e-03 -1.01047227e-02 -2.81907786e-02
      vertex -2.60472267e-03 -1.47721163e-02 -2.59807621e-02
    endloop
  endfacet
  facet normal -3.69490590e-02 -4.22329677e-01 -9.05688915e-01
    outer loop
      vertex -2.60472267e-03 -1.47721163e-02 -2.59807621e-02
      vertex -1.78173524e-03 -1.01047227e-02 -2.81907786e-02
      vertex -1.88484243e-18 -1.02606043e-02 -2.81907786e-02
    endloop
  endfacet
  facet normal -3.69490590e-02 -4.22329677e-01 -9.05688915e-01
    outer loop
      vertex -2.60472267e-03 -1.47721163e-02 -2.59807621e-02
      vertex -1.88484243e-18 -1.02606043e-02 -2.81907786e-02
      vertex -2.75545530e-18 -1.50000000e-02 -2.59807621e-02
    endloop
  endfacet
  facet normal 3.69490590e-02 -4.22329677e-01 -9.05688915e-01
    outer loop
      vertex -2.75545530e-18 -1.50000000e-02 -2.59807621e-02
      vertex -1.88484243e-18 -1.02606043e-02 -2.81907786e-02
      vertex 1.78173524e-03 -1.01047227e-02 -2.81907786e-02
    endloop
  endfacet
  facet normal 3.69490590e-02 -4.22329677e-01 -9.05688915e-01
    outer loop
      vertex -2.75545530e-18 -1.50000000e-02 -2.59807621e-02
      vertex 1.78173524e-03 -1.01047227e-02 -2.81907786e-02
      vertex 2.60472267e-03 -1.47721163e-02 -2.59807621e-02
    endloop
  endfacet
  facet normal 1.09724499e-01 -4.09497403e-01 -9.05688915e-01
    outer loop
      vertex 2.60472267e-03 -1.47721163e-02 -2.59807621e-02
      vertex 1.78173524e-03 -1.01047227e-02 -2.81907786e-02
      vertex 3.50933335e-03 -9.64181415e-03 -2.81907786e-02
    endloop
  endfacet
  facet normal 1.09724499e-01 -4.09497403e-01 -9.05688915e-01
    outer loop
      vertex 2.60472267e-03 -1.47721163e-02 -2.59807621e-02
      vertex 3.50933335e-03 -9.64181415e-03 -2.81907786e-02
      vertex 5.13030215e-03 -1.40953893e-02 -2.59807621e-02
    endloop
  endfacet
  facet normal 1.79166015e-01 -3.84222759e-01 -9.05688915e-01
    outer loop
      vertex 5.13030215e-03 -1.40953893e-02 -2.59807621e-02
      vertex 3.50933335e-03 -9.64181415e-03 -2.81907786e-02
      vertex 5.13030215e-03 -8.88594398e-03 -2.81907786e-02
    endloop
  endfacet
  facet normal 1.79166015e-01 -3.84222759e-01 -9.05688915e-01
    outer loop
      vertex 5.13030215e-03 -1.40953893e-02 -2.59807621e-02
      vertex 5.13030215e-03 -8.88594398e-03 -2.81907786e-02
      vertex 7.50000000e-03 -1.29903811e-02 -2.59807621e-02
    endloop
  endfacet
  facet normal 2.43163662e-01 -3.47273700e-01 -9.05688915e-01
    outer loop
      vertex 7.50000000e-03 -1.29903811e-02 -2.59807621e-02
      vertex 5.13030215e-03 -8.88594398e-03 -2.81907786e-02
      vertex 6.59538931e-03 -7.86007891e-03 -2.81907786e-02
    endloop
  endfacet
  facet normal 2.43163662e-01 -3.47273700e-01 -9.05688915e-01
    outer loop
      vertex 7.50000000e-03 -1.29903811e-02 -2.59807621e-02
      vertex 6.59538931e-03 -7.86007891e-03 -2.81907786e-02
      vertex 9.64181415e-03 -1.14906666e-02 -2.59807621e-02
    endloop
  endfacet
  facet normal 2.99772905e-01 -2.99772905e-01 -9.05688915e-01
    outer loop
      vertex 9.64181415e-03 -1.14906666e-02 -2.59807621e-02
      vertex 6.59538931e-03 -7.86007891e-03 -2.81907786e-02
      vertex 7.86007891e-03 -6.59538931e-03 -2.81907786e-02
    endloop
  endfacet
  facet normal 2.99772905e-01 -2.99772905e-01 -9.05688915e-01
    outer loop
      vertex 9.64181415e-03 -1.14906666e-02 -2.59807621e-02
      vertex 7.86007891e-03 -6.59538931e-03 -2.81907786e-02
      vertex 1.14906666e-02 -9.64181415e-03 -2.59807621e-02
    endloop
  endfacet
  facet normal 3.47273700e-01 -2.43163662e-01 -9.05688915e-01
    outer loop
      vertex 1.14906666e-02 -9.64181415e-03 -2.59807621e-02
      vertex 7.86007891e-03 -6.59538931e-03 -2.81907786e-02
      vertex 8.88594398e-03 -5.13030215e-03 -2.81907786e-02
    endloop
  endfacet
  facet normal 3.47273700e-01 -2.43163662e-01 -9.05688915e-01
    outer loop
      vertex 1.14906666e-02 -9.64181415e-03 -2.59807621e-02
      vertex 8.88594398e-03 -5.13030215e-03 -2.81907786e-02
      vertex 1.29903811e-02 -7.50000000e-03 -2.59807621e-02
    endloop
  endfacet
  facet normal 3.84222759e-01 -1.79166015e-01 -9.05688915e-01
    outer loop
      vertex 1.29903811e-02 -7.50000000e-03 -2.59807621e-02
      vertex 8.88594398e-03 -5.13030215e-03 -2.81907786e-02
      vertex 9.64181415e-03 -3.50933335e-03 -2.81907786e-02
    endloop
  endfacet
  facet normal 3.84222759e-01 -1.79166015e-01 -9.05688915e-01
    outer loop
      vertex 1.29903811e-02 -7.50000000e-03 -2.59807621e-02
      vertex 9.64181415e-03 -3.50933335e-03 -2.81907786e-02
      vertex 1.40953893e-02 -5.13030215e-03 -2.59807621e-02
    endloop
  endfacet
  facet normal 4.09497403e-01 -1.09724499e-01 -9.05688915e-01
    outer loop
      vertex 1.40953893e-02 -5.13030215e-03 -2.59807621e-02
      vertex 9.64181415e-03 -3.50933335e-03 -2.81907786e-02
      vertex 1.01047227e-02 -1.78173524e-03 -2.81907786e-02
    endloop
  endfacet
  facet normal 4.09497403e-01 -1.09724499e-01 -9.05688915e-01
    outer loop
      vertex 1.40953893e-02 -5.13030215e-03 -2.59807621e-02
      vertex 1.01047227e-02 -1.78173524e-03 -2.81907786e-02
      vertex 1.47721163e-02 -2.60472267e-03 -2.59807621e-02
    endloop
  endfacet
  facet normal 4.22329677e-01 -3.69490590e-02 -9.05688915e-01
    outer loop
      vertex 1.47721163e-02 -2.60472267e-03 -2.59807621e-02
      vertex 1.01047227e-02 -1.78173524e-03 -2.81907786e-02
      vertex 1.02606043e-02 0.00000000e+00 -2.81907786e-02
    endloop
  endfacet
  facet normal 4.22329677e-01 -3.69490590e-02 -9.05688915e-01
    outer loop
      vertex 1.47721163e-02 -2.60472267e-03 -2.59807621e-02
      vertex 1.02606043e-02 0.00000000e+00 -2.81907786e-02
      vertex 1.50000000e-02 0.00000000e+00 -2.59807621e-02
    endloop
  endfacet
  facet normal 2.58752717e-01 2.26379294e-02 -9.65678288e-01
    outer loop
      vertex 1.02606043e-02 0.00000000e+00 -2.81907786e-02
      vertex 5.20944533e-03 0.00000000e+00 -2.95442326e-02
      vertex 5.13030215e-03 9.04610688e-04 -2.95442326e-02
    endloop
  endfacet
  facet normal 2.58752717e-01 2.26379294e-02 -9.65678288e-01
    outer loop
      vertex 1.02606043e-02 0.00000000e+00 -2.81907786e-02
      vertex 5.13030215e-03 9.04610688e-04 -2.95442326e-02
      vertex 1.01047227e-02 1.78173524e-03 -2.81907786e-02
    endloop
  endfacet
  facet normal 2.50890647e-01 6.72259462e-02 -9.65678288e-01
    outer loop
      vertex 1.01047227e-02 1.78173524e-03 -2.81907786e-02
      vertex 5.13030215e-03 9.04610688e-04 -2.95442326e-02
      vertex 4.89527733e-03 1.78173524e-03 -2.95442326e-02
    endloop
  endfacet
  facet normal 2.50890647e-01 6.72259462e-02 -9.65678288e-01
    outer loop
      vertex 1.01047227e-02 1.78173524e-03 -2.81907786e-02
      vertex 4.89527733e-03 1.78173524e-03 -2.95442326e-02
      vertex 9.64181415e-03 3.50933335e-03 -2.81907786e-02
    endloop
  endfacet
  facet normal 2.35405391e-01 1.09771337e-01 -9.65678288e-01
    outer loop
      vertex 9.64181415e-03 3.50933335e-03 -2.81907786e-02
      vertex 4.89527733e-03 1.78173524e-03 -2.95442326e-02
      vertex 4.51151200e-03 2.60472267e-03 -2.95442326e-02
    endloop
  endfacet
  facet normal 2.35405391e-01 1.09771337e-01 -9.65678288e-01
    outer loop
      vertex 9.64181415e-03 3.50933335e-03 -2.81907786e-02
      vertex 4.51151200e-03 2.60472267e-03 -2.95442326e-02
      vertex 8.88594398e-03 5.13030215e-03 -2.81907786e-02
    endloop
  endfacet
  facet normal 2.12767462e-01 1.48981381e-01 -9.65678288e-01
    outer loop
      vertex 8.88594398e-03 5.13030215e-03 -2.81907786e-02
      vertex 4.51151200e-03 2.60472267e-03 -2.95442326e-02
      vertex 3.99066665e-03 3.34856691e-03 -2.95442326e-02
    endloop
  endfacet
  facet normal 2.12767462e-01 1.48981381e-01 -9.65678288e-01
    outer loop
      vertex 8.88594398e-03 5.13030215e-03 -2.81907786e-02
      vertex 3.99066665e-03 3.34856691e-03 -2.95442326e-02
      vertex 7.86007891e-03 6.59538931e-03 -2.81907786e-02
    endloop
  endfacet
  facet normal 1.83664701e-01 1.83664701e-01 -9.65678288e-01
    outer loop
      vertex 7.86007891e-03 6.59538931e-03 -2.81907786e-02
      vertex 3.99066665e-03 3.34856691e-03 -2.95442326e-02
      vertex 3.34856691e-03 3.99066665e-03 -2.95442326e-02
    endloop
  endfacet
  facet normal 1.83664701e-01 1.83664701e-01 -9.65678288e-01
    outer loop
      vertex 7.86007891e-03 6.59538931e-03 -2.81907786e-02
      vertex 3.34856691e-03 3.99066665e-03 -2.95442326e-02
      vertex 6.59538931e-03 7.86007891e-03 -2.81907786e-02
    endloop
  endfacet
  facet normal 1.48981381e-01 2.12767462e-01 -9.65678288e-01
    outer loop
      vertex 6.59538931e-03 7.86007891e-03 -2.81907786e-02
      vertex 3.34856691e-03 3.99066665e-03 -2.95442326e-02
      vertex 2.60472267e-03 4.51151200e-03 -2.95442326e-02
    endloop
  endfacet
  facet normal 1.48981381e-01 2.12767462e-01 -9.65678288e-01
    outer loop
      vertex 6.59538931e-03 7.86007891e-03 -2.81907786e-02
      vertex 2.60472267e-03 4.51151200e-03 -2.95442326e-02
      vertex 5.13030215e-03 8.88594398e-03 -2.81907786e-02
    endloop
  endfacet
  facet normal 1.09771337e-01 2.35405391e-01 -9.65678288e-01
    outer loop
      vertex 5.13030215e-03 8.88594398e-03 -2.81907786e-02
      vertex 2.60472267e-03 4.51151200e-03 -2.95442326e-02
      vertex 1.78173524e-03 4.89527733e-03 -2.95442326e-02
    endloop
  endfacet
  facet normal 1.09771337e-01 2.35405391e-01 -9.65678288e-01
    outer loop
      vertex 5.13030215e-03 8.88594398e-03 -2.81907786e-02
      vertex 1.78173524e-03 4.89527733e-03 -2.95442326e-02
      vertex 3.50933335e-03 9.64181415e-03 -2.81907786e-02
    endloop
  endfacet
  facet normal 6.72259462e-02 2.50890647e-01 -9.65678288e-01
    outer loop
      vertex 3.50933335e-03 9.64181415e-03 -2.81907786e-02
      vertex 1.78173524e-03 4.89527733e-03 -2.95442326e-02
      vertex 9.04610688e-04 5.13030215e-03 -2.95442326e-02
    endloop
  endfacet
  facet normal 6.72259462e-02 2.50890647e-01 -9.65678288e-01
    outer loop
      vertex 3.50933335e-03 9.64181415e-03 -2.81907786e-02
      vertex 9.04610688e-04 5.13030215e-03 -2.95442326e-02
      vertex 1.78173524e-03 1.01047227e-02 -2.81907786e-02
    endloop
  endfacet
  facet normal 2.26379294e-02 2.58752717e-01 -9.65678288e-01
    outer loop
      vertex 1.78173524e-03 1.01047227e-02 -2.81907786e-02
      vertex 9.04610688e-04 5.13030215e-03 -2.95442326e-02
      vertex 3.18986527e-19 5.20944533e-03 -2.95442326e-02
    endloop
  endfacet
  facet normal 2.26379294e-02 2.58752717e-01 -9.65678288e-01
    outer loop
      vertex 1.78173524e-03 1.01047227e-02 -2.81907786e-02
      vertex 3.18986527e-19 5.20944533e-03 -2.95442326e-02
      vertex 6.28280811e-19 1.02606043e-02 -2.81907786e-02
    endloop
  endfacet
  facet normal -2.26379294e-02 2.58752717e-01 -9.65678288e-01
    outer loop
      vertex 6.28280811e-19 1.02606043e-02 -2.81907786e-02
      vertex 3.18986527e-19 5.20944533e-03 -2.95442326e-02
      vertex -9.04610688e-04 5.13030215e-03 -2.95442326e-02
    endloop
  endfacet
  facet normal -2.26379294e-02 2.58752717e-01 -9.65678288e-01
    outer loop
      vertex 6.28280811e-19 1.02606043e-02 -2.81907786e-02
      vertex -9.04610688e-04 5.13030215e-03 -2.95442326e-02
      vertex -1.78173524e-03 1.01047227e-02 -2.81907786e-02
    endloop
  endfacet
  facet normal -6.72259462e-02 2.50890647e-01 -9.65678288e-01
    outer loop
      vertex -1.78173524e-03 1.01047227e-02 -2.81907786e-02
      vertex -9.04610688e-04 5.13030215e-03 -2.95442326e-02
      vertex -1.78173524e-03 4.89527733e-03 -2.95442326e-02
    endloop
  endfacet
  facet normal -6.72259462e-02 2.50890647e-01 -9.65678288e-01
    outer loop
      vertex -1.78173524e-03 1.01047227e-02 -2.81907786e-02
      vertex -1.78173524e-03 4.89527733e-03 -2.95442326e-02
      vertex -3.50933335e-03 9.64181415e-03 -2.81907786e-02
    endloop
  endfacet
  facet normal -1.09771337e-01 2.35405391e-01 -9.65678288e-01
    outer loop
      vertex -3.50933335e-03 9.64181415e-03 -2.81907786e-02
      vertex -1.78173524e-03 4.89527733e-03 -2.95442326e-02
      vertex -2.60472267e-03 4.51151200e-03 -2.95442326e-02
    endloop
  endfacet
  facet normal -1.09771337e-01 2.35405391e-01 -9.65678288e-01
    outer loop
      vertex -3.50933335e-03 9.64181415e-03 -2.81907786e-02
      vertex -2.60472267e-03 4.51151200e-03 -2.95442326e-02
      vertex -5.13030215e-03 8.88594398e-03 -2.81907786e-02
    endloop
  endfacet
  facet normal -1.48981381e-01 2.12767462e-01 -9.65678288e-01
    outer loop
      vertex -5.13030215e-03 8.88594398e-03 -2.81907786e-02
      vertex -2.60472267e-03 4.51151200e-03 -2.95442326e-02
      vertex -3.34856691e-03 3.99066665e-03 -2.95442326e-02
    endloop
  endfacet
  facet normal -1.48981381e-01 2.12767462e-01 -9.65678288e-01
    outer loop
      vertex -5.13030215e-03 8.88594398e-03 -2.81907786e-02
      vertex -3.34856691e-03 3.99066665e-03 -2.95442326e-02
      vertex -6.59538931e-03 7.86007891e-03 -2.81907786e-02
    endloop
  endfacet
  facet normal -1.83664701e-01 1.83664701e-01 -9.65678288e-01
    outer loop
      vertex -6.59538931e-03 7.86007891e-03 -2.81907786e-02
      vertex -3.34856691e-03 3.99066665e-03 -2.95442326e-02
      vertex -3.99066665e-03 3.34856691e-03 -2.95442326e-02
    endloop
  endfacet
  facet normal -1.83664701e-01 1.83664701e-01 -9.65678288e-01
    outer loop
      vertex -6.59538931e-03 7.86007891e-03 -2.81907786e-02
      vertex -3.99066665e-03 3.34856691e-03 -2.95442326e-02
      vertex -7.86007891e-03 6.59538931e-03 -2.81907786e-02
    endloop
  endfacet
  facet normal -2.12767462e-01 1.48981381e-01 -9.65678288e-01
    outer loop
      vertex -7.86007891e-03 6.59538931e-03 -2.81907786e-02
      vertex -3.99066665e-03 3.34856691e-03 -2.95442326e-02
      vertex -4.51151200e-03 2.60472267e-03 -2.95442326e-02
    endloop
  endfacet
  facet normal -2.12767462e-01 1.48981381e-01 -9.65678288e-01
    outer loop
      vertex -7.86007891e-03 6.59538931e-03 -2.81907786e-02
      vertex -4.51151200e-03 2.60472267e-03 -2.95442326e-02
      vertex -8.88594398e-03 5.13030215e-03 -2.81907786e-02
    endloop
  endfacet
  facet normal -2.35405391e-01 1.09771337e-01 -9.65678288e-01
    outer loop
      vertex -8.88594398e-03 5.13030215e-03 -2.81907786e-02
      vertex -4.51151200e-03 2.60472267e-03 -2.95442326e-02
      vertex -4.89527733e-03 1.78173524e-03 -2.95442326e-02
    endloop
  endfacet
  facet normal -2.35405391e-01 1.09771337e-01 -9.65678288e-01
    outer loop
      vertex -8.88594398e-03 5.13030215e-03 -2.81907786e-02
      vertex -4.89527733e-03 1.78173524e-03 -2.95442326e-02
      vertex -9.64181415e-03 3.50933335e-03 -2.81907786e-02
    endloop
  endfacet
  facet normal -2.50890647e-01 6.72259462e-02 -9.65678288e-01
    outer loop
      vertex -9.64181415e-03 3.50933335e-03 -2.81907786e-02
      vertex -4.89527733e-03 1.78173524e-03 -2.95442326e-02
      vertex -5.13030215e-03 9.04610688e-04 -2.95442326e-02
    endloop
  endfacet
  facet normal -2.50890647e-01 6.72259462e-02 -9.65678288e-01
    outer loop
      vertex -9.64181415e-03 3.50933335e-03 -2.81907786e-02
      vertex -5.13030215e-03 9.04610688e-04 -2.95442326e-02
      vertex -1.01047227e-02 1.78173524e-03 -2.81907786e-02
    endloop
  endfacet
  facet normal -2.58752717e-01 2.26379294e-02 -9.65678288e-01
    outer loop
      vertex -1.01047227e-02 1.78173524e-03 -2.81907786e-02
      vertex -5.13030215e-03 9.04610688e-04 -2.95442326e-02
      vertex -5.20944533e-03 6.37973055e-19 -2.95442326e-02
    endloop
  endfacet
  facet normal -2.58752717e-01 2.26379294e-02 -9.65678288e-01
    outer loop
      vertex -1.01047227e-02 1.78173524e-03 -2.81907786e-02
      vertex -5.20944533e-03 6.37973055e-19 -2.95442326e-02
      vertex -1.02606043e-02 1.25656162e-18 -2.81907786e-02
    endloop
  endfacet
  facet normal -2.58752717e-01 -2.26379294e-02 -9.65678288e-01
    outer loop
      vertex -1.02606043e-02 1.25656162e-18 -2.81907786e-02
      vertex -5.20944533e-03 6.37973055e-19 -2.95442326e-02
      vertex -5.13030215e-03 -9.04610688e-04 -2.95442326e-02
    endloop
  endfacet
  facet normal -2.58752717e-01 -2.26379294e-02 -9.65678288e-01
    outer loop
      vertex -1.02606043e-02 1.25656162e-18 -2.81907786e-02
      vertex -5.13030215e-03 -9.04610688e-04 -2.95442326e-02
      vertex -1.01047227e-02 -1.78173524e-03 -2.81907786e-02
    endloop
  endfacet
  facet normal -2.50890647e-01 -6.72259462e-02 -9.65678288e-01
    outer loop
      vertex -1.01047227e-02 -1.78173524e-03 -2.81907786e-02
      vertex -5.13030215e-03 -9.04610688e-04 -2.95442326e-02
      vertex -4.89527733e-03 -1.78173524e-03 -2.95442326e-02
    endloop
  endfacet
  facet normal -2.50890647e-01 -6.72259462e-02 -9.65678288e-01
    outer loop
      vertex -1.01047227e-02 -1.78173524e-03 -2.81907786e-02
      vertex -4.89527733e-03 -1.78173524e-03 -2.95442326e-02
      vertex -9.64181415e-03 -3.50933335e-03 -2.81907786e-02
    endloop
  endfacet
  facet normal -2.35405391e-01 -1.09771337e-01 -9.65678288e-01
    outer loop
      vertex -9.64181415e-03 -3.50933335e-03 -2.81907786e-02
      vertex -4.89527733e-03 -1.78173524e-03 -2.95442326e-02
      vertex -4.51151200e-03 -2.60472267e-03 -2.95442326e-02
    endloop
  endfacet
  facet normal -2.35405391e-01 -1.09771337e-01 -9.65678288e-01
    outer loop
      vertex -9.64181415e-03 -3.50933335e-03 -2.81907786e-02
      vertex -4.51151200e-03 -2.60472267e-03 -2.95442326e-02
      vertex -8.88594398e-03 -5.13030215e-03 -2.81907786e-02
    endloop
  endfacet
  facet normal -2.12767462e-01 -1.48981381e-01 -9.65678288e-01
    outer loop
      vertex -8.88594398e-03 -5.13030215e-03 -2.81907786e-02
      vertex -4.51151200e-03 -2.60472267e-03 -2.95442326e-02
      vertex -3.99066665e-03 -3.34856691e-03 -2.95442326e-02
    endloop
  endfacet
  facet normal -2.12767462e-01 -1.48981381e-01 -9.65678288e-01
    outer loop
      vertex -8.88594398e-03 -5.13030215e-03 -2.81907786e-02
      vertex -3.99066665e-03 -3.34856691e-03 -2.95442326e-02
      vertex -7.86007891e-03 -6.59538931e-03 -2.81907786e-02
    endloop
  endfacet
  facet normal -1.83664701e-01 -1.83664701e-01 -9.65678288e-01
    outer loop
      vertex -7.86007891e-03 -6.59538931e-03 -2.81907786e-02
      vertex -3.99066665e-03 -3.34856691e-03 -2.95442326e-02
      vertex -3.34856691e-03 -3.99066665e-03 -2.95442326e-02
    endloop
  endfacet
  facet normal -1.83664701e-01 -1.83664701e-01 -9.65678288e-01
    outer loop
      vertex -7.86007891e-03 -6.59538931e-03 -2.81907786e-02
      vertex -3.34856691e-03 -3.99066665e-03 -2.95442326e-02
      vertex -6.59538931e-03 -7.86007891e-03 -2.81907786e-02
    endloop
  endfacet
  facet normal -1.48981381e-01 -2.12767462e-01 -9.65678288e-01
    outer loop
      vertex -6.59538931e-03 -7.86007891e-03 -2.81907786e-02
      vertex -3.34856691e-03 -3.99066665e-03 -2.95442326e-02
      vertex -2.60472267e-03 -4.51151200e-03 -2.95442326e-02
    endloop
  endfacet
  facet normal -1.48981381e-01 -2.12767462e-01 -9.65678288e-01
    outer loop
      vertex -6.59538931e-03 -7.86007891e-03 -2.81907786e-02
      vertex -2.60472267e-03 -4.51151200e-03 -2.95442326e-02
      vertex -5.13030215e-03 -8.88594398e-03 -2.81907786e-02
    endloop
  endfacet
  facet normal -1.09771337e-01 -2.35405391e-01 -9.65678288e-01
    outer loop
      vertex -5.13030215e-03 -8.88594398e-03 -2.81907786e-02
      vertex -2.60472267e-03 -4.51151200e-03 -2.95442326e-02
      vertex -1.78173524e-03 -4.89527733e-03 -2.95442326e-02
    endloop
  endfacet
  facet normal -1.09771337e-01 -2.35405391e-01 -9.65678288e-01
    outer loop
      vertex -5.13030215e-03 -8.88594398e-03 -2.81907786e-02
      vertex -1.78173524e-03 -4.89527733e-03 -2.95442326e-02
      vertex -3.50933335e-03 -9.64181415e-03 -2.81907786e-02
    endloop
  endfacet
  facet normal -6.72259462e-02 -2.50890647e-01 -9.65678288e-01
    outer loop
      vertex -3.50933335e-03 -9.64181415e-03 -2.81907786e-02
      vertex -1.78173524e-03 -4.89527733e-03 -2.95442326e-02
      vertex -9.04610688e-04 -5.13030215e-03 -2.95442326e-02
    endloop
  endfacet
  facet normal -6.72259462e-02 -2.50890647e-01 -9.65678288e-01
    outer loop
      vertex -3.50933335e-03 -9.64181415e-03 -2.81907786e-02
      vertex -9.04610688e-04 -5.13030215e-03 -2.95442326e-02
      vertex -1.78173524e-03 -1.01047227e-02 -2.81907786e-02
    endloop
  endfacet
  facet normal -2.26379294e-02 -2.58752717e-01 -9.65678288e-01
    outer loop
      vertex -1.78173524e-03 -1.01047227e-02 -2.81907786e-02
      vertex -9.04610688e-04 -5.13030215e-03 -2.95442326e-02
      vertex -9.56959582e-19 -5.20944533e-03 -2.95442326e-02
    endloop
  endfacet
  facet normal -2.26379294e-02 -2.58752717e-01 -9.65678288e-01
    outer loop
      vertex -1.78173524e-03 -1.01047227e-02 -2.81907786e-02
      vertex -9.56959582e-19 -5.20944533e-03 -2.95442326e-02
      vertex -1.88484243e-18 -1.02606043e-02 -2.81907786e-02
    endloop
  endfacet
  facet normal 2.26379294e-02 -2.58752717e-01 -9.65678288e-01
    outer loop
      vertex -1.88484243e-18 -1.02606043e-02 -2.81907786e-02
      vertex -9.56959582e-19 -5.20944533e-03 -2.95442326e-02
      vertex 9.04610688e-04 -5.13030215e-03 -2.95442326e-02
    endloop
  endfacet
  facet normal 2.26379294e-02 -2.58752717e-01 -9.65678288e-01
    outer loop
      vertex -1.88484243e-18 -1.02606043e-02 -2.81907786e-02
      vertex 9.04610688e-04 -5.13030215e-03 -2.95442326e-02
      vertex 1.78173524e-03 -1.01047227e-02 -2.81907786e-02
    endloop
  endfacet
  facet normal 6.72259462e-02 -2.50890647e-01 -9.65678288e-01
    outer loop
      vertex 1.78173524e-03 -1.01047227e-02 -2.81907786e-02
      vertex 9.04610688e-04 -5.13030215e-03 -2.95442326e-02
      vertex 1.78173524e-03 -4.89527733e-03 -2.95442326e-02
    endloop
  endfacet
  facet normal 6.72259462e-02 -2.50890647e-01 -9.65678288e-01
    outer loop
      vertex 1.78173524e-03 -1.01047227e-02 -2.81907786e-02
      vertex 1.78173524e-03 -4.89527733e-03 -2.95442326e-02
      vertex 3.50933335e-03 -9.64181415e-03 -2.81907786e-02
    endloop
  endfacet
  facet normal 1.09771337e-01 -2.35405391e-01 -9.65678288e-01
    outer loop
      vertex 3.50933335e-03 -9.64181415e-03 -2.81907786e-02
      vertex 1.78173524e-03 -4.89527733e-03 -2.95442326e-02
      vertex 2.60472267e-03 -4.51151200e-03 -2.95442326e-02
    endloop
  endfacet
  facet normal 1.09771337e-01 -2.35405391e-01 -9.65678288e-01
    outer loop
      vertex 3.50933335e-03 -9.64181415e-03 -2.81907786e-02
      vertex 2.60472267e-03 -4.51151200e-03 -2.95442326e-02
      vertex 5.13030215e-03 -8.88594398e-03 -2.81907786e-02
    endloop
  endfacet
  facet normal 1.48981381e-01 -2.12767462e-01 -9.65678288e-01
    outer loop
      vertex 5.13030215e-03 -8.88594398e-03 -2.81907786e-02
      vertex 2.60472267e-03 -4.51151200e-03 -2.95442326e-02
      vertex 3.34856691e-03 -3.99066665e-03 -2.95442326e-02
    endloop
  endfacet
  facet normal 1.48981381e-01 -2.12767462e-01 -9.65678288e-01
    outer loop
      vertex 5.13030215e-03 -8.88594398e-03 -2.81907786e-02
      vertex 3.34856691e-03 -3.99066665e-03 -2.95442326e-02
      vertex 6.59538931e-03 -7.86007891e-03 -2.81907786e-02
    endloop
  endfacet
  facet normal 1.83664701e-01 -1.83664701e-01 -9.65678288e-01
    outer loop
      vertex 6.59538931e-03 -7.86007891e-03 -2.81907786e-02
      vertex 3.34856691e-03 -3.99066665e-03 -2.95442326e-02
      vertex 3.99066665e-03 -3.34856691e-03 -2.95442326e-02
    endloop
  endfacet
  facet normal 1.83664701e-01 -1.83664701e-01 -9.65678288e-01
    outer loop
      vertex 6.59538931e-03 -7.86007891e-03 -2.81907786e-02
      vertex 3.99066665e-03 -3.34856691e-03 -2.95442326e-02
      vertex 7.86007891e-03 -6.59538931e-03 -2.81907786e-02
    endloop
  endfacet
  facet normal 2.12767462e-01 -1.48981381e-01 -9.65678288e-01
    outer loop
      vertex 7.86007891e-03 -6.59538931e-03 -2.81907786e-02
      vertex 3.99066665e-03 -3.34856691e-03 -2.95442326e-02
      vertex 4.51151200e-03 -2.60472267e-03 -2.95442326e-02
    endloop
  endfacet
  facet normal 2.12767462e-01 -1.48981381e-01 -9.65678288e-01
    outer loop
      vertex 7.86007891e-03 -6.59538931e-03 -2.81907786e-02
      vertex 4.51151200e-03 -2.60472267e-03 -2.95442326e-02
      vertex 8.88594398e-03 -5.13030215e-03 -2.81907786e-02
    endloop
  endfacet
  facet normal 2.35405391e-01 -1.09771337e-01 -9.65678288e-01
    outer loop
      vertex 8.88594398e-03 -5.13030215e-03 -2.81907786e-02
      vertex 4.51151200e-03 -2.60472267e-03 -2.95442326e-02
      vertex 4.89527733e-03 -1.78173524e-03 -2.95442326e-02
    endloop
  endfacet
  facet normal 2.35405391e-01 -1.09771337e-01 -9.65678288e-01
    outer loop
      vertex 8.88594398e-03 -5.13030215e-03 -2.81907786e-02
      vertex 4.89527733e-03 -1.78173524e-03 -2.95442326e-02
      vertex 9.64181415e-03 -3.50933335e-03 -2.81907786e-02
    endloop
  endfacet
  facet normal 2.50890647e-01 -6.72259462e-02 -9.65678288e-01
    outer loop
      vertex 9.64181415e-03 -3.50933335e-03 -2.81907786e-02
      vertex 4.89527733e-03 -1.78173524e-03 -2.95442326e-02
      vertex 5.13030215e-03 -9.04610688e-04 -2.95442326e-02
    endloop
  endfacet
  facet normal 2.50890647e-01 -6.72259462e-02 -9.65678288e-01
    outer loop
      vertex 9.64181415e-03 -3.50933335e-03 -2.81907786e-02
      vertex 5.13030215e-03 -9.04610688e-04 -2.95442326e-02
      vertex 1.01047227e-02 -1.78173524e-03 -2.81907786e-02
    endloop
  endfacet
  facet normal 2.58752717e-01 -2.26379294e-02 -9.65678288e-01
    outer loop
      vertex 1.01047227e-02 -1.78173524e-03 -2.81907786e-02
      vertex 5.13030215e-03 -9.04610688e-04 -2.95442326e-02
      vertex 5.20944533e-03 0.00000000e+00 -2.95442326e-02
    endloop
  endfacet
  facet normal 2.58752717e-01 -2.26379294e-02 -9.65678288e-01
    outer loop
      vertex 1.01047227e-02 -1.78173524e-03 -2.81907786e-02
      vertex 5.20944533e-03 0.00000000e+00 -2.95442326e-02
      vertex 1.02606043e-02 0.00000000e+00 -2.81907786e-02
    endloop
  endfacet
  facet normal 8.71532091e-02 7.62491779e-03 -9.96165739e-01
    outer loop
      vertex 5.20944533e-03 0.00000000e+00 -2.95442326e-02
      vertex 3.67394040e-18 0.00000000e+00 -3.00000000e-02
      vertex 5.13030215e-03 9.04610688e-04 -2.95442326e-02
    endloop
  endfacet
  facet normal 8.45051030e-02 2.26430741e-02 -9.96165739e-01
    outer loop
      vertex 5.13030215e-03 9.04610688e-04 -2.95442326e-02
      vertex 3.61812499e-18 6.37973055e-19 -3.00000000e-02
      vertex 4.89527733e-03 1.78173524e-03 -2.95442326e-02
    endloop
  endfacet
  facet normal 7.92893520e-02 3.69732321e-02 -9.96165739e-01
    outer loop
      vertex 4.89527733e-03 1.78173524e-03 -2.95442326e-02
      vertex 3.45237468e-18 1.25656162e-18 -3.00000000e-02
      vertex 4.51151200e-03 2.60472267e-03 -2.95442326e-02
    endloop
  endfacet
  facet normal 7.16644342e-02 5.01799771e-02 -9.96165739e-01
    outer loop
      vertex 4.51151200e-03 2.60472267e-03 -2.95442326e-02
      vertex 3.18172572e-18 1.83697020e-18 -3.00000000e-02
      vertex 3.99066665e-03 3.34856691e-03 -2.95442326e-02
    endloop
  endfacet
  facet normal 6.18620289e-02 6.18620289e-02 -9.96165739e-01
    outer loop
      vertex 3.99066665e-03 3.34856691e-03 -2.95442326e-02
      vertex 2.81440163e-18 2.36156337e-18 -3.00000000e-02
      vertex 3.34856691e-03 3.99066665e-03 -2.95442326e-02
    endloop
  endfacet
  facet normal 5.01799771e-02 7.16644342e-02 -9.96165739e-01
    outer loop
      vertex 3.34856691e-03 3.99066665e-03 -2.95442326e-02
      vertex 2.36156337e-18 2.81440163e-18 -3.00000000e-02
      vertex 2.60472267e-03 4.51151200e-03 -2.95442326e-02
    endloop
  endfacet
  facet normal 3.69732321e-02 7.92893520e-02 -9.96165739e-01
    outer loop
      vertex 2.60472267e-03 4.51151200e-03 -2.95442326e-02
      vertex 1.83697020e-18 3.18172572e-18 -3.00000000e-02
      vertex 1.78173524e-03 4.89527733e-03 -2.95442326e-02
    endloop
  endfacet
  facet normal 2.26430741e-02 8.45051030e-02 -9.96165739e-01
    outer loop
      vertex 1.78173524e-03 4.89527733e-03 -2.95442326e-02
      vertex 1.25656162e-18 3.45237468e-18 -3.00000000e-02
      vertex 9.04610688e-04 5.13030215e-03 -2.95442326e-02
    endloop
  endfacet
  facet normal 7.62491779e-03 8.71532091e-02 -9.96165739e-01
    outer loop
      vertex 9.04610688e-04 5.13030215e-03 -2.95442326e-02
      vertex 6.37973055e-19 3.61812499e-18 -3.00000000e-02
      vertex 3.18986527e-19 5.20944533e-03 -2.95442326e-02
    endloop
  endfacet
  facet normal -7.62491779e-03 8.71532091e-02 -9.96165739e-01
    outer loop
      vertex 3.18986527e-19 5.20944533e-03 -2.95442326e-02
      vertex 2.24963967e-34 3.67394040e-18 -3.00000000e-02
      vertex -9.04610688e-04 5.13030215e-03 -2.95442326e-02
    endloop
  endfacet
  facet normal -2.26430741e-02 8.45051030e-02 -9.96165739e-01
    outer loop
      vertex -9.04610688e-04 5.13030215e-03 -2.95442326e-02
      vertex -6.37973055e-19 3.61812499e-18 -3.00000000e-02
      vertex -1.78173524e-03 4.89527733e-03 -2.95442326e-02
    endloop
  endfacet
  facet normal -3.69732321e-02 7.92893520e-02 -9.96165739e-01
    outer loop
      vertex -1.78173524e-03 4.89527733e-03 -2.95442326e-02
      vertex -1.25656162e-18 3.45237468e-18 -3.00000000e-02
      vertex -2.60472267e-03 4.51151200e-03 -2.95442326e-02
    endloop
  endfacet
  facet normal -5.01799771e-02 7.16644342e-02 -9.96165739e-01
    outer loop
      vertex -2.60472267e-03 4.51151200e-03 -2.95442326e-02
      vertex -1.83697020e-18 3.18172572e-18 -3.00000000e-02
      vertex -3.34856691e-03 3.99066665e-03 -2.95442326e-02
    endloop
  endfacet
  facet normal -6.18620289e-02 6.18620289e-02 -9.96165739e-01
    outer loop
      vertex -3.34856691e-03 3.99066665e-03 -2.95442326e-02
      vertex -2.36156337e-18 2.81440163e-18 -3.00000000e-02
      vertex -3.99066665e-03 3.34856691e-03 -2.95442326e-02
    endloop
  endfacet
  facet normal -7.16644342e-02 5.01799771e-02 -9.96165739e-01
    outer loop
      vertex -3.99066665e-03 3.34856691e-03 -2.95442326e-02
      vertex -2.81440163e-18 2.36156337e-18 -3.00000000e-02
      vertex -4.51151200e-03 2.60472267e-03 -2.95442326e-02
    endloop
  endfacet
  facet normal -7.92893520e-02 3.69732321e-02 -9.96165739e-01
    outer loop
      vertex -4.51151200e-03 2.60472267e-03 -2.95442326e-02
      vertex -3.18172572e-18 1.83697020e-18 -3.00000000e-02
      vertex -4.89527733e-03 1.78173524e-03 -2.95442326e-02
    endloop
  endfacet
  facet normal -8.45051030e-02 2.26430741e-02 -9.96165739e-01
    outer loop
      vertex -4.89527733e-03 1.78173524e-03 -2.95442326e-02
      vertex -3.45237468e-18 1.25656162e-18 -3.00000000e-02
      vertex -5.13030215e-03 9.04610688e-04 -2.95442326e-02
    endloop
  endfacet
  facet normal -8.71532091e-02 7.62491779e-03 -9.96165739e-01
    outer loop
      vertex -5.13030215e-03 9.04610688e-04 -2.95442326e-02
      vertex -3.61812499e-18 6.37973055e-19 -3.00000000e-02
      vertex -5.20944533e-03 6.37973055e-19 -2.95442326e-02
    endloop
  endfacet
  facet normal -8.71532091e-02 -7.62491779e-03 -9.96165739e-01
    outer loop
      vertex -5.20944533e-03 6.37973055e-19 -2.95442326e-02
      vertex -3.67394040e-18 4.49927935e-34 -3.00000000e-02
      vertex -5.13030215e-03 -9.04610688e-04 -2.95442326e-02
    endloop
  endfacet
  facet normal -8.45051030e-02 -2.26430741e-02 -9.96165739e-01
    outer loop
      vertex -5.13030215e-03 -9.04610688e-04 -2.95442326e-02
      vertex -3.61812499e-18 -6.37973055e-19 -3.00000000e-02
      vertex -4.89527733e-03 -1.78173524e-03 -2.95442326e-02
    endloop
  endfacet
  facet normal -7.92893520e-02 -3.69732321e-02 -9.96165739e-01
    outer loop
      vertex -4.89527733e-03 -1.78173524e-03 -2.95442326e-02
      vertex -3.45237468e-18 -1.25656162e-18 -3.00000000e-02
      vertex -4.51151200e-03 -2.60472267e-03 -2.95442326e-02
    endloop
  endfacet
  facet normal -7.16644342e-02 -5.01799771e-02 -9.96165739e-01
    outer loop
      vertex -4.51151200e-03 -2.60472267e-03 -2.95442326e-02
      vertex -3.18172572e-18 -1.83697020e-18 -3.00000000e-02
      vertex -3.99066665e-03 -3.34856691e-03 -2.95442326e-02
    endloop
  endfacet
  facet normal -6.18620289e-02 -6.18620289e-02 -9.96165739e-01
    outer loop
      vertex -3.99066665e-03 -3.34856691e-03 -2.95442326e-02
      vertex -2.81440163e-18 -2.36156337e-18 -3.00000000e-02
      vertex -3.34856691e-03 -3.99066665e-03 -2.95442326e-02
    endloop
  endfacet
  facet normal -5.01799771e-02 -7.16644342e-02 -9.96165739e-01
    outer loop
      vertex -3.34856691e-03 -3.99066665e-03 -2.95442326e-02
      vertex -2.36156337e-18 -2.81440163e-18 -3.00000000e-02
      vertex -2.60472267e-03 -4.51151200e-03 -2.95442326e-02
    endloop
  endfacet
  facet normal -3.69732321e-02 -7.92893520e-02 -9.96165739e-01
    outer loop
      vertex -2.60472267e-03 -4.51151200e-03 -2.95442326e-02
      vertex -1.83697020e-18 -3.18172572e-18 -3.00000000e-02
      vertex -1.78173524e-03 -4.89527733e-03 -2.95442326e-02
    endloop
  endfacet
  facet normal -2.26430741e-02 -8.45051030e-02 -9.96165739e-01
    outer loop
      vertex -1.78173524e-03 -4.89527733e-03 -2.95442326e-02
      vertex -1.25656162e-18 -3.45237468e-18 -3.00000000e-02
      vertex -9.04610688e-04 -5.13030215e-03 -2.95442326e-02
    endloop
  endfacet
  facet normal -7.62491779e-03 -8.71532091e-02 -9.96165739e-01
    outer loop
      vertex -9.04610688e-04 -5.13030215e-03 -2.95442326e-02
      vertex -6.37973055e-19 -3.61812499e-18 -3.00000000e-02
      vertex -9.56959582e-19 -5.20944533e-03 -2.95442326e-02
    endloop
  endfacet
  facet normal 7.62491779e-03 -8.71532091e-02 -9.96165739e-01
    outer loop
      vertex -9.56959582e-19 -5.20944533e-03 -2.95442326e-02
      vertex -6.74891902e-34 -3.67394040e-18 -3.00000000e-02
      vertex 9.04610688e-04 -5.13030215e-03 -2.95442326e-02
    endloop
  endfacet
  facet normal 2.26430741e-02 -8.45051030e-02 -9.96165739e-01
    outer loop
      vertex 9.04610688e-04 -5.13030215e-03 -2.95442326e-02
      vertex 6.37973055e-19 -3.61812499e-18 -3.00000000e-02
      vertex 1.78173524e-03 -4.89527733e-03 -2.95442326e-02
    endloop
  endfacet
  facet normal 3.69732321e-02 -7.92893520e-02 -9.96165739e-01
    outer loop
      vertex 1.78173524e-03 -4.89527733e-03 -2.95442326e-02
      vertex 1.25656162e-18 -3.45237468e-18 -3.00000000e-02
      vertex 2.60472267e-03 -4.51151200e-03 -2.95442326e-02
    endloop
  endfacet
  facet normal 5.01799771e-02 -7.16644342e-02 -9.96165739e-01
    outer loop
      vertex 2.60472267e-03 -4.51151200e-03 -2.95442326e-02
      vertex 1.83697020e-18 -3.18172572e-18 -3.00000000e-02
      vertex 3.34856691e-03 -3.99066665e-03 -2.95442326e-02
    endloop
  endfacet
  facet normal 6.18620289e-02 -6.18620289e-02 -9.96165739e-01
    outer loop
      vertex 3.34856691e-03 -3.99066665e-03 -2.95442326e-02
      vertex 2.36156337e-18 -2.81440163e-18 -3.00000000e-02
      vertex 3.99066665e-03 -3.34856691e-03 -2.95442326e-02
    endloop
  endfacet
  facet normal 7.16644342e-02 -5.01799771e-02 -9.96165739e-01
    outer loop
      vertex 3.99066665e-03 -3.34856691e-03 -2.95442326e-02
      vertex 2.81440163e-18 -2.36156337e-18 -3.00000000e-02
      vertex 4.51151200e-03 -2.60472267e-03 -2.95442326e-02
    endloop
  endfacet
  facet normal 7.92893520e-02 -3.69732321e-02 -9.96165739e-01
    outer loop
      vertex 4.51151200e-03 -2.60472267e-03 -2.95442326e-02
      vertex 3.18172572e-18 -1.83697020e-18 -3.00000000e-02
      vertex 4.89527733e-03 -1.78173524e-03 -2.95442326e-02
    endloop
  endfacet
  facet normal 8.45051030e-02 -2.26430741e-02 -9.96165739e-01
    outer loop
      vertex 4.89527733e-03 -1.78173524e-03 -2.95442326e-02
      vertex 3.45237468e-18 -1.25656162e-18 -3.00000000e-02
      vertex 5.13030215e-03 -9.04610688e-04 -2.95442326e-02
    endloop
  endfacet
  facet normal 8.71532091e-02 -7.62491779e-03 -9.96165739e-01
    outer loop
      vertex 5.13030215e-03 -9.04610688e-04 -2.95442326e-02
      vertex 3.61812499e-18 -6.37973055e-19 -3.00000000e-02
      vertex 5.20944533e-03 0.00000000e+00 -2.95442326e-02
    endloop
  endfacet
endsolid rotatingSphere
